country,Year,Inflation_Rate
Afghanistan,1980-01-01,
Afghanistan,1981-01-01,
Afghanistan,1982-01-01,
Afghanistan,1983-01-01,
Afghanistan,1984-01-01,
Afghanistan,1985-01-01,
Afghanistan,1986-01-01,
Afghanistan,1987-01-01,
Afghanistan,1988-01-01,
Afghanistan,1989-01-01,
Afghanistan,1990-01-01,
Afghanistan,1991-01-01,
Afghanistan,1992-01-01,
Afghanistan,1993-01-01,
Afghanistan,1994-01-01,
Afghanistan,1995-01-01,
Afghanistan,1996-01-01,
Afghanistan,1997-01-01,
Afghanistan,1998-01-01,
Afghanistan,1999-01-01,
Afghanistan,2000-01-01,
Afghanistan,2001-01-01,
Afghanistan,2002-01-01,
Afghanistan,2003-01-01,
Afghanistan,2004-01-01,
Afghanistan,2005-01-01,12.6862687216715
Afghanistan,2006-01-01,6.78459655001655
Afghanistan,2007-01-01,8.68057078513405
Afghanistan,2008-01-01,26.4186641547443
Afghanistan,2009-01-01,-6.81116108898995
Afghanistan,2010-01-01,2.17853752389418
Afghanistan,2011-01-01,11.8041858089129
Afghanistan,2012-01-01,6.44121280934117
Afghanistan,2013-01-01,7.38577178397855
Afghanistan,2014-01-01,4.67399603536344
Afghanistan,2015-01-01,-0.661709164713741
Afghanistan,2016-01-01,4.38389195513914
Afghanistan,2017-01-01,4.97595150553832
Afghanistan,2018-01-01,0.626149149168846
Afghanistan,2019-01-01,2.30237251516833
Afghanistan,2020-01-01,5.60188791482224
Afghanistan,2021-01-01,5.13320340824962
Afghanistan,2022-01-01,13.7121023720064
Afghanistan,2023-01-01,-4.64470870797774
Afghanistan,2024-01-01,-6.60118564073725
Africa Eastern and Southern,1980-01-01,15.0665115372509
Africa Eastern and Southern,1981-01-01,14.4615910742106
Africa Eastern and Southern,1982-01-01,12.1399176954734
Africa Eastern and Southern,1983-01-01,11.5675243834069
Africa Eastern and Southern,1984-01-01,10.9838625715774
Africa Eastern and Southern,1985-01-01,13.0065664218827
Africa Eastern and Southern,1986-01-01,13.8919716455565
Africa Eastern and Southern,1987-01-01,12.5634432211069
Africa Eastern and Southern,1988-01-01,12.5222580655931
Africa Eastern and Southern,1989-01-01,12.5582020707012
Africa Eastern and Southern,1990-01-01,12.4579139789566
Africa Eastern and Southern,1991-01-01,17.6781002638523
Africa Eastern and Southern,1992-01-01,16.1676123963339
Africa Eastern and Southern,1993-01-01,13.1356607683724
Africa Eastern and Southern,1994-01-01,14.8528149833969
Africa Eastern and Southern,1995-01-01,12.2885912601426
Africa Eastern and Southern,1996-01-01,9.70658632526499
Africa Eastern and Southern,1997-01-01,10.2495987403066
Africa Eastern and Southern,1998-01-01,7.49525542305607
Africa Eastern and Southern,1999-01-01,7.81986477630862
Africa Eastern and Southern,2000-01-01,8.6014851485149
Africa Eastern and Southern,2001-01-01,5.84035398311557
Africa Eastern and Southern,2002-01-01,8.76375520313543
Africa Eastern and Southern,2003-01-01,7.44970014007366
Africa Eastern and Southern,2004-01-01,5.02342068616285
Africa Eastern and Southern,2005-01-01,8.55803802239778
Africa Eastern and Southern,2006-01-01,8.89816380214033
Africa Eastern and Southern,2007-01-01,8.45077480634999
Africa Eastern and Southern,2008-01-01,12.5666446595156
Africa Eastern and Southern,2009-01-01,8.95421802392949
Africa Eastern and Southern,2010-01-01,5.53753791645676
Africa Eastern and Southern,2011-01-01,8.97120640995788
Africa Eastern and Southern,2012-01-01,9.15870843167905
Africa Eastern and Southern,2013-01-01,5.74883133553454
Africa Eastern and Southern,2014-01-01,5.52581923392517
Africa Eastern and Southern,2015-01-01,5.09856164363687
Africa Eastern and Southern,2016-01-01,6.44687722255584
Africa Eastern and Southern,2017-01-01,6.22137528933118
Africa Eastern and Southern,2018-01-01,4.6898064677633
Africa Eastern and Southern,2019-01-01,4.10285075461156
Africa Eastern and Southern,2020-01-01,5.19162942092851
Africa Eastern and Southern,2021-01-01,6.82472709282067
Africa Eastern and Southern,2022-01-01,10.8834775726018
Africa Eastern and Southern,2023-01-01,7.39918558080627
Africa Eastern and Southern,2024-01-01,4.77085731915833
Africa Western and Central,1980-01-01,
Africa Western and Central,1981-01-01,8.79921083308777
Africa Western and Central,1982-01-01,12.0597652081336
Africa Western and Central,1983-01-01,10.6719367588934
Africa Western and Central,1984-01-01,11.2499999999997
Africa Western and Central,1985-01-01,7.3549257759783
Africa Western and Central,1986-01-01,5.95096499946618
Africa Western and Central,1987-01-01,0.248788555354745
Africa Western and Central,1988-01-01,2.52365930599391
Africa Western and Central,1989-01-01,0.869287022608283
Africa Western and Central,1990-01-01,1.05736139457209
Africa Western and Central,1991-01-01,1.74188785932668
Africa Western and Central,1992-01-01,-0.0629990064787034
Africa Western and Central,1993-01-01,0.553455723541917
Africa Western and Central,1994-01-01,31.8410168416385
Africa Western and Central,1995-01-01,10.5632886691814
Africa Western and Central,1996-01-01,4.91423972637201
Africa Western and Central,1997-01-01,3.99714170439302
Africa Western and Central,1998-01-01,4.47112543851099
Africa Western and Central,1999-01-01,0.372266170311928
Africa Western and Central,2000-01-01,2.53077516737996
Africa Western and Central,2001-01-01,4.36152914007256
Africa Western and Central,2002-01-01,3.18869330220589
Africa Western and Central,2003-01-01,1.76090410099628
Africa Western and Central,2004-01-01,0.694336305945757
Africa Western and Central,2005-01-01,5.63163351357613
Africa Western and Central,2006-01-01,4.41589984169561
Africa Western and Central,2007-01-01,3.60736767984596
Africa Western and Central,2008-01-01,8.45297623326755
Africa Western and Central,2009-01-01,3.2824403758932
Africa Western and Central,2010-01-01,1.78484420477113
Africa Western and Central,2011-01-01,4.01869907534491
Africa Western and Central,2012-01-01,4.57837463515948
Africa Western and Central,2013-01-01,2.43920076104126
Africa Western and Central,2014-01-01,1.76843582146223
Africa Western and Central,2015-01-01,2.13081738058791
Africa Western and Central,2016-01-01,1.48741550755546
Africa Western and Central,2017-01-01,1.72548602374731
Africa Western and Central,2018-01-01,1.78404994832044
Africa Western and Central,2019-01-01,1.98309228487232
Africa Western and Central,2020-01-01,2.49037783931949
Africa Western and Central,2021-01-01,3.74556782333009
Africa Western and Central,2022-01-01,7.94925144848567
Africa Western and Central,2023-01-01,5.22116801324002
Africa Western and Central,2024-01-01,3.60804426950566
Albania,1980-01-01,
Albania,1981-01-01,
Albania,1982-01-01,
Albania,1983-01-01,
Albania,1984-01-01,
Albania,1985-01-01,
Albania,1986-01-01,
Albania,1987-01-01,
Albania,1988-01-01,
Albania,1989-01-01,
Albania,1990-01-01,
Albania,1991-01-01,
Albania,1992-01-01,226.005421253525
Albania,1993-01-01,85.0047512387156
Albania,1994-01-01,22.5650526933695
Albania,1995-01-01,7.79321853789214
Albania,1996-01-01,12.7254778087102
Albania,1997-01-01,33.1802743753956
Albania,1998-01-01,20.6428588670596
Albania,1999-01-01,0.389437653561628
Albania,2000-01-01,0.0500181363468103
Albania,2001-01-01,3.10758827031435
Albania,2002-01-01,7.7705258343155
Albania,2003-01-01,0.484002611818502
Albania,2004-01-01,2.28001916938098
Albania,2005-01-01,2.36658195679795
Albania,2006-01-01,2.37072831904284
Albania,2007-01-01,2.93268248162317
Albania,2008-01-01,3.32087090389274
Albania,2009-01-01,2.26692209450826
Albania,2010-01-01,3.62710091517479
Albania,2011-01-01,3.42807130141501
Albania,2012-01-01,2.03159268395296
Albania,2013-01-01,1.93762080205223
Albania,2014-01-01,1.62586504402613
Albania,2015-01-01,1.89617402592356
Albania,2016-01-01,1.27543168367423
Albania,2017-01-01,1.98666133171194
Albania,2018-01-01,2.02805963071134
Albania,2019-01-01,1.41109078954242
Albania,2020-01-01,1.6208866171702
Albania,2021-01-01,2.04147163139544
Albania,2022-01-01,6.72520271530059
Albania,2023-01-01,4.75834555150038
Albania,2024-01-01,2.21587375089991
Algeria,1980-01-01,9.51782449754963
Algeria,1981-01-01,14.6548426360634
Algeria,1982-01-01,6.54250963007673
Algeria,1983-01-01,5.9671639303272
Algeria,1984-01-01,8.116397955171
Algeria,1985-01-01,10.4822870444467
Algeria,1986-01-01,12.3716091651298
Algeria,1987-01-01,7.44126091287247
Algeria,1988-01-01,5.91154496373488
Algeria,1989-01-01,9.30436125843165
Algeria,1990-01-01,16.6525343885432
Algeria,1991-01-01,25.8863869348513
Algeria,1992-01-01,31.6696619117149
Algeria,1993-01-01,20.5403261235826
Algeria,1994-01-01,29.0476561173071
Algeria,1995-01-01,29.7796264864998
Algeria,1996-01-01,18.6790758601749
Algeria,1997-01-01,5.73352275357186
Algeria,1998-01-01,4.95016163793114
Algeria,1999-01-01,2.64551113392798
Algeria,2000-01-01,0.339163189071768
Algeria,2001-01-01,4.22598834854673
Algeria,2002-01-01,1.4183019234505
Algeria,2003-01-01,4.268953958395
Algeria,2004-01-01,3.96180030257187
Algeria,2005-01-01,1.38244656662118
Algeria,2006-01-01,2.31149918514423
Algeria,2007-01-01,3.67899574741699
Algeria,2008-01-01,4.85859062814938
Algeria,2009-01-01,5.73706036145627
Algeria,2010-01-01,3.91106195534028
Algeria,2011-01-01,4.5242115050527
Algeria,2012-01-01,8.89145091062317
Algeria,2013-01-01,3.25423910998847
Algeria,2014-01-01,2.91692692067458
Algeria,2015-01-01,4.78444700693889
Algeria,2016-01-01,6.39769480268756
Algeria,2017-01-01,5.59111590961663
Algeria,2018-01-01,4.26999020467083
Algeria,2019-01-01,1.95176821052891
Algeria,2020-01-01,2.41513094083413
Algeria,2021-01-01,7.22606307415477
Algeria,2022-01-01,9.26551551551552
Algeria,2023-01-01,9.32217375928322
Algeria,2024-01-01,4.04611455313434
American Samoa,1980-01-01,
American Samoa,1981-01-01,
American Samoa,1982-01-01,
American Samoa,1983-01-01,
American Samoa,1984-01-01,
American Samoa,1985-01-01,
American Samoa,1986-01-01,
American Samoa,1987-01-01,
American Samoa,1988-01-01,
American Samoa,1989-01-01,
American Samoa,1990-01-01,
American Samoa,1991-01-01,
American Samoa,1992-01-01,
American Samoa,1993-01-01,
American Samoa,1994-01-01,
American Samoa,1995-01-01,
American Samoa,1996-01-01,
American Samoa,1997-01-01,
American Samoa,1998-01-01,
American Samoa,1999-01-01,
American Samoa,2000-01-01,
American Samoa,2001-01-01,
American Samoa,2002-01-01,
American Samoa,2003-01-01,
American Samoa,2004-01-01,
American Samoa,2005-01-01,
American Samoa,2006-01-01,
American Samoa,2007-01-01,
American Samoa,2008-01-01,
American Samoa,2009-01-01,
American Samoa,2010-01-01,
American Samoa,2011-01-01,
American Samoa,2012-01-01,
American Samoa,2013-01-01,
American Samoa,2014-01-01,
American Samoa,2015-01-01,
American Samoa,2016-01-01,
American Samoa,2017-01-01,
American Samoa,2018-01-01,
American Samoa,2019-01-01,
American Samoa,2020-01-01,
American Samoa,2021-01-01,
American Samoa,2022-01-01,
American Samoa,2023-01-01,
American Samoa,2024-01-01,
Andorra,1980-01-01,
Andorra,1981-01-01,
Andorra,1982-01-01,
Andorra,1983-01-01,
Andorra,1984-01-01,
Andorra,1985-01-01,
Andorra,1986-01-01,
Andorra,1987-01-01,
Andorra,1988-01-01,
Andorra,1989-01-01,
Andorra,1990-01-01,
Andorra,1991-01-01,
Andorra,1992-01-01,
Andorra,1993-01-01,
Andorra,1994-01-01,
Andorra,1995-01-01,
Andorra,1996-01-01,
Andorra,1997-01-01,
Andorra,1998-01-01,
Andorra,1999-01-01,
Andorra,2000-01-01,
Andorra,2001-01-01,
Andorra,2002-01-01,
Andorra,2003-01-01,
Andorra,2004-01-01,
Andorra,2005-01-01,
Andorra,2006-01-01,
Andorra,2007-01-01,
Andorra,2008-01-01,
Andorra,2009-01-01,
Andorra,2010-01-01,
Andorra,2011-01-01,
Andorra,2012-01-01,
Andorra,2013-01-01,
Andorra,2014-01-01,
Andorra,2015-01-01,
Andorra,2016-01-01,
Andorra,2017-01-01,
Andorra,2018-01-01,
Andorra,2019-01-01,
Andorra,2020-01-01,
Andorra,2021-01-01,
Andorra,2022-01-01,
Andorra,2023-01-01,
Andorra,2024-01-01,
Angola,1980-01-01,
Angola,1981-01-01,
Angola,1982-01-01,
Angola,1983-01-01,
Angola,1984-01-01,
Angola,1985-01-01,
Angola,1986-01-01,
Angola,1987-01-01,
Angola,1988-01-01,
Angola,1989-01-01,
Angola,1990-01-01,
Angola,1991-01-01,83.7837837837837
Angola,1992-01-01,299.509803921568
Angola,1993-01-01,1378.52760736196
Angola,1994-01-01,949.792531120331
Angola,1995-01-01,2666.45059288537
Angola,1996-01-01,4145.10598220637
Angola,1997-01-01,219.176721172974
Angola,1998-01-01,107.284821528298
Angola,1999-01-01,248.195902412868
Angola,2000-01-01,324.99687160132
Angola,2001-01-01,152.561022469298
Angola,2002-01-01,108.897436089429
Angola,2003-01-01,98.2241436573304
Angola,2004-01-01,43.5421067519686
Angola,2005-01-01,22.9535138513939
Angola,2006-01-01,13.3052101780031
Angola,2007-01-01,12.2514974459486
Angola,2008-01-01,12.4758291326397
Angola,2009-01-01,13.7302839288408
Angola,2010-01-01,14.4696564932576
Angola,2011-01-01,13.4824679218511
Angola,2012-01-01,10.2779049218839
Angola,2013-01-01,8.77781429332623
Angola,2014-01-01,7.2803873036112
Angola,2015-01-01,9.35597215533783
Angola,2016-01-01,30.6944150806719
Angola,2017-01-01,29.8444799015679
Angola,2018-01-01,19.628937970152
Angola,2019-01-01,17.080954143438
Angola,2020-01-01,22.2715392470509
Angola,2021-01-01,25.754294884189
Angola,2022-01-01,21.3552901320822
Angola,2023-01-01,13.6441017767714
Angola,2024-01-01,28.2404948915772
Antigua and Barbuda,1980-01-01,
Antigua and Barbuda,1981-01-01,
Antigua and Barbuda,1982-01-01,
Antigua and Barbuda,1983-01-01,
Antigua and Barbuda,1984-01-01,
Antigua and Barbuda,1985-01-01,
Antigua and Barbuda,1986-01-01,
Antigua and Barbuda,1987-01-01,
Antigua and Barbuda,1988-01-01,
Antigua and Barbuda,1989-01-01,
Antigua and Barbuda,1990-01-01,
Antigua and Barbuda,1991-01-01,
Antigua and Barbuda,1992-01-01,
Antigua and Barbuda,1993-01-01,
Antigua and Barbuda,1994-01-01,
Antigua and Barbuda,1995-01-01,
Antigua and Barbuda,1996-01-01,
Antigua and Barbuda,1997-01-01,
Antigua and Barbuda,1998-01-01,
Antigua and Barbuda,1999-01-01,1.12128789571146
Antigua and Barbuda,2000-01-01,0.77177979690018
Antigua and Barbuda,2001-01-01,1.40279663573988
Antigua and Barbuda,2002-01-01,2.4076580129349
Antigua and Barbuda,2003-01-01,1.99353055152453
Antigua and Barbuda,2004-01-01,2.03007757853236
Antigua and Barbuda,2005-01-01,2.09875196709308
Antigua and Barbuda,2006-01-01,1.7877853741912
Antigua and Barbuda,2007-01-01,1.4160525940974
Antigua and Barbuda,2008-01-01,5.33380639820233
Antigua and Barbuda,2009-01-01,-0.550159995508913
Antigua and Barbuda,2010-01-01,3.37002540220147
Antigua and Barbuda,2011-01-01,3.4567496723461
Antigua and Barbuda,2012-01-01,3.37688044338874
Antigua and Barbuda,2013-01-01,1.05949782356169
Antigua and Barbuda,2014-01-01,1.08944157435355
Antigua and Barbuda,2015-01-01,0.968993458825638
Antigua and Barbuda,2016-01-01,-0.489437796230498
Antigua and Barbuda,2017-01-01,2.43248789041362
Antigua and Barbuda,2018-01-01,1.20715793367007
Antigua and Barbuda,2019-01-01,1.43135598182983
Antigua and Barbuda,2020-01-01,0.625989707046719
Antigua and Barbuda,2021-01-01,2.06299638545334
Antigua and Barbuda,2022-01-01,7.53107834634288
Antigua and Barbuda,2023-01-01,5.06713865364212
Antigua and Barbuda,2024-01-01,6.19886698842115
Arab World,1980-01-01,
Arab World,1981-01-01,
Arab World,1982-01-01,
Arab World,1983-01-01,
Arab World,1984-01-01,
Arab World,1985-01-01,
Arab World,1986-01-01,
Arab World,1987-01-01,
Arab World,1988-01-01,
Arab World,1989-01-01,
Arab World,1990-01-01,
Arab World,1991-01-01,
Arab World,1992-01-01,
Arab World,1993-01-01,
Arab World,1994-01-01,
Arab World,1995-01-01,
Arab World,1996-01-01,
Arab World,1997-01-01,
Arab World,1998-01-01,
Arab World,1999-01-01,
Arab World,2000-01-01,
Arab World,2001-01-01,
Arab World,2002-01-01,
Arab World,2003-01-01,
Arab World,2004-01-01,
Arab World,2005-01-01,
Arab World,2006-01-01,
Arab World,2007-01-01,
Arab World,2008-01-01,
Arab World,2009-01-01,
Arab World,2010-01-01,
Arab World,2011-01-01,
Arab World,2012-01-01,
Arab World,2013-01-01,
Arab World,2014-01-01,
Arab World,2015-01-01,
Arab World,2016-01-01,
Arab World,2017-01-01,
Arab World,2018-01-01,
Arab World,2019-01-01,
Arab World,2020-01-01,
Arab World,2021-01-01,
Arab World,2022-01-01,
Arab World,2023-01-01,
Arab World,2024-01-01,
Argentina,1980-01-01,
Argentina,1981-01-01,
Argentina,1982-01-01,
Argentina,1983-01-01,
Argentina,1984-01-01,
Argentina,1985-01-01,
Argentina,1986-01-01,
Argentina,1987-01-01,
Argentina,1988-01-01,
Argentina,1989-01-01,
Argentina,1990-01-01,
Argentina,1991-01-01,
Argentina,1992-01-01,
Argentina,1993-01-01,
Argentina,1994-01-01,
Argentina,1995-01-01,
Argentina,1996-01-01,
Argentina,1997-01-01,
Argentina,1998-01-01,
Argentina,1999-01-01,
Argentina,2000-01-01,
Argentina,2001-01-01,
Argentina,2002-01-01,
Argentina,2003-01-01,
Argentina,2004-01-01,
Argentina,2005-01-01,
Argentina,2006-01-01,
Argentina,2007-01-01,
Argentina,2008-01-01,
Argentina,2009-01-01,
Argentina,2010-01-01,
Argentina,2011-01-01,
Argentina,2012-01-01,
Argentina,2013-01-01,
Argentina,2014-01-01,
Argentina,2015-01-01,
Argentina,2016-01-01,
Argentina,2017-01-01,
Argentina,2018-01-01,34.2772237131003
Argentina,2019-01-01,53.5483043492339
Argentina,2020-01-01,42.0150947376509
Argentina,2021-01-01,48.4093786255199
Argentina,2022-01-01,72.430757531824
Argentina,2023-01-01,133.488935594175
Argentina,2024-01-01,219.883929014578
Armenia,1980-01-01,
Armenia,1981-01-01,
Armenia,1982-01-01,
Armenia,1983-01-01,
Armenia,1984-01-01,
Armenia,1985-01-01,
Armenia,1986-01-01,
Armenia,1987-01-01,
Armenia,1988-01-01,
Armenia,1989-01-01,
Armenia,1990-01-01,
Armenia,1991-01-01,
Armenia,1992-01-01,
Armenia,1993-01-01,
Armenia,1994-01-01,3373.75944336293
Armenia,1995-01-01,175.951325534583
Armenia,1996-01-01,18.681185640036
Armenia,1997-01-01,13.960764121791
Armenia,1998-01-01,8.67248632385157
Armenia,1999-01-01,0.648245760470385
Armenia,2000-01-01,-0.790883768934757
Armenia,2001-01-01,3.1459046468502
Armenia,2002-01-01,1.06004929341666
Armenia,2003-01-01,4.7215533660534
Armenia,2004-01-01,6.96126135875795
Armenia,2005-01-01,0.638928002410097
Armenia,2006-01-01,2.89235662459003
Armenia,2007-01-01,4.40736089644516
Armenia,2008-01-01,8.94995335353387
Armenia,2009-01-01,3.40676682683801
Armenia,2010-01-01,8.17636138473951
Armenia,2011-01-01,7.65000807859294
Armenia,2012-01-01,2.55802007757907
Armenia,2013-01-01,5.7896677854465
Armenia,2014-01-01,2.98130868933672
Armenia,2015-01-01,3.73169119261693
Armenia,2016-01-01,-1.40360755900899
Armenia,2017-01-01,0.969553268816137
Armenia,2018-01-01,2.52023382001637
Armenia,2019-01-01,1.44344660770698
Armenia,2020-01-01,1.21143577838464
Armenia,2021-01-01,7.1848362944337
Armenia,2022-01-01,8.64091108973854
Armenia,2023-01-01,1.98041877615553
Armenia,2024-01-01,0.269511978259125
Aruba,1980-01-01,
Aruba,1981-01-01,
Aruba,1982-01-01,
Aruba,1983-01-01,
Aruba,1984-01-01,
Aruba,1985-01-01,4.03225805628627
Aruba,1986-01-01,1.07396640826828
Aruba,1987-01-01,3.64304545817705
Aruba,1988-01-01,3.12186849610722
Aruba,1989-01-01,3.99162804604575
Aruba,1990-01-01,5.83668775158165
Aruba,1991-01-01,5.55555555555579
Aruba,1992-01-01,3.87337536996479
Aruba,1993-01-01,5.2155599603571
Aruba,1994-01-01,6.31107971270439
Aruba,1995-01-01,3.36139107320898
Aruba,1996-01-01,3.22528797213979
Aruba,1997-01-01,2.99994809778412
Aruba,1998-01-01,1.8694885361554
Aruba,1999-01-01,2.28037198258753
Aruba,2000-01-01,4.04402131190512
Aruba,2001-01-01,2.88360430316263
Aruba,2002-01-01,3.31524678585423
Aruba,2003-01-01,3.65636507938418
Aruba,2004-01-01,2.52912946932762
Aruba,2005-01-01,3.39778677828805
Aruba,2006-01-01,3.60802438784541
Aruba,2007-01-01,5.39256784475516
Aruba,2008-01-01,8.95598705177784
Aruba,2009-01-01,-2.13542872046937
Aruba,2010-01-01,2.07814071860786
Aruba,2011-01-01,4.31629742195203
Aruba,2012-01-01,0.627471992893372
Aruba,2013-01-01,-2.37206524252261
Aruba,2014-01-01,0.421440918881214
Aruba,2015-01-01,0.474763597342641
Aruba,2016-01-01,-0.93119598707956
Aruba,2017-01-01,-1.02828178762012
Aruba,2018-01-01,3.6260414135296
Aruba,2019-01-01,4.25746204335427
Aruba,2020-01-01,
Aruba,2021-01-01,
Aruba,2022-01-01,
Aruba,2023-01-01,
Aruba,2024-01-01,
Australia,1980-01-01,10.1358489396034
Australia,1981-01-01,9.48766136649872
Australia,1982-01-01,11.3518321308515
Australia,1983-01-01,10.0389003957519
Australia,1984-01-01,3.96040844503847
Australia,1985-01-01,6.73468599874501
Australia,1986-01-01,9.05035323321654
Australia,1987-01-01,8.53300355802082
Australia,1988-01-01,7.2159571679871
Australia,1989-01-01,7.53389852824955
Australia,1990-01-01,7.33302368375269
Australia,1991-01-01,3.17666872277308
Australia,1992-01-01,1.01222824105977
Australia,1993-01-01,1.75365751770527
Australia,1994-01-01,1.96963507094102
Australia,1995-01-01,4.62776445368168
Australia,1996-01-01,2.61537902431631
Australia,1997-01-01,0.224895027032537
Australia,1998-01-01,0.860129922016289
Australia,1999-01-01,1.48313946657267
Australia,2000-01-01,4.45743705920869
Australia,2001-01-01,4.40712998561533
Australia,2002-01-01,2.98157117047457
Australia,2003-01-01,2.73259754838937
Australia,2004-01-01,2.34325687131265
Australia,2005-01-01,2.69182949622197
Australia,2006-01-01,3.55528696972984
Australia,2007-01-01,2.32761442623159
Australia,2008-01-01,4.35029726664093
Australia,2009-01-01,1.77112025681656
Australia,2010-01-01,2.9183370211222
Australia,2011-01-01,3.30384784681081
Australia,2012-01-01,1.76278299052228
Australia,2013-01-01,2.44988248109259
Australia,2014-01-01,2.48792932080492
Australia,2015-01-01,1.50836803138463
Australia,2016-01-01,1.27699365720306
Australia,2017-01-01,1.94864309065653
Australia,2018-01-01,1.91140002818579
Australia,2019-01-01,1.610770929127
Australia,2020-01-01,0.846900734607273
Australia,2021-01-01,2.86391284709318
Australia,2022-01-01,6.59409658717841
Australia,2023-01-01,5.59701792296707
Australia,2024-01-01,3.16656665428797
Austria,1980-01-01,6.32832536226103
Austria,1981-01-01,6.80304177599254
Austria,1982-01-01,5.43603082512851
Austria,1983-01-01,3.33916453409535
Austria,1984-01-01,5.66318573909344
Austria,1985-01-01,3.18951681805194
Austria,1986-01-01,1.70544456731966
Austria,1987-01-01,1.40195271783983
Austria,1988-01-01,1.91571684671249
Austria,1989-01-01,2.56834829029371
Austria,1990-01-01,3.26187231878573
Austria,1991-01-01,3.33742703474791
Austria,1992-01-01,4.02084780038554
Austria,1993-01-01,3.6317852494318
Austria,1994-01-01,2.9534093676108
Austria,1995-01-01,2.24336631500898
Austria,1996-01-01,1.86097115760436
Austria,1997-01-01,1.30597857227691
Austria,1998-01-01,0.922467196680849
Austria,1999-01-01,0.56899376588553
Austria,2000-01-01,2.3448628535728
Austria,2001-01-01,2.65000077279529
Austria,2002-01-01,1.81035787764128
Austria,2003-01-01,1.35555370896445
Austria,2004-01-01,2.06120618032869
Austria,2005-01-01,2.29913785639285
Austria,2006-01-01,1.44154851119016
Austria,2007-01-01,2.16855528800756
Austria,2008-01-01,3.21595033239879
Austria,2009-01-01,0.506308827696504
Austria,2010-01-01,1.81353438995061
Austria,2011-01-01,3.2865791487538
Austria,2012-01-01,2.48567562177014
Austria,2013-01-01,2.00015616900597
Austria,2014-01-01,1.60581182954473
Austria,2015-01-01,0.896563335260319
Austria,2016-01-01,0.891591752655362
Austria,2017-01-01,2.08126911385586
Austria,2018-01-01,1.99837981429548
Austria,2019-01-01,1.53089564152643
Austria,2020-01-01,1.38191063351853
Austria,2021-01-01,2.7666666666667
Austria,2022-01-01,8.54686993188457
Austria,2023-01-01,7.81413417002831
Austria,2024-01-01,2.93791574279375
Azerbaijan,1980-01-01,
Azerbaijan,1981-01-01,
Azerbaijan,1982-01-01,
Azerbaijan,1983-01-01,
Azerbaijan,1984-01-01,
Azerbaijan,1985-01-01,
Azerbaijan,1986-01-01,
Azerbaijan,1987-01-01,
Azerbaijan,1988-01-01,
Azerbaijan,1989-01-01,
Azerbaijan,1990-01-01,
Azerbaijan,1991-01-01,
Azerbaijan,1992-01-01,-10.63009715762
Azerbaijan,1993-01-01,1128.00002429404
Azerbaijan,1994-01-01,1662.21594875899
Azerbaijan,1995-01-01,411.759641777267
Azerbaijan,1996-01-01,19.7948028061898
Azerbaijan,1997-01-01,3.67434809684729
Azerbaijan,1998-01-01,-0.772697886033166
Azerbaijan,1999-01-01,-8.52517000536063
Azerbaijan,2000-01-01,1.80500303704356
Azerbaijan,2001-01-01,1.54719590152279
Azerbaijan,2002-01-01,2.7711647199827
Azerbaijan,2003-01-01,2.23386492967049
Azerbaijan,2004-01-01,6.70893042797784
Azerbaijan,2005-01-01,9.67950731917056
Azerbaijan,2006-01-01,8.32892482863209
Azerbaijan,2007-01-01,16.6997549618244
Azerbaijan,2008-01-01,20.8490871772712
Azerbaijan,2009-01-01,1.45704835970321
Azerbaijan,2010-01-01,5.72687224669605
Azerbaijan,2011-01-01,7.8583333333334
Azerbaijan,2012-01-01,1.06621339720302
Azerbaijan,2013-01-01,2.41571745279419
Azerbaijan,2014-01-01,1.37344181533176
Azerbaijan,2015-01-01,4.02768573742725
Azerbaijan,2016-01-01,12.4433748584372
Azerbaijan,2017-01-01,12.9359184187334
Azerbaijan,2018-01-01,2.26854690373999
Azerbaijan,2019-01-01,2.61057182799215
Azerbaijan,2020-01-01,2.75980947008127
Azerbaijan,2021-01-01,6.65029912708778
Azerbaijan,2022-01-01,13.8522590144267
Azerbaijan,2023-01-01,8.7854304984908
Azerbaijan,2024-01-01,2.21217188919901
"Bahamas, The",1980-01-01,12.0978372310682
"Bahamas, The",1981-01-01,11.1144984973891
"Bahamas, The",1982-01-01,6.01262101667497
"Bahamas, The",1983-01-01,3.99999999999994
"Bahamas, The",1984-01-01,3.96634615384615
"Bahamas, The",1985-01-01,4.60500963391135
"Bahamas, The",1986-01-01,5.43378154356233
"Bahamas, The",1987-01-01,5.75646401118135
"Bahamas, The",1988-01-01,4.40241182786763
"Bahamas, The",1989-01-01,5.38765822784806
"Bahamas, The",1990-01-01,4.66931912018676
"Bahamas, The",1991-01-01,7.11468120203627
"Bahamas, The",1992-01-01,5.73819886173447
"Bahamas, The",1993-01-01,2.7228976697059
"Bahamas, The",1994-01-01,1.39933423745548
"Bahamas, The",1995-01-01,2.06699495410041
"Bahamas, The",1996-01-01,1.37913741223666
"Bahamas, The",1997-01-01,0.544150383378687
"Bahamas, The",1998-01-01,1.3366133661337
"Bahamas, The",1999-01-01,1.2542482602363
"Bahamas, The",2000-01-01,1.60632941740578
"Bahamas, The",2001-01-01,2.0449897750512
"Bahamas, The",2002-01-01,2.17357792508093
"Bahamas, The",2003-01-01,3.02504526252236
"Bahamas, The",2004-01-01,0.981914036757662
"Bahamas, The",2005-01-01,1.59160618079802
"Bahamas, The",2006-01-01,2.38982627439254
"Bahamas, The",2007-01-01,2.49257794939396
"Bahamas, The",2008-01-01,4.48955995375059
"Bahamas, The",2009-01-01,2.06273473452681
"Bahamas, The",2010-01-01,1.34402738392835
"Bahamas, The",2011-01-01,3.1987814166032
"Bahamas, The",2012-01-01,1.97336755976254
"Bahamas, The",2013-01-01,0.722414784530551
"Bahamas, The",2014-01-01,1.51375643050831
"Bahamas, The",2015-01-01,1.86148302863371
"Bahamas, The",2016-01-01,-0.346376929989396
"Bahamas, The",2017-01-01,1.51820700736147
"Bahamas, The",2018-01-01,2.26586346678735
"Bahamas, The",2019-01-01,2.49123527368045
"Bahamas, The",2020-01-01,0.0385210980054557
"Bahamas, The",2021-01-01,2.90491262928478
"Bahamas, The",2022-01-01,5.60540633583043
"Bahamas, The",2023-01-01,3.05291578969742
"Bahamas, The",2024-01-01,0.409162489083286
Bahrain,1980-01-01,3.86952505941502
Bahrain,1981-01-01,11.3445968083975
Bahrain,1982-01-01,8.88571308471458
Bahrain,1983-01-01,2.97239915075072
Bahrain,1984-01-01,0.322399250235326
Bahrain,1985-01-01,-2.6359693029697
Bahrain,1986-01-01,-2.2960932141956
Bahrain,1987-01-01,-1.7450017537706
Bahrain,1988-01-01,0.303435966086577
Bahrain,1989-01-01,1.48589732182571
Bahrain,1990-01-01,0.929335437489092
Bahrain,1991-01-01,0.764419735927608
Bahrain,1992-01-01,-0.172413793103312
Bahrain,1993-01-01,2.53886010362695
Bahrain,1994-01-01,0.816910897759778
Bahrain,1995-01-01,2.70403475064704
Bahrain,1996-01-01,-0.452227382530347
Bahrain,1997-01-01,2.43155133955926
Bahrain,1998-01-01,-0.366533864541774
Bahrain,1999-01-01,-1.28758797184909
Bahrain,2000-01-01,-0.704852953090789
Bahrain,2001-01-01,-1.20757180156659
Bahrain,2002-01-01,-0.495540138751154
Bahrain,2003-01-01,1.59362549800786
Bahrain,2004-01-01,2.35294117647061
Bahrain,2005-01-01,2.58620689655172
Bahrain,2006-01-01,2.00746965452849
Bahrain,2007-01-01,3.25666666666703
Bahrain,2008-01-01,3.52600316363721
Bahrain,2009-01-01,2.79551283550411
Bahrain,2010-01-01,1.96188468334623
Bahrain,2011-01-01,-0.40004069748808
Bahrain,2012-01-01,2.75739669962979
Bahrain,2013-01-01,3.30001156888442
Bahrain,2014-01-01,2.64755321246188
Bahrain,2015-01-01,1.84862742374976
Bahrain,2016-01-01,2.78679347602044
Bahrain,2017-01-01,1.38671830576406
Bahrain,2018-01-01,2.08766938046978
Bahrain,2019-01-01,1.00582004702136
Bahrain,2020-01-01,-2.31770629331378
Bahrain,2021-01-01,-0.60631938514085
Bahrain,2022-01-01,3.62574104304482
Bahrain,2023-01-01,0.0746206782192255
Bahrain,2024-01-01,0.919635459817651
Bangladesh,1980-01-01,
Bangladesh,1981-01-01,
Bangladesh,1982-01-01,
Bangladesh,1983-01-01,
Bangladesh,1984-01-01,
Bangladesh,1985-01-01,
Bangladesh,1986-01-01,
Bangladesh,1987-01-01,9.87469609126632
Bangladesh,1988-01-01,7.41276595744666
Bangladesh,1989-01-01,6.04547975596243
Bangladesh,1990-01-01,6.12671846981457
Bangladesh,1991-01-01,6.35736412278234
Bangladesh,1992-01-01,3.63407691798491
Bangladesh,1993-01-01,3.01481859989798
Bangladesh,1994-01-01,5.31374007936497
Bangladesh,1995-01-01,10.2978117947206
Bangladesh,1996-01-01,2.37712902953223
Bangladesh,1997-01-01,5.30560105668801
Bangladesh,1998-01-01,8.40223795613228
Bangladesh,1999-01-01,6.10669589841958
Bangladesh,2000-01-01,2.20825620937535
Bangladesh,2001-01-01,2.0071737421384
Bangladesh,2002-01-01,3.33256493271912
Bangladesh,2003-01-01,5.66870773441476
Bangladesh,2004-01-01,7.58753638504689
Bangladesh,2005-01-01,7.04661816222038
Bangladesh,2006-01-01,6.76526117054757
Bangladesh,2007-01-01,9.10698496905382
Bangladesh,2008-01-01,8.90194489465153
Bangladesh,2009-01-01,5.42347236174679
Bangladesh,2010-01-01,8.12667639169917
Bangladesh,2011-01-01,11.3951651552399
Bangladesh,2012-01-01,6.21750422069283
Bangladesh,2013-01-01,7.53040640913172
Bangladesh,2014-01-01,6.99163889220848
Bangladesh,2015-01-01,6.19428022984983
Bangladesh,2016-01-01,5.51352572692995
Bangladesh,2017-01-01,5.70207015717238
Bangladesh,2018-01-01,5.54362139486476
Bangladesh,2019-01-01,5.59199639930629
Bangladesh,2020-01-01,5.69107474746211
Bangladesh,2021-01-01,5.54565430773473
Bangladesh,2022-01-01,7.69695437176898
Bangladesh,2023-01-01,9.8835030377921
Bangladesh,2024-01-01,10.4657482763412
Barbados,1980-01-01,14.4305197203942
Barbados,1981-01-01,14.5675632146886
Barbados,1982-01-01,10.3324664370561
Barbados,1983-01-01,5.23029878288841
Barbados,1984-01-01,4.68579731185596
Barbados,1985-01-01,3.91510525082796
Barbados,1986-01-01,1.33006845161915
Barbados,1987-01-01,3.31173110743254
Barbados,1988-01-01,4.85885917814047
Barbados,1989-01-01,6.19011406844118
Barbados,1990-01-01,3.07457271078018
Barbados,1991-01-01,6.25752663270023
Barbados,1992-01-01,6.09389302994638
Barbados,1993-01-01,1.11343933604482
Barbados,1994-01-01,0.0772043884602322
Barbados,1995-01-01,1.87886279357232
Barbados,1996-01-01,2.38615222842324
Barbados,1997-01-01,7.71053878969883
Barbados,1998-01-01,-1.26888660701213
Barbados,1999-01-01,1.56006240249605
Barbados,2000-01-01,2.43581303489138
Barbados,2001-01-01,2.57783490431287
Barbados,2002-01-01,0.125249458056019
Barbados,2003-01-01,1.61943319838053
Barbados,2004-01-01,1.39442231075691
Barbados,2005-01-01,6.08218729535043
Barbados,2006-01-01,7.3076626282894
Barbados,2007-01-01,4.03422982885069
Barbados,2008-01-01,8.10810810810779
Barbados,2009-01-01,3.64386189258337
Barbados,2010-01-01,5.82421853311866
Barbados,2011-01-01,9.4322024017722
Barbados,2012-01-01,4.53334753888774
Barbados,2013-01-01,1.81410436049096
Barbados,2014-01-01,1.76950322089728
Barbados,2015-01-01,-1.11278992510958
Barbados,2016-01-01,1.28192813061895
Barbados,2017-01-01,4.66018463955995
Barbados,2018-01-01,3.1060057242059
Barbados,2019-01-01,1.67662473276987
Barbados,2020-01-01,
Barbados,2021-01-01,
Barbados,2022-01-01,
Barbados,2023-01-01,3.18718905472631
Barbados,2024-01-01,1.44643664306159
Belarus,1980-01-01,
Belarus,1981-01-01,
Belarus,1982-01-01,
Belarus,1983-01-01,
Belarus,1984-01-01,
Belarus,1985-01-01,
Belarus,1986-01-01,
Belarus,1987-01-01,
Belarus,1988-01-01,
Belarus,1989-01-01,
Belarus,1990-01-01,
Belarus,1991-01-01,
Belarus,1992-01-01,
Belarus,1993-01-01,1190.22923349187
Belarus,1994-01-01,2221.01656992039
Belarus,1995-01-01,709.346032118606
Belarus,1996-01-01,52.7120767531954
Belarus,1997-01-01,63.9373663357478
Belarus,1998-01-01,72.8697170535354
Belarus,1999-01-01,293.678750889772
Belarus,2000-01-01,168.620235850933
Belarus,2001-01-01,61.1349331618476
Belarus,2002-01-01,42.5375481348794
Belarus,2003-01-01,28.3978399133473
Belarus,2004-01-01,18.1082424937646
Belarus,2005-01-01,10.3388794457932
Belarus,2006-01-01,6.99712903535584
Belarus,2007-01-01,8.42675273505309
Belarus,2008-01-01,14.8378764828254
Belarus,2009-01-01,12.9456563410401
Belarus,2010-01-01,7.735748043125
Belarus,2011-01-01,53.2286983118174
Belarus,2012-01-01,59.2197360232518
Belarus,2013-01-01,18.3122610377873
Belarus,2014-01-01,18.1195543526734
Belarus,2015-01-01,13.5344897649734
Belarus,2016-01-01,11.8365807653496
Belarus,2017-01-01,6.03183725177785
Belarus,2018-01-01,4.87230220550689
Belarus,2019-01-01,5.59815595039853
Belarus,2020-01-01,5.5481435745651
Belarus,2021-01-01,9.46028389623105
Belarus,2022-01-01,15.2096752740809
Belarus,2023-01-01,5.00059903091312
Belarus,2024-01-01,5.78531910427998
Belgium,1980-01-01,6.64868829655352
Belgium,1981-01-01,7.62748656814271
Belgium,1982-01-01,8.72654906555471
Belgium,1983-01-01,7.66160983743882
Belgium,1984-01-01,6.34177491009127
Belgium,1985-01-01,4.8687339949694
Belgium,1986-01-01,1.2943681910248
Belgium,1987-01-01,1.55338261314945
Belgium,1988-01-01,1.16093493415331
Belgium,1989-01-01,3.10705065111093
Belgium,1990-01-01,3.44831217961807
Belgium,1991-01-01,3.21531069260809
Belgium,1992-01-01,2.42795567164615
Belgium,1993-01-01,2.75442643473462
Belgium,1994-01-01,2.377540844764
Belgium,1995-01-01,1.46796699090271
Belgium,1996-01-01,2.07702107350675
Belgium,1997-01-01,1.62816049512954
Belgium,1998-01-01,0.94925028835061
Belgium,1999-01-01,1.12084823417847
Belgium,2000-01-01,2.544517761909
Belgium,2001-01-01,2.46925823086082
Belgium,2002-01-01,1.6452143617536
Belgium,2003-01-01,1.58896399970371
Belgium,2004-01-01,2.09728311239315
Belgium,2005-01-01,2.78143263670029
Belgium,2006-01-01,1.79120770070453
Belgium,2007-01-01,1.82305630026809
Belgium,2008-01-01,4.48944420508404
Belgium,2009-01-01,-0.0531456741254176
Belgium,2010-01-01,2.18929920422458
Belgium,2011-01-01,3.5320821072274
Belgium,2012-01-01,2.83966343445899
Belgium,2013-01-01,1.11309594027539
Belgium,2014-01-01,0.340002833356921
Belgium,2015-01-01,0.561429152790157
Belgium,2016-01-01,1.97385264653162
Belgium,2017-01-01,2.12597086002616
Belgium,2018-01-01,2.05316499865177
Belgium,2019-01-01,1.43681956996438
Belgium,2020-01-01,0.740791812220343
Belgium,2021-01-01,2.44024851144084
Belgium,2022-01-01,9.597511728725
Belgium,2023-01-01,4.04901077613941
Belgium,2024-01-01,3.14349136500041
Belize,1980-01-01,
Belize,1981-01-01,11.2244897960225
Belize,1982-01-01,6.83903252716288
Belize,1983-01-01,4.99609679980487
Belize,1984-01-01,3.38289962863707
Belize,1985-01-01,6.23716611805549
Belize,1986-01-01,0.799771493858952
Belize,1987-01-01,2.01190138849529
Belize,1988-01-01,3.13888888888894
Belize,1989-01-01,2.12765957446807
Belize,1990-01-01,3.05907172995785
Belize,1991-01-01,0.761951500806879
Belize,1992-01-01,2.39670073025188
Belize,1993-01-01,1.47259694693679
Belize,1994-01-01,2.56934304644295
Belize,1995-01-01,2.88961584372151
Belize,1996-01-01,5.96502097537242
Belize,1997-01-01,1.14903756760539
Belize,1998-01-01,2.1952625003759
Belize,1999-01-01,2.62139524582746
Belize,2000-01-01,3.06743966930585
Belize,2001-01-01,3.65141786561502
Belize,2002-01-01,4.24026660688645
Belize,2003-01-01,2.31808274663101
Belize,2004-01-01,6.39443099742398
Belize,2005-01-01,-1.10431044411909
Belize,2006-01-01,-7.11376771265013
Belize,2007-01-01,2.3180827464202
Belize,2008-01-01,6.39443100250033
Belize,2009-01-01,-1.10431044864355
Belize,2010-01-01,0.917977378808887
Belize,2011-01-01,1.602056156402
Belize,2012-01-01,1.30058074547858
Belize,2013-01-01,0.50974776898322
Belize,2014-01-01,1.20139964481057
Belize,2015-01-01,-0.861584009427747
Belize,2016-01-01,0.663427167917601
Belize,2017-01-01,1.14765339305816
Belize,2018-01-01,0.269982622646335
Belize,2019-01-01,0.187069385181424
Belize,2020-01-01,0.121434644614893
Belize,2021-01-01,3.2356365923707
Belize,2022-01-01,6.27689319447543
Belize,2023-01-01,4.38984017487674
Belize,2024-01-01,3.28955985952768
Benin,1980-01-01,
Benin,1981-01-01,
Benin,1982-01-01,
Benin,1983-01-01,
Benin,1984-01-01,
Benin,1985-01-01,
Benin,1986-01-01,
Benin,1987-01-01,
Benin,1988-01-01,
Benin,1989-01-01,
Benin,1990-01-01,
Benin,1991-01-01,
Benin,1992-01-01,
Benin,1993-01-01,0.440599214931793
Benin,1994-01-01,38.5308661668537
Benin,1995-01-01,14.4625482180894
Benin,1996-01-01,4.91423972637201
Benin,1997-01-01,3.46629590564776
Benin,1998-01-01,5.75331458417064
Benin,1999-01-01,0.326722893396866
Benin,2000-01-01,4.16540442290282
Benin,2001-01-01,3.98429547767893
Benin,2002-01-01,2.48916235491541
Benin,2003-01-01,1.48724246145441
Benin,2004-01-01,0.873890830868499
Benin,2005-01-01,5.36452085832342
Benin,2006-01-01,3.78217696540374
Benin,2007-01-01,1.29806813334152
Benin,2008-01-01,7.94729876067854
Benin,2009-01-01,0.896072355749069
Benin,2010-01-01,2.20783532536523
Benin,2011-01-01,2.7042390774728
Benin,2012-01-01,6.74468253340712
Benin,2013-01-01,0.428888888888883
Benin,2014-01-01,-0.54875755094818
Benin,2015-01-01,0.218785923536245
Benin,2016-01-01,-0.793310145785624
Benin,2017-01-01,0.0432648555103608
Benin,2018-01-01,0.919170717886053
Benin,2019-01-01,0.732849371241066
Benin,2020-01-01,3.02272119663759
Benin,2021-01-01,1.73353962694035
Benin,2022-01-01,1.35077863583527
Benin,2023-01-01,2.73870078406074
Benin,2024-01-01,1.16093089640415
Bermuda,1980-01-01,
Bermuda,1981-01-01,
Bermuda,1982-01-01,
Bermuda,1983-01-01,
Bermuda,1984-01-01,
Bermuda,1985-01-01,
Bermuda,1986-01-01,
Bermuda,1987-01-01,
Bermuda,1988-01-01,
Bermuda,1989-01-01,
Bermuda,1990-01-01,
Bermuda,1991-01-01,
Bermuda,1992-01-01,
Bermuda,1993-01-01,
Bermuda,1994-01-01,
Bermuda,1995-01-01,
Bermuda,1996-01-01,
Bermuda,1997-01-01,
Bermuda,1998-01-01,
Bermuda,1999-01-01,
Bermuda,2000-01-01,
Bermuda,2001-01-01,
Bermuda,2002-01-01,
Bermuda,2003-01-01,
Bermuda,2004-01-01,
Bermuda,2005-01-01,
Bermuda,2006-01-01,
Bermuda,2007-01-01,
Bermuda,2008-01-01,
Bermuda,2009-01-01,
Bermuda,2010-01-01,
Bermuda,2011-01-01,
Bermuda,2012-01-01,
Bermuda,2013-01-01,
Bermuda,2014-01-01,
Bermuda,2015-01-01,
Bermuda,2016-01-01,
Bermuda,2017-01-01,
Bermuda,2018-01-01,
Bermuda,2019-01-01,
Bermuda,2020-01-01,
Bermuda,2021-01-01,
Bermuda,2022-01-01,
Bermuda,2023-01-01,
Bermuda,2024-01-01,
Bhutan,1980-01-01,
Bhutan,1981-01-01,9.97237569060773
Bhutan,1982-01-01,9.84677216779703
Bhutan,1983-01-01,18.0577787941154
Bhutan,1984-01-01,7.03770661157024
Bhutan,1985-01-01,1.88201230546507
Bhutan,1986-01-01,9.96447602131438
Bhutan,1987-01-01,6.33177192699079
Bhutan,1988-01-01,10.0967137576586
Bhutan,1989-01-01,8.7798371889804
Bhutan,1990-01-01,10.0118383223406
Bhutan,1991-01-01,12.2751729438892
Bhutan,1992-01-01,15.9752173615389
Bhutan,1993-01-01,11.1980165874679
Bhutan,1994-01-01,7.0099535500995
Bhutan,1995-01-01,9.48754836789369
Bhutan,1996-01-01,8.79001381935162
Bhutan,1997-01-01,6.50548718269086
Bhutan,1998-01-01,10.5855899892463
Bhutan,1999-01-01,6.77699393553632
Bhutan,2000-01-01,4.01212081070342
Bhutan,2001-01-01,3.41478946111594
Bhutan,2002-01-01,2.45535714285714
Bhutan,2003-01-01,2.57230861693339
Bhutan,2004-01-01,4.10593698272957
Bhutan,2005-01-01,5.3126310463775
Bhutan,2006-01-01,5.0004543802254
Bhutan,2007-01-01,5.15611138758462
Bhutan,2008-01-01,8.32716049382712
Bhutan,2009-01-01,4.36112219119804
Bhutan,2010-01-01,7.03638316073018
Bhutan,2011-01-01,8.848985699468
Bhutan,2012-01-01,10.919656944683
Bhutan,2013-01-01,8.77638345268212
Bhutan,2014-01-01,8.27106093949327
Bhutan,2015-01-01,4.54814395082205
Bhutan,2016-01-01,3.21988689395717
Bhutan,2017-01-01,4.95508366985129
Bhutan,2018-01-01,2.72396386183713
Bhutan,2019-01-01,2.72643037388832
Bhutan,2020-01-01,5.62936522632507
Bhutan,2021-01-01,7.3468144053353
Bhutan,2022-01-01,5.6391667139637
Bhutan,2023-01-01,4.22934419929251
Bhutan,2024-01-01,2.76131569624097
Bolivia,1980-01-01,47.2416501018426
Bolivia,1981-01-01,32.1336011133424
Bolivia,1982-01-01,123.535718565329
Bolivia,1983-01-01,275.586283560361
Bolivia,1984-01-01,1281.34994174485
Bolivia,1985-01-01,11749.6396321438
Bolivia,1986-01-01,276.335967563201
Bolivia,1987-01-01,14.5786984489191
Bolivia,1988-01-01,16.002091054939
Bolivia,1989-01-01,15.1734681125731
Bolivia,1990-01-01,17.1187746048239
Bolivia,1991-01-01,21.447069817114
Bolivia,1992-01-01,12.0603236018289
Bolivia,1993-01-01,8.52787695688002
Bolivia,1994-01-01,7.87404421467434
Bolivia,1995-01-01,10.1932067630745
Bolivia,1996-01-01,12.4254866180049
Bolivia,1997-01-01,4.70844436028192
Bolivia,1998-01-01,7.67322895675083
Bolivia,1999-01-01,2.15951626835597
Bolivia,2000-01-01,4.60822998872598
Bolivia,2001-01-01,1.58965377879567
Bolivia,2002-01-01,0.928258851611069
Bolivia,2003-01-01,3.33727499671533
Bolivia,2004-01-01,4.43738080101724
Bolivia,2005-01-01,5.39323106890663
Bolivia,2006-01-01,4.28239604802561
Bolivia,2007-01-01,8.70560923578869
Bolivia,2008-01-01,14.0068107702519
Bolivia,2009-01-01,3.34645420142013
Bolivia,2010-01-01,2.5032760584424
Bolivia,2011-01-01,9.88446419823883
Bolivia,2012-01-01,4.51560291399375
Bolivia,2013-01-01,5.73640023719606
Bolivia,2014-01-01,5.76660074579143
Bolivia,2015-01-01,4.05961041135644
Bolivia,2016-01-01,3.62321431764138
Bolivia,2017-01-01,2.8227580554717
Bolivia,2018-01-01,2.27205987230154
Bolivia,2019-01-01,1.83954504969025
Bolivia,2020-01-01,0.940742153381849
Bolivia,2021-01-01,0.737383721452274
Bolivia,2022-01-01,1.74632872945968
Bolivia,2023-01-01,2.57688800489192
Bolivia,2024-01-01,5.09976568317427
Bosnia and Herzegovina,1980-01-01,
Bosnia and Herzegovina,1981-01-01,
Bosnia and Herzegovina,1982-01-01,
Bosnia and Herzegovina,1983-01-01,
Bosnia and Herzegovina,1984-01-01,
Bosnia and Herzegovina,1985-01-01,
Bosnia and Herzegovina,1986-01-01,
Bosnia and Herzegovina,1987-01-01,
Bosnia and Herzegovina,1988-01-01,
Bosnia and Herzegovina,1989-01-01,
Bosnia and Herzegovina,1990-01-01,
Bosnia and Herzegovina,1991-01-01,
Bosnia and Herzegovina,1992-01-01,
Bosnia and Herzegovina,1993-01-01,
Bosnia and Herzegovina,1994-01-01,
Bosnia and Herzegovina,1995-01-01,
Bosnia and Herzegovina,1996-01-01,
Bosnia and Herzegovina,1997-01-01,
Bosnia and Herzegovina,1998-01-01,
Bosnia and Herzegovina,1999-01-01,
Bosnia and Herzegovina,2000-01-01,
Bosnia and Herzegovina,2001-01-01,
Bosnia and Herzegovina,2002-01-01,
Bosnia and Herzegovina,2003-01-01,
Bosnia and Herzegovina,2004-01-01,
Bosnia and Herzegovina,2005-01-01,
Bosnia and Herzegovina,2006-01-01,6.12556615620284
Bosnia and Herzegovina,2007-01-01,1.50077710611541
Bosnia and Herzegovina,2008-01-01,7.42704310332952
Bosnia and Herzegovina,2009-01-01,-0.381464282453056
Bosnia and Herzegovina,2010-01-01,1.99621236745886
Bosnia and Herzegovina,2011-01-01,3.67125
Bosnia and Herzegovina,2012-01-01,2.05267452001717
Bosnia and Herzegovina,2013-01-01,-0.0930456838317588
Bosnia and Herzegovina,2014-01-01,-0.897194054194333
Bosnia and Herzegovina,2015-01-01,-1.03602303425474
Bosnia and Herzegovina,2016-01-01,-1.58410000000001
Bosnia and Herzegovina,2017-01-01,0.810133321953038
Bosnia and Herzegovina,2018-01-01,1.41710814018033
Bosnia and Herzegovina,2019-01-01,0.56278215406123
Bosnia and Herzegovina,2020-01-01,-1.05129600763489
Bosnia and Herzegovina,2021-01-01,1.98163900587622
Bosnia and Herzegovina,2022-01-01,14.0208440826771
Bosnia and Herzegovina,2023-01-01,6.1059011284828
Bosnia and Herzegovina,2024-01-01,1.69212733599723
Botswana,1980-01-01,13.6324251470894
Botswana,1981-01-01,16.4280267725711
Botswana,1982-01-01,11.1372064274689
Botswana,1983-01-01,10.4771438105237
Botswana,1984-01-01,8.57746904251905
Botswana,1985-01-01,8.0945757997594
Botswana,1986-01-01,10.0017155606022
Botswana,1987-01-01,9.80193387398674
Botswana,1988-01-01,8.35167956821219
Botswana,1989-01-01,11.5750147473285
Botswana,1990-01-01,11.3963461199555
Botswana,1991-01-01,11.7650160839534
Botswana,1992-01-01,16.1676123963339
Botswana,1993-01-01,14.3308033365887
Botswana,1994-01-01,10.5429209938218
Botswana,1995-01-01,10.512546081579
Botswana,1996-01-01,10.0828580652107
Botswana,1997-01-01,8.71993127147746
Botswana,1998-01-01,6.66139865665752
Botswana,1999-01-01,7.74929619202848
Botswana,2000-01-01,8.6014851485149
Botswana,2001-01-01,6.55903767014861
Botswana,2002-01-01,8.03279662527485
Botswana,2003-01-01,9.18990265632739
Botswana,2004-01-01,6.94570363654674
Botswana,2005-01-01,8.61022528546439
Botswana,2006-01-01,11.5552187914379
Botswana,2007-01-01,7.08099847172692
Botswana,2008-01-01,12.7021883920075
Botswana,2009-01-01,8.02729703109581
Botswana,2010-01-01,6.94887658743103
Botswana,2011-01-01,8.45987233408583
Botswana,2012-01-01,7.53690261091916
Botswana,2013-01-01,5.88460707056816
Botswana,2014-01-01,4.40225309243427
Botswana,2015-01-01,3.06203169580557
Botswana,2016-01-01,2.81495791361943
Botswana,2017-01-01,3.30828076768219
Botswana,2018-01-01,3.23801558947715
Botswana,2019-01-01,2.7728644286332
Botswana,2020-01-01,1.8903591682421
Botswana,2021-01-01,7.24097765588442
Botswana,2022-01-01,11.665567478802
Botswana,2023-01-01,5.06761549343829
Botswana,2024-01-01,2.81835131676251
Brazil,1980-01-01,
Brazil,1981-01-01,101.725072957927
Brazil,1982-01-01,100.543359194849
Brazil,1983-01-01,135.027682230472
Brazil,1984-01-01,192.12173313205
Brazil,1985-01-01,225.989665211895
Brazil,1986-01-01,147.142826237604
Brazil,1987-01-01,228.336162575512
Brazil,1988-01-01,629.114509120897
Brazil,1989-01-01,1430.7237251472
Brazil,1990-01-01,2947.73277248299
Brazil,1991-01-01,432.786661926461
Brazil,1992-01-01,951.962053052817
Brazil,1993-01-01,1927.38079016026
Brazil,1994-01-01,2075.88839757325
Brazil,1995-01-01,66.0070335542481
Brazil,1996-01-01,15.7576656002606
Brazil,1997-01-01,6.92671251629154
Brazil,1998-01-01,3.19507629280051
Brazil,1999-01-01,4.85844749902666
Brazil,2000-01-01,7.04414105947265
Brazil,2001-01-01,6.84035902487523
Brazil,2002-01-01,8.45016437708331
Brazil,2003-01-01,14.7149197228147
Brazil,2004-01-01,6.59718509985963
Brazil,2005-01-01,6.86953720898964
Brazil,2006-01-01,4.18356812896909
Brazil,2007-01-01,3.64127299102652
Brazil,2008-01-01,5.67859390284168
Brazil,2009-01-01,4.88803479876798
Brazil,2010-01-01,5.03872690108074
Brazil,2011-01-01,6.6364496221309
Brazil,2012-01-01,5.40349914036997
Brazil,2013-01-01,6.204310666401
Brazil,2014-01-01,6.32904015516138
Brazil,2015-01-01,9.02990102416136
Brazil,2016-01-01,8.73914352329393
Brazil,2017-01-01,3.44637335032669
Brazil,2018-01-01,3.66485028376728
Brazil,2019-01-01,3.73297621216893
Brazil,2020-01-01,3.21176803803376
Brazil,2021-01-01,8.30165975585673
Brazil,2022-01-01,9.28010608956872
Brazil,2023-01-01,4.59356282283203
Brazil,2024-01-01,4.36746407652336
British Virgin Islands,1980-01-01,
British Virgin Islands,1981-01-01,
British Virgin Islands,1982-01-01,
British Virgin Islands,1983-01-01,
British Virgin Islands,1984-01-01,
British Virgin Islands,1985-01-01,
British Virgin Islands,1986-01-01,
British Virgin Islands,1987-01-01,
British Virgin Islands,1988-01-01,
British Virgin Islands,1989-01-01,
British Virgin Islands,1990-01-01,
British Virgin Islands,1991-01-01,
British Virgin Islands,1992-01-01,
British Virgin Islands,1993-01-01,
British Virgin Islands,1994-01-01,
British Virgin Islands,1995-01-01,
British Virgin Islands,1996-01-01,
British Virgin Islands,1997-01-01,
British Virgin Islands,1998-01-01,
British Virgin Islands,1999-01-01,
British Virgin Islands,2000-01-01,
British Virgin Islands,2001-01-01,
British Virgin Islands,2002-01-01,
British Virgin Islands,2003-01-01,
British Virgin Islands,2004-01-01,
British Virgin Islands,2005-01-01,
British Virgin Islands,2006-01-01,
British Virgin Islands,2007-01-01,
British Virgin Islands,2008-01-01,
British Virgin Islands,2009-01-01,
British Virgin Islands,2010-01-01,
British Virgin Islands,2011-01-01,
British Virgin Islands,2012-01-01,
British Virgin Islands,2013-01-01,
British Virgin Islands,2014-01-01,
British Virgin Islands,2015-01-01,
British Virgin Islands,2016-01-01,
British Virgin Islands,2017-01-01,
British Virgin Islands,2018-01-01,
British Virgin Islands,2019-01-01,
British Virgin Islands,2020-01-01,
British Virgin Islands,2021-01-01,
British Virgin Islands,2022-01-01,
British Virgin Islands,2023-01-01,
British Virgin Islands,2024-01-01,
Brunei Darussalam,1980-01-01,
Brunei Darussalam,1981-01-01,9.13705583756338
Brunei Darussalam,1982-01-01,6.35658914728687
Brunei Darussalam,1983-01-01,1.16618075801749
Brunei Darussalam,1984-01-01,3.07396733909727
Brunei Darussalam,1985-01-01,2.35321528424927
Brunei Darussalam,1986-01-01,1.78124288641064
Brunei Darussalam,1987-01-01,1.24685490634579
Brunei Darussalam,1988-01-01,1.19284294234596
Brunei Darussalam,1989-01-01,1.30430037109822
Brunei Darussalam,1990-01-01,2.13866293163795
Brunei Darussalam,1991-01-01,1.6
Brunei Darussalam,1992-01-01,1.27952755905514
Brunei Darussalam,1993-01-01,4.25170068027212
Brunei Darussalam,1994-01-01,2.46251844946789
Brunei Darussalam,1995-01-01,5.96664139499612
Brunei Darussalam,1996-01-01,1.99613650998077
Brunei Darussalam,1997-01-01,1.71156004489335
Brunei Darussalam,1998-01-01,-0.441379310344899
Brunei Darussalam,1999-01-01,-0.415627597672453
Brunei Darussalam,2000-01-01,1.55815247634945
Brunei Darussalam,2001-01-01,0.595890410958989
Brunei Darussalam,2002-01-01,-2.3149724245932
Brunei Darussalam,2003-01-01,0.299999999999967
Brunei Darussalam,2004-01-01,0.814223994682612
Brunei Darussalam,2005-01-01,1.24443711883965
Brunei Darussalam,2006-01-01,0.15988807834512
Brunei Darussalam,2007-01-01,0.967774119525101
Brunei Darussalam,2008-01-01,2.08498023715415
Brunei Darussalam,2009-01-01,1.03571774271613
Brunei Darussalam,2010-01-01,0.35686913201756
Brunei Darussalam,2011-01-01,0.13791156316954
Brunei Darussalam,2012-01-01,0.111766261400306
Brunei Darussalam,2013-01-01,0.389205053123632
Brunei Darussalam,2014-01-01,-0.207108731719822
Brunei Darussalam,2015-01-01,-0.488347420743522
Brunei Darussalam,2016-01-01,-0.278693265753083
Brunei Darussalam,2017-01-01,-1.2605056462896
Brunei Darussalam,2018-01-01,1.02505179290212
Brunei Darussalam,2019-01-01,-0.390522069165529
Brunei Darussalam,2020-01-01,1.94031996607183
Brunei Darussalam,2021-01-01,1.73341388450593
Brunei Darussalam,2022-01-01,3.68225030604215
Brunei Darussalam,2023-01-01,0.35706431153689
Brunei Darussalam,2024-01-01,-0.38867416503646
Bulgaria,1980-01-01,
Bulgaria,1981-01-01,
Bulgaria,1982-01-01,
Bulgaria,1983-01-01,
Bulgaria,1984-01-01,
Bulgaria,1985-01-01,
Bulgaria,1986-01-01,2.69999999999986
Bulgaria,1987-01-01,2.72638753651417
Bulgaria,1988-01-01,2.36966824644544
Bulgaria,1989-01-01,6.38888888888882
Bulgaria,1990-01-01,23.8000000000002
Bulgaria,1991-01-01,338.449111470111
Bulgaria,1992-01-01,91.2979327269303
Bulgaria,1993-01-01,72.8787913866333
Bulgaria,1994-01-01,96.0573382686505
Bulgaria,1995-01-01,62.0548336837992
Bulgaria,1996-01-01,121.60754244925
Bulgaria,1997-01-01,1058.37355921973
Bulgaria,1998-01-01,18.672204442064
Bulgaria,1999-01-01,2.57304281890212
Bulgaria,2000-01-01,10.3162621289989
Bulgaria,2001-01-01,7.3609392723184
Bulgaria,2002-01-01,5.81014365721825
Bulgaria,2003-01-01,2.34864169582757
Bulgaria,2004-01-01,6.14713074246266
Bulgaria,2005-01-01,5.0388380711191
Bulgaria,2006-01-01,7.26159462769946
Bulgaria,2007-01-01,8.40253419005893
Bulgaria,2008-01-01,12.348719599402
Bulgaria,2009-01-01,2.75320223914819
Bulgaria,2010-01-01,2.43899060504117
Bulgaria,2011-01-01,4.21990346601872
Bulgaria,2012-01-01,2.95456829831012
Bulgaria,2013-01-01,0.890093540913096
Bulgaria,2014-01-01,-1.41818380264839
Bulgaria,2015-01-01,-0.104633261008479
Bulgaria,2016-01-01,-0.798649886453617
Bulgaria,2017-01-01,2.06159619443141
Bulgaria,2018-01-01,2.81454473824838
Bulgaria,2019-01-01,3.10372944796771
Bulgaria,2020-01-01,1.67244096855756
Bulgaria,2021-01-01,3.29774435299506
Bulgaria,2022-01-01,15.3252589264367
Bulgaria,2023-01-01,9.44284140088564
Bulgaria,2024-01-01,2.44651943006078
Burkina Faso,1980-01-01,12.2026364968298
Burkina Faso,1981-01-01,7.55570560440938
Burkina Faso,1982-01-01,12.0597652081336
Burkina Faso,1983-01-01,8.15376277420426
Burkina Faso,1984-01-01,4.84695768186084
Burkina Faso,1985-01-01,6.90605782140466
Burkina Faso,1986-01-01,-2.61174292476783
Burkina Faso,1987-01-01,-2.68178423511595
Burkina Faso,1988-01-01,4.25561601785941
Burkina Faso,1989-01-01,-0.481798715203333
Burkina Faso,1990-01-01,-0.504303388918912
Burkina Faso,1991-01-01,2.16260052713423
Burkina Faso,1992-01-01,-1.99113580736894
Burkina Faso,1993-01-01,0.553455723541917
Burkina Faso,1994-01-01,25.1778762249962
Burkina Faso,1995-01-01,7.45884497828324
Burkina Faso,1996-01-01,6.09780439121741
Burkina Faso,1997-01-01,2.31869062176683
Burkina Faso,1998-01-01,5.08433344145324
Burkina Faso,1999-01-01,-1.07261362759533
Burkina Faso,2000-01-01,-0.304212168486802
Burkina Faso,2001-01-01,5.00743290822373
Burkina Faso,2002-01-01,2.17569480664608
Burkina Faso,2003-01-01,2.03456574053815
Burkina Faso,2004-01-01,-0.400228702115451
Burkina Faso,2005-01-01,6.41504018369684
Burkina Faso,2006-01-01,2.33310856372219
Burkina Faso,2007-01-01,-0.230627306273049
Burkina Faso,2008-01-01,10.6597978997424
Burkina Faso,2009-01-01,2.60817666368314
Burkina Faso,2010-01-01,-0.764230734676768
Burkina Faso,2011-01-01,2.75976724854534
Burkina Faso,2012-01-01,3.8181524025238
Burkina Faso,2013-01-01,0.533738507090536
Burkina Faso,2014-01-01,-0.258089517535291
Burkina Faso,2015-01-01,0.724838981070516
Burkina Faso,2016-01-01,0.441041448058809
Burkina Faso,2017-01-01,1.48299897161325
Burkina Faso,2018-01-01,1.95594302672532
Burkina Faso,2019-01-01,-3.23338933983321
Burkina Faso,2020-01-01,1.88470066518847
Burkina Faso,2021-01-01,3.65326761825508
Burkina Faso,2022-01-01,14.2902354303358
Burkina Faso,2023-01-01,0.742910428668917
Burkina Faso,2024-01-01,4.19081721344523
Burundi,1980-01-01,2.49851950030166
Burundi,1981-01-01,12.1673943487938
Burundi,1982-01-01,5.86809635722661
Burundi,1983-01-01,8.15123135622631
Burundi,1984-01-01,14.3168697883258
Burundi,1985-01-01,3.80428683649424
Burundi,1986-01-01,1.67567567567546
Burundi,1987-01-01,7.11323763955336
Burundi,1988-01-01,4.48679769704176
Burundi,1989-01-01,11.6615998479958
Burundi,1990-01-01,7.00216956651121
Burundi,1991-01-01,8.9969387349433
Burundi,1992-01-01,1.82333333333307
Burundi,1993-01-01,9.67934658067928
Burundi,1994-01-01,14.8528149833969
Burundi,1995-01-01,19.2632536382537
Burundi,1996-01-01,26.4367816091951
Burundi,1997-01-01,31.1115898319694
Burundi,1998-01-01,12.5004107653378
Burundi,1999-01-01,3.38542427340454
Burundi,2000-01-01,24.4320242102151
Burundi,2001-01-01,9.29618771341888
Burundi,2002-01-01,-1.36568005328059
Burundi,2003-01-01,10.6474645658305
Burundi,2004-01-01,8.17642937482053
Burundi,2005-01-01,13.2520699188223
Burundi,2006-01-01,2.7454200021424
Burundi,2007-01-01,8.41206285772543
Burundi,2008-01-01,24.4069510353913
Burundi,2009-01-01,10.5554355299529
Burundi,2010-01-01,6.49326591473993
Burundi,2011-01-01,9.5921660597967
Burundi,2012-01-01,18.161045306545
Burundi,2013-01-01,7.93795807492417
Burundi,2014-01-01,4.40535234185293
Burundi,2015-01-01,5.54468891259779
Burundi,2016-01-01,5.55768961400965
Burundi,2017-01-01,16.0525353030391
Burundi,2018-01-01,-2.81469807668465
Burundi,2019-01-01,-0.686772170797358
Burundi,2020-01-01,7.3211064341552
Burundi,2021-01-01,8.4045384507634
Burundi,2022-01-01,18.8008786664944
Burundi,2023-01-01,26.9414835762453
Burundi,2024-01-01,20.2124925027847
Cabo Verde,1980-01-01,
Cabo Verde,1981-01-01,
Cabo Verde,1982-01-01,
Cabo Verde,1983-01-01,
Cabo Verde,1984-01-01,11.2499999999997
Cabo Verde,1985-01-01,5.39325842696638
Cabo Verde,1986-01-01,10.8742004264391
Cabo Verde,1987-01-01,3.84615384615408
Cabo Verde,1988-01-01,4.07407407407384
Cabo Verde,1989-01-01,4.55516014234884
Cabo Verde,1990-01-01,10.6535057862491
Cabo Verde,1991-01-01,9.5509074131036
Cabo Verde,1992-01-01,3.1166643268286
Cabo Verde,1993-01-01,5.78839590443697
Cabo Verde,1994-01-01,3.45205833010708
Cabo Verde,1995-01-01,8.35152497972927
Cabo Verde,1996-01-01,5.96361961777575
Cabo Verde,1997-01-01,8.55606258148633
Cabo Verde,1998-01-01,4.39423509983477
Cabo Verde,1999-01-01,4.35643374510452
Cabo Verde,2000-01-01,-2.47745668519835
Cabo Verde,2001-01-01,3.34996472317894
Cabo Verde,2002-01-01,1.88453410076764
Cabo Verde,2003-01-01,1.18817038620528
Cabo Verde,2004-01-01,-1.8908217230618
Cabo Verde,2005-01-01,0.41889161285517
Cabo Verde,2006-01-01,5.36907687065548
Cabo Verde,2007-01-01,4.41099704193488
Cabo Verde,2008-01-01,6.77443546371142
Cabo Verde,2009-01-01,0.991103480568084
Cabo Verde,2010-01-01,2.07866470906423
Cabo Verde,2011-01-01,4.47388342165023
Cabo Verde,2012-01-01,2.54039644167108
Cabo Verde,2013-01-01,1.50654285701407
Cabo Verde,2014-01-01,-0.238778144990623
Cabo Verde,2015-01-01,0.131187999024544
Cabo Verde,2016-01-01,-1.40781637091705
Cabo Verde,2017-01-01,0.784415251101334
Cabo Verde,2018-01-01,1.25615185860785
Cabo Verde,2019-01-01,1.10750930553819
Cabo Verde,2020-01-01,0.6057961856899
Cabo Verde,2021-01-01,1.86215256793885
Cabo Verde,2022-01-01,7.93092928079189
Cabo Verde,2023-01-01,3.72437535861454
Cabo Verde,2024-01-01,1.0481698336865
Cambodia,1980-01-01,
Cambodia,1981-01-01,
Cambodia,1982-01-01,
Cambodia,1983-01-01,
Cambodia,1984-01-01,
Cambodia,1985-01-01,
Cambodia,1986-01-01,
Cambodia,1987-01-01,
Cambodia,1988-01-01,
Cambodia,1989-01-01,
Cambodia,1990-01-01,
Cambodia,1991-01-01,
Cambodia,1992-01-01,
Cambodia,1993-01-01,
Cambodia,1994-01-01,
Cambodia,1995-01-01,-0.798944337811878
Cambodia,1996-01-01,7.15086140872796
Cambodia,1997-01-01,7.96021397777456
Cambodia,1998-01-01,14.8065035437763
Cambodia,1999-01-01,4.00820702088782
Cambodia,2000-01-01,-0.791992529473567
Cambodia,2001-01-01,-0.600648300123686
Cambodia,2002-01-01,0.211466568022607
Cambodia,2003-01-01,0.94174611779921
Cambodia,2004-01-01,4.31933677434786
Cambodia,2005-01-01,6.61525912001587
Cambodia,2006-01-01,5.81068550464306
Cambodia,2007-01-01,8.70882770568049
Cambodia,2008-01-01,24.096851930605
Cambodia,2009-01-01,-1.24171754189637
Cambodia,2010-01-01,3.99639528107218
Cambodia,2011-01-01,5.4784474961745
Cambodia,2012-01-01,2.93431609293951
Cambodia,2013-01-01,2.94162509547349
Cambodia,2014-01-01,3.85568861424207
Cambodia,2015-01-01,1.22393195511119
Cambodia,2016-01-01,3.01913975139128
Cambodia,2017-01-01,2.91263557371478
Cambodia,2018-01-01,2.45908515380146
Cambodia,2019-01-01,1.94257500833107
Cambodia,2020-01-01,2.9402951426397
Cambodia,2021-01-01,2.92073477592949
Cambodia,2022-01-01,5.34370264895437
Cambodia,2023-01-01,2.12746796594194
Cambodia,2024-01-01,0.808042016536654
Cameroon,1980-01-01,9.55175427642866
Cameroon,1981-01-01,10.7275000000004
Cameroon,1982-01-01,13.2570198610703
Cameroon,1983-01-01,16.6312264100787
Cameroon,1984-01-01,11.3733220902937
Cameroon,1985-01-01,8.50837434391594
Cameroon,1986-01-01,7.77002498703532
Cameroon,1987-01-01,13.140499844701
Cameroon,1988-01-01,1.68233260771209
Cameroon,1989-01-01,-1.66552589550543
Cameroon,1990-01-01,1.09938128383608
Cameroon,1991-01-01,0.0600513305003454
Cameroon,1992-01-01,-0.0160550458717418
Cameroon,1993-01-01,-3.20655456915868
Cameroon,1994-01-01,35.0944618459464
Cameroon,1995-01-01,9.06969071921509
Cameroon,1996-01-01,3.92406372749798
Cameroon,1997-01-01,4.78623881860375
Cameroon,1998-01-01,3.17075185386906
Cameroon,1999-01-01,1.87174500672008
Cameroon,2000-01-01,1.22719012976132
Cameroon,2001-01-01,4.41977245881145
Cameroon,2002-01-01,2.83442260128066
Cameroon,2003-01-01,0.623163557374316
Cameroon,2004-01-01,0.233647380067583
Cameroon,2005-01-01,2.01353950175986
Cameroon,2006-01-01,5.11757816019469
Cameroon,2007-01-01,0.921402245650095
Cameroon,2008-01-01,5.33780627627498
Cameroon,2009-01-01,3.04361847939999
Cameroon,2010-01-01,1.27538046242338
Cameroon,2011-01-01,2.93969946305091
Cameroon,2012-01-01,2.73529677529539
Cameroon,2013-01-01,2.0503471800174
Cameroon,2014-01-01,1.85489850366776
Cameroon,2015-01-01,2.67623531419899
Cameroon,2016-01-01,0.874190383288856
Cameroon,2017-01-01,0.64040914988195
Cameroon,2018-01-01,1.0688581131292
Cameroon,2019-01-01,2.45280214062732
Cameroon,2020-01-01,2.43760882182236
Cameroon,2021-01-01,2.27185762503637
Cameroon,2022-01-01,6.24767713343861
Cameroon,2023-01-01,7.38281384280983
Cameroon,2024-01-01,4.53331349711606
Canada,1980-01-01,10.1292205085452
Canada,1981-01-01,12.4716124148372
Canada,1982-01-01,10.7689718997139
Canada,1983-01-01,5.86358802977367
Canada,1984-01-01,4.30477830391736
Canada,1985-01-01,3.96203054065204
Canada,1986-01-01,4.1947862908562
Canada,1987-01-01,4.3561087122174
Canada,1988-01-01,4.02823414871611
Canada,1989-01-01,4.98362189985957
Canada,1990-01-01,4.78047693336304
Canada,1991-01-01,5.62586408593005
Canada,1992-01-01,1.49013290374545
Canada,1993-01-01,1.86507936507938
Canada,1994-01-01,0.165562913907291
Canada,1995-01-01,2.14876033057849
Canada,1996-01-01,1.57053112507137
Canada,1997-01-01,1.6212163808453
Canada,1998-01-01,0.995942456658019
Canada,1999-01-01,1.73484295105918
Canada,2000-01-01,2.71943995691976
Canada,2001-01-01,2.52512013979905
Canada,2002-01-01,2.25839440940855
Canada,2003-01-01,2.75856321360112
Canada,2004-01-01,1.85725871857256
Canada,2005-01-01,2.21355203439767
Canada,2006-01-01,2.00202539534161
Canada,2007-01-01,2.13838399266837
Canada,2008-01-01,2.37027067444298
Canada,2009-01-01,0.299466803009299
Canada,2010-01-01,1.77687154092627
Canada,2011-01-01,2.91213508872351
Canada,2012-01-01,1.51567823124516
Canada,2013-01-01,0.938291897815316
Canada,2014-01-01,1.90663590717861
Canada,2015-01-01,1.12524136094277
Canada,2016-01-01,1.42875954701085
Canada,2017-01-01,1.59688412852976
Canada,2018-01-01,2.26822567248103
Canada,2019-01-01,1.94926902411592
Canada,2020-01-01,0.716999632307827
Canada,2021-01-01,3.39519318527527
Canada,2022-01-01,6.80280115341612
Canada,2023-01-01,3.87900159788425
Canada,2024-01-01,2.38158383281173
Caribbean small states,1980-01-01,
Caribbean small states,1981-01-01,
Caribbean small states,1982-01-01,
Caribbean small states,1983-01-01,
Caribbean small states,1984-01-01,
Caribbean small states,1985-01-01,
Caribbean small states,1986-01-01,
Caribbean small states,1987-01-01,
Caribbean small states,1988-01-01,
Caribbean small states,1989-01-01,
Caribbean small states,1990-01-01,
Caribbean small states,1991-01-01,
Caribbean small states,1992-01-01,
Caribbean small states,1993-01-01,
Caribbean small states,1994-01-01,
Caribbean small states,1995-01-01,
Caribbean small states,1996-01-01,
Caribbean small states,1997-01-01,
Caribbean small states,1998-01-01,
Caribbean small states,1999-01-01,
Caribbean small states,2000-01-01,
Caribbean small states,2001-01-01,
Caribbean small states,2002-01-01,
Caribbean small states,2003-01-01,
Caribbean small states,2004-01-01,
Caribbean small states,2005-01-01,
Caribbean small states,2006-01-01,
Caribbean small states,2007-01-01,
Caribbean small states,2008-01-01,
Caribbean small states,2009-01-01,
Caribbean small states,2010-01-01,
Caribbean small states,2011-01-01,
Caribbean small states,2012-01-01,
Caribbean small states,2013-01-01,
Caribbean small states,2014-01-01,
Caribbean small states,2015-01-01,
Caribbean small states,2016-01-01,
Caribbean small states,2017-01-01,
Caribbean small states,2018-01-01,
Caribbean small states,2019-01-01,
Caribbean small states,2020-01-01,
Caribbean small states,2021-01-01,
Caribbean small states,2022-01-01,
Caribbean small states,2023-01-01,
Caribbean small states,2024-01-01,
Cayman Islands,1980-01-01,
Cayman Islands,1981-01-01,
Cayman Islands,1982-01-01,
Cayman Islands,1983-01-01,
Cayman Islands,1984-01-01,
Cayman Islands,1985-01-01,
Cayman Islands,1986-01-01,
Cayman Islands,1987-01-01,
Cayman Islands,1988-01-01,
Cayman Islands,1989-01-01,
Cayman Islands,1990-01-01,
Cayman Islands,1991-01-01,
Cayman Islands,1992-01-01,
Cayman Islands,1993-01-01,
Cayman Islands,1994-01-01,
Cayman Islands,1995-01-01,
Cayman Islands,1996-01-01,
Cayman Islands,1997-01-01,
Cayman Islands,1998-01-01,
Cayman Islands,1999-01-01,
Cayman Islands,2000-01-01,
Cayman Islands,2001-01-01,
Cayman Islands,2002-01-01,
Cayman Islands,2003-01-01,
Cayman Islands,2004-01-01,
Cayman Islands,2005-01-01,
Cayman Islands,2006-01-01,
Cayman Islands,2007-01-01,
Cayman Islands,2008-01-01,
Cayman Islands,2009-01-01,
Cayman Islands,2010-01-01,0.276140861750108
Cayman Islands,2011-01-01,1.32543575779664
Cayman Islands,2012-01-01,1.18894845245607
Cayman Islands,2013-01-01,2.1606114681339
Cayman Islands,2014-01-01,1.27397911533387
Cayman Islands,2015-01-01,-2.34752770165615
Cayman Islands,2016-01-01,-0.62525835861814
Cayman Islands,2017-01-01,
Cayman Islands,2018-01-01,
Cayman Islands,2019-01-01,
Cayman Islands,2020-01-01,
Cayman Islands,2021-01-01,
Cayman Islands,2022-01-01,
Cayman Islands,2023-01-01,
Cayman Islands,2024-01-01,
Central African Republic,1980-01-01,
Central African Republic,1981-01-01,-0.0333333333334091
Central African Republic,1982-01-01,13.2960986995662
Central African Republic,1983-01-01,14.6126112868811
Central African Republic,1984-01-01,2.54220966810047
Central African Republic,1985-01-01,10.4238402303886
Central African Republic,1986-01-01,2.24515251162269
Central African Republic,1987-01-01,-6.98680270599973
Central African Republic,1988-01-01,-3.96446882079366
Central African Republic,1989-01-01,0.689055807312737
Central African Republic,1990-01-01,-0.0123304562272101
Central African Republic,1991-01-01,-2.76236280675762
Central African Republic,1992-01-01,-1.03360811667777
Central African Republic,1993-01-01,-2.91535849298334
Central African Republic,1994-01-01,24.5710137275604
Central African Republic,1995-01-01,19.1894039735098
Central African Republic,1996-01-01,3.72494110325801
Central African Republic,1997-01-01,1.6113134776091
Central African Republic,1998-01-01,-1.8852009615791
Central African Republic,1999-01-01,-1.41420220082551
Central African Republic,2000-01-01,3.20340091563112
Central African Republic,2001-01-01,3.83486060237361
Central African Republic,2002-01-01,2.33181703516234
Central African Republic,2003-01-01,4.13470905150995
Central African Republic,2004-01-01,-2.06640601136302
Central African Republic,2005-01-01,2.88352073359021
Central African Republic,2006-01-01,6.69526465773354
Central African Republic,2007-01-01,0.959917619457109
Central African Republic,2008-01-01,9.25895099417076
Central African Republic,2009-01-01,3.52126227238642
Central African Republic,2010-01-01,1.49102370047802
Central African Republic,2011-01-01,1.1944757244985
Central African Republic,2012-01-01,5.47829594346117
Central African Republic,2013-01-01,6.98879341970198
Central African Republic,2014-01-01,14.8986841797549
Central African Republic,2015-01-01,1.40297017136816
Central African Republic,2016-01-01,4.94543276106518
Central African Republic,2017-01-01,4.18072331871266
Central African Republic,2018-01-01,1.61215686991555
Central African Republic,2019-01-01,2.68537355266786
Central African Republic,2020-01-01,1.71015659523152
Central African Republic,2021-01-01,4.25936417542868
Central African Republic,2022-01-01,5.58316735183246
Central African Republic,2023-01-01,2.97913852618936
Central African Republic,2024-01-01,1.47733600718743
Central Europe and the Baltics,1980-01-01,
Central Europe and the Baltics,1981-01-01,
Central Europe and the Baltics,1982-01-01,
Central Europe and the Baltics,1983-01-01,
Central Europe and the Baltics,1984-01-01,
Central Europe and the Baltics,1985-01-01,
Central Europe and the Baltics,1986-01-01,
Central Europe and the Baltics,1987-01-01,
Central Europe and the Baltics,1988-01-01,
Central Europe and the Baltics,1989-01-01,
Central Europe and the Baltics,1990-01-01,
Central Europe and the Baltics,1991-01-01,
Central Europe and the Baltics,1992-01-01,
Central Europe and the Baltics,1993-01-01,
Central Europe and the Baltics,1994-01-01,
Central Europe and the Baltics,1995-01-01,
Central Europe and the Baltics,1996-01-01,
Central Europe and the Baltics,1997-01-01,
Central Europe and the Baltics,1998-01-01,
Central Europe and the Baltics,1999-01-01,
Central Europe and the Baltics,2000-01-01,
Central Europe and the Baltics,2001-01-01,
Central Europe and the Baltics,2002-01-01,
Central Europe and the Baltics,2003-01-01,
Central Europe and the Baltics,2004-01-01,
Central Europe and the Baltics,2005-01-01,
Central Europe and the Baltics,2006-01-01,
Central Europe and the Baltics,2007-01-01,
Central Europe and the Baltics,2008-01-01,
Central Europe and the Baltics,2009-01-01,
Central Europe and the Baltics,2010-01-01,
Central Europe and the Baltics,2011-01-01,
Central Europe and the Baltics,2012-01-01,
Central Europe and the Baltics,2013-01-01,
Central Europe and the Baltics,2014-01-01,
Central Europe and the Baltics,2015-01-01,
Central Europe and the Baltics,2016-01-01,
Central Europe and the Baltics,2017-01-01,
Central Europe and the Baltics,2018-01-01,
Central Europe and the Baltics,2019-01-01,
Central Europe and the Baltics,2020-01-01,
Central Europe and the Baltics,2021-01-01,
Central Europe and the Baltics,2022-01-01,
Central Europe and the Baltics,2023-01-01,
Central Europe and the Baltics,2024-01-01,
Chad,1980-01-01,
Chad,1981-01-01,
Chad,1982-01-01,
Chad,1983-01-01,
Chad,1984-01-01,20.2508960573479
Chad,1985-01-01,5.15399900645816
Chad,1986-01-01,-13.0565725758829
Chad,1987-01-01,-5.97484276729554
Chad,1988-01-01,15.4775176514303
Chad,1989-01-01,-3.68913460441471
Chad,1990-01-01,-0.738282265310918
Chad,1991-01-01,3.19387473029496
Chad,1992-01-01,-3.11303067214949
Chad,1993-01-01,-8.427933486518
Chad,1994-01-01,41.7248972364414
Chad,1995-01-01,9.23032599768656
Chad,1996-01-01,11.3308789057282
Chad,1997-01-01,5.5722571112533
Chad,1998-01-01,4.2588511022514
Chad,1999-01-01,-8.02505962727454
Chad,2000-01-01,3.82260088086306
Chad,2001-01-01,12.4312865279941
Chad,2002-01-01,5.19181895195446
Chad,2003-01-01,-1.75256941248655
Chad,2004-01-01,-5.35540028884816
Chad,2005-01-01,7.89036567462993
Chad,2006-01-01,8.03628897951331
Chad,2007-01-01,-8.9747396200927
Chad,2008-01-01,10.2969758221254
Chad,2009-01-01,9.95242290748864
Chad,2010-01-01,-2.07786574641866
Chad,2011-01-01,2.0292405367826
Chad,2012-01-01,7.51662364663833
Chad,2013-01-01,0.222671564624551
Chad,2014-01-01,1.6819731392567
Chad,2015-01-01,4.37712665065654
Chad,2016-01-01,-0.792440525236102
Chad,2017-01-01,-1.5370996298084
Chad,2018-01-01,4.27462198610545
Chad,2019-01-01,-0.971939175419401
Chad,2020-01-01,4.46414437232861
Chad,2021-01-01,-0.77284437035914
Chad,2022-01-01,5.78802687843616
Chad,2023-01-01,10.8363568399843
Chad,2024-01-01,8.89950732263754
Channel Islands,1980-01-01,
Channel Islands,1981-01-01,
Channel Islands,1982-01-01,
Channel Islands,1983-01-01,
Channel Islands,1984-01-01,
Channel Islands,1985-01-01,
Channel Islands,1986-01-01,
Channel Islands,1987-01-01,
Channel Islands,1988-01-01,
Channel Islands,1989-01-01,
Channel Islands,1990-01-01,
Channel Islands,1991-01-01,
Channel Islands,1992-01-01,
Channel Islands,1993-01-01,
Channel Islands,1994-01-01,
Channel Islands,1995-01-01,
Channel Islands,1996-01-01,
Channel Islands,1997-01-01,
Channel Islands,1998-01-01,
Channel Islands,1999-01-01,
Channel Islands,2000-01-01,
Channel Islands,2001-01-01,
Channel Islands,2002-01-01,
Channel Islands,2003-01-01,
Channel Islands,2004-01-01,
Channel Islands,2005-01-01,
Channel Islands,2006-01-01,
Channel Islands,2007-01-01,
Channel Islands,2008-01-01,
Channel Islands,2009-01-01,
Channel Islands,2010-01-01,
Channel Islands,2011-01-01,
Channel Islands,2012-01-01,
Channel Islands,2013-01-01,
Channel Islands,2014-01-01,
Channel Islands,2015-01-01,
Channel Islands,2016-01-01,
Channel Islands,2017-01-01,
Channel Islands,2018-01-01,
Channel Islands,2019-01-01,
Channel Islands,2020-01-01,
Channel Islands,2021-01-01,
Channel Islands,2022-01-01,
Channel Islands,2023-01-01,
Channel Islands,2024-01-01,
Chile,1980-01-01,35.1383405330485
Chile,1981-01-01,19.6868327084319
Chile,1982-01-01,9.94102693041832
Chile,1983-01-01,27.2571946726204
Chile,1984-01-01,19.8602056602626
Chile,1985-01-01,30.703498909615
Chile,1986-01-01,19.4768379232582
Chile,1987-01-01,19.8808457201905
Chile,1988-01-01,14.6843512500819
Chile,1989-01-01,17.0279367308961
Chile,1990-01-01,26.0364811362364
Chile,1991-01-01,21.7844124277757
Chile,1992-01-01,15.4258064688927
Chile,1993-01-01,12.7277669490963
Chile,1994-01-01,11.4431196444972
Chile,1995-01-01,8.23263034116114
Chile,1996-01-01,7.35911781788767
Chile,1997-01-01,6.13386464357927
Chile,1998-01-01,5.11024954517559
Chile,1999-01-01,3.33687917526023
Chile,2000-01-01,3.84327295706565
Chile,2001-01-01,3.56910053001466
Chile,2002-01-01,2.48939816650705
Chile,2003-01-01,2.8101787574361
Chile,2004-01-01,1.05473871403516
Chile,2005-01-01,3.05257621387849
Chile,2006-01-01,3.39201733699405
Chile,2007-01-01,4.40779938398044
Chile,2008-01-01,8.71626873039607
Chile,2009-01-01,0.353045178360936
Chile,2010-01-01,1.4107110795432
Chile,2011-01-01,3.34121694259302
Chile,2012-01-01,3.00744840213047
Chile,2013-01-01,1.7895555398459
Chile,2014-01-01,4.71867527854671
Chile,2015-01-01,4.34877353217044
Chile,2016-01-01,3.78619355893118
Chile,2017-01-01,2.18271846868519
Chile,2018-01-01,2.43488981353057
Chile,2019-01-01,2.55754475703326
Chile,2020-01-01,3.04549084804326
Chile,2021-01-01,4.52456838259143
Chile,2022-01-01,11.6438667110559
Chile,2023-01-01,7.58168251407962
Chile,2024-01-01,4.29763891572524
China,1980-01-01,
China,1981-01-01,
China,1982-01-01,
China,1983-01-01,
China,1984-01-01,
China,1985-01-01,
China,1986-01-01,
China,1987-01-01,7.23383553065609
China,1988-01-01,18.8118179448752
China,1989-01-01,18.2456383621647
China,1990-01-01,3.05229012075233
China,1991-01-01,3.55668565220452
China,1992-01-01,6.35398134024868
China,1993-01-01,14.6100786356602
China,1994-01-01,24.2569897243361
China,1995-01-01,16.7912251650916
China,1996-01-01,8.31316028893908
China,1997-01-01,2.78646505531881
China,1998-01-01,-0.773186011549318
China,1999-01-01,-1.40147268276464
China,2000-01-01,0.347811226864586
China,2001-01-01,0.719125609120113
China,2002-01-01,-0.731970902350243
China,2003-01-01,1.12760348729637
China,2004-01-01,3.82463743108159
China,2005-01-01,1.7764140766757
China,2006-01-01,1.64943099455859
China,2007-01-01,4.81676767378834
China,2008-01-01,5.92525137041091
China,2009-01-01,-0.728165250932898
China,2010-01-01,3.17532475269199
China,2011-01-01,5.55389892257493
China,2012-01-01,2.6195243264554
China,2013-01-01,2.62105001748114
China,2014-01-01,1.9216416278852
China,2015-01-01,1.43702380935654
China,2016-01-01,2.00000182191943
China,2017-01-01,1.59313600071435
China,2018-01-01,2.07479039965576
China,2019-01-01,2.89923416358226
China,2020-01-01,2.41942189457782
China,2021-01-01,0.981015135544881
China,2022-01-01,1.9735755573905
China,2023-01-01,0.23483682889305
China,2024-01-01,0.218128938439177
Colombia,1980-01-01,26.5526531495356
Colombia,1981-01-01,27.4537624347993
Colombia,1982-01-01,24.7209882528585
Colombia,1983-01-01,19.5973170624764
Colombia,1984-01-01,16.1616171361426
Colombia,1985-01-01,24.090174368125
Colombia,1986-01-01,18.8424631612405
Colombia,1987-01-01,23.302028364018
Colombia,1988-01-01,28.1083969771703
Colombia,1989-01-01,25.8675480831987
Colombia,1990-01-01,29.1520245976215
Colombia,1991-01-01,30.3878204854435
Colombia,1992-01-01,27.010626623136
Colombia,1993-01-01,22.4424828533275
Colombia,1994-01-01,22.8462417553044
Colombia,1995-01-01,20.8917930194849
Colombia,1996-01-01,20.7975755127401
Colombia,1997-01-01,18.4700217119089
Colombia,1998-01-01,18.6769799276671
Colombia,1999-01-01,10.873687085747
Colombia,2000-01-01,9.22534818585365
Colombia,2001-01-01,7.96556090304834
Colombia,2002-01-01,6.35150728778872
Colombia,2003-01-01,7.1297886294186
Colombia,2004-01-01,5.90402005546502
Colombia,2005-01-01,5.05101962689695
Colombia,2006-01-01,4.29342363628926
Colombia,2007-01-01,5.54438485815155
Colombia,2008-01-01,6.9968849555451
Colombia,2009-01-01,4.20251661216481
Colombia,2010-01-01,2.27200227892008
Colombia,2011-01-01,3.4150334477625
Colombia,2012-01-01,3.16930188840055
Colombia,2013-01-01,2.01699224310383
Colombia,2014-01-01,2.89883787761737
Colombia,2015-01-01,4.98983115849529
Colombia,2016-01-01,7.51346024627674
Colombia,2017-01-01,4.3143132569501
Colombia,2018-01-01,3.24056932930569
Colombia,2019-01-01,3.52301932741446
Colombia,2020-01-01,2.52663500084706
Colombia,2021-01-01,3.49505757399448
Colombia,2022-01-01,10.1772313546166
Colombia,2023-01-01,11.7359044948689
Colombia,2024-01-01,6.60908593728228
Comoros,1980-01-01,
Comoros,1981-01-01,
Comoros,1982-01-01,
Comoros,1983-01-01,
Comoros,1984-01-01,
Comoros,1985-01-01,
Comoros,1986-01-01,
Comoros,1987-01-01,
Comoros,1988-01-01,
Comoros,1989-01-01,
Comoros,1990-01-01,
Comoros,1991-01-01,
Comoros,1992-01-01,
Comoros,1993-01-01,
Comoros,1994-01-01,
Comoros,1995-01-01,
Comoros,1996-01-01,
Comoros,1997-01-01,
Comoros,1998-01-01,
Comoros,1999-01-01,
Comoros,2000-01-01,
Comoros,2001-01-01,5.55459394816812
Comoros,2002-01-01,3.53304214308077
Comoros,2003-01-01,3.799081366719
Comoros,2004-01-01,4.47499289078106
Comoros,2005-01-01,3.0133239505812
Comoros,2006-01-01,3.37436360121204
Comoros,2007-01-01,4.46616710098131
Comoros,2008-01-01,1.7007817628453
Comoros,2009-01-01,4.36234829325719
Comoros,2010-01-01,3.35475770328919
Comoros,2011-01-01,1.8426630075619
Comoros,2012-01-01,6.31474450315177
Comoros,2013-01-01,-4.29487331536756
Comoros,2014-01-01,7.54755379096711
Comoros,2015-01-01,-0.117173884190069
Comoros,2016-01-01,0.797517430888487
Comoros,2017-01-01,-0.237362224154613
Comoros,2018-01-01,2.15155084413033
Comoros,2019-01-01,3.58213544469211
Comoros,2020-01-01,0.786641929499151
Comoros,2021-01-01,-0.00441793682346988
Comoros,2022-01-01,12.5320314570998
Comoros,2023-01-01,8.37373955490995
Comoros,2024-01-01,5.05192609588218
"Congo, Dem. Rep.",1980-01-01,46.6259068303308
"Congo, Dem. Rep.",1981-01-01,35.4082648744293
"Congo, Dem. Rep.",1982-01-01,36.6996975740914
"Congo, Dem. Rep.",1983-01-01,76.5266976662658
"Congo, Dem. Rep.",1984-01-01,52.2270113573208
"Congo, Dem. Rep.",1985-01-01,23.8207845213349
"Congo, Dem. Rep.",1986-01-01,44.4
"Congo, Dem. Rep.",1987-01-01,78.6703601108032
"Congo, Dem. Rep.",1988-01-01,71.0917312661503
"Congo, Dem. Rep.",1989-01-01,104.06522942826
"Congo, Dem. Rep.",1990-01-01,81.295404814004
"Congo, Dem. Rep.",1991-01-01,2154.4368271134
"Congo, Dem. Rep.",1992-01-01,4129.16985661558
"Congo, Dem. Rep.",1993-01-01,1986.90476190475
"Congo, Dem. Rep.",1994-01-01,23773.1317741015
"Congo, Dem. Rep.",1995-01-01,541.908883239026
"Congo, Dem. Rep.",1996-01-01,492.441850235414
"Congo, Dem. Rep.",1997-01-01,198.516707416462
"Congo, Dem. Rep.",1998-01-01,29.1488069236652
"Congo, Dem. Rep.",1999-01-01,284.894975914086
"Congo, Dem. Rep.",2000-01-01,513.906843747535
"Congo, Dem. Rep.",2001-01-01,359.936614264585
"Congo, Dem. Rep.",2002-01-01,31.5225826025495
"Congo, Dem. Rep.",2003-01-01,12.8739657187404
"Congo, Dem. Rep.",2004-01-01,3.9943840081597
"Congo, Dem. Rep.",2005-01-01,21.316816722934
"Congo, Dem. Rep.",2006-01-01,13.0526949745101
"Congo, Dem. Rep.",2007-01-01,16.9451006541949
"Congo, Dem. Rep.",2008-01-01,17.3013845700156
"Congo, Dem. Rep.",2009-01-01,2.79999999999981
"Congo, Dem. Rep.",2010-01-01,7.10000000000037
"Congo, Dem. Rep.",2011-01-01,15.316515913949
"Congo, Dem. Rep.",2012-01-01,9.72182806273364
"Congo, Dem. Rep.",2013-01-01,0.80822310148711
"Congo, Dem. Rep.",2014-01-01,1.24303889760802
"Congo, Dem. Rep.",2015-01-01,0.74419899478147
"Congo, Dem. Rep.",2016-01-01,2.88585107289988
"Congo, Dem. Rep.",2017-01-01,
"Congo, Dem. Rep.",2018-01-01,
"Congo, Dem. Rep.",2019-01-01,
"Congo, Dem. Rep.",2020-01-01,
"Congo, Dem. Rep.",2021-01-01,
"Congo, Dem. Rep.",2022-01-01,
"Congo, Dem. Rep.",2023-01-01,
"Congo, Dem. Rep.",2024-01-01,
"Congo, Rep.",1980-01-01,
"Congo, Rep.",1981-01-01,
"Congo, Rep.",1982-01-01,
"Congo, Rep.",1983-01-01,
"Congo, Rep.",1984-01-01,
"Congo, Rep.",1985-01-01,
"Congo, Rep.",1986-01-01,4.15811088295678
"Congo, Rep.",1987-01-01,0.443568260226844
"Congo, Rep.",1988-01-01,1.0304219823355
"Congo, Rep.",1989-01-01,-1.79698882952884
"Congo, Rep.",1990-01-01,2.88905374216946
"Congo, Rep.",1991-01-01,-1.67834968956536
"Congo, Rep.",1992-01-01,-3.93546810070881
"Congo, Rep.",1993-01-01,4.92366412213743
"Congo, Rep.",1994-01-01,42.4396750333452
"Congo, Rep.",1995-01-01,9.41800743452227
"Congo, Rep.",1996-01-01,10.0311203319502
"Congo, Rep.",1997-01-01,
"Congo, Rep.",1998-01-01,
"Congo, Rep.",1999-01-01,4.14267137284048
"Congo, Rep.",2000-01-01,-0.88199151702543
"Congo, Rep.",2001-01-01,0.0559899218140582
"Congo, Rep.",2002-01-01,4.37875971780872
"Congo, Rep.",2003-01-01,-0.631844987363156
"Congo, Rep.",2004-01-01,2.42976607961799
"Congo, Rep.",2005-01-01,3.09449011456181
"Congo, Rep.",2006-01-01,6.53784395299603
"Congo, Rep.",2007-01-01,2.65464645060702
"Congo, Rep.",2008-01-01,4.95875092023151
"Congo, Rep.",2009-01-01,4.41500374795223
"Congo, Rep.",2010-01-01,0.391525011227612
"Congo, Rep.",2011-01-01,1.75958704273803
"Congo, Rep.",2012-01-01,5.01018773134471
"Congo, Rep.",2013-01-01,4.63161619729461
"Congo, Rep.",2014-01-01,0.912139545450097
"Congo, Rep.",2015-01-01,3.16909796750829
"Congo, Rep.",2016-01-01,3.19056179723773
"Congo, Rep.",2017-01-01,0.450063823285546
"Congo, Rep.",2018-01-01,1.15277896375523
"Congo, Rep.",2019-01-01,2.20607305781525
"Congo, Rep.",2020-01-01,1.79537147083107
"Congo, Rep.",2021-01-01,1.7156427545126
"Congo, Rep.",2022-01-01,3.04344334698477
"Congo, Rep.",2023-01-01,4.30174563591016
"Congo, Rep.",2024-01-01,3.09143630919166
Costa Rica,1980-01-01,18.1351707960709
Costa Rica,1981-01-01,37.0563415239513
Costa Rica,1982-01-01,90.1213328504165
Costa Rica,1983-01-01,32.6237081487831
Costa Rica,1984-01-01,11.9474270118863
Costa Rica,1985-01-01,15.0574196445756
Costa Rica,1986-01-01,11.8350618936099
Costa Rica,1987-01-01,16.8424201630394
Costa Rica,1988-01-01,20.8325332309202
Costa Rica,1989-01-01,16.509808768739
Costa Rica,1990-01-01,19.0397526635648
Costa Rica,1991-01-01,28.7092913706617
Costa Rica,1992-01-01,21.7911687900609
Costa Rica,1993-01-01,9.77860078293776
Costa Rica,1994-01-01,13.5344687273427
Costa Rica,1995-01-01,23.1864981102567
Costa Rica,1996-01-01,17.5114524814591
Costa Rica,1997-01-01,13.2480440791191
Costa Rica,1998-01-01,11.6592997742233
Costa Rica,1999-01-01,10.0452817292494
Costa Rica,2000-01-01,10.9615496593622
Costa Rica,2001-01-01,11.2556157091171
Costa Rica,2002-01-01,9.16752048509118
Costa Rica,2003-01-01,9.44758091616983
Costa Rica,2004-01-01,12.3148150178852
Costa Rica,2005-01-01,13.7982949108987
Costa Rica,2006-01-01,11.4705968149052
Costa Rica,2007-01-01,9.35724456417157
Costa Rica,2008-01-01,13.4244635507283
Costa Rica,2009-01-01,7.84270167700653
Costa Rica,2010-01-01,5.66275708420021
Costa Rica,2011-01-01,4.87799830970702
Costa Rica,2012-01-01,4.49545314354605
Costa Rica,2013-01-01,5.23133614174428
Costa Rica,2014-01-01,4.51920098516953
Costa Rica,2015-01-01,0.801982005099623
Costa Rica,2016-01-01,-0.0174788505908217
Costa Rica,2017-01-01,1.62590692991731
Costa Rica,2018-01-01,2.2211146152658
Costa Rica,2019-01-01,2.09604635327807
Costa Rica,2020-01-01,0.724911478131375
Costa Rica,2021-01-01,1.72647755109241
Costa Rica,2022-01-01,8.27477490232654
Costa Rica,2023-01-01,0.525193508693455
Costa Rica,2024-01-01,-0.412853001047069
Cote d'Ivoire,1980-01-01,14.7009812997865
Cote d'Ivoire,1981-01-01,8.79921083308777
Cote d'Ivoire,1982-01-01,7.58312589642149
Cote d'Ivoire,1983-01-01,5.64042843342125
Cote d'Ivoire,1984-01-01,4.2847611036187
Cote d'Ivoire,1985-01-01,1.86380327150627
Cote d'Ivoire,1986-01-01,9.68295473116514
Cote d'Ivoire,1987-01-01,6.94330626536573
Cote d'Ivoire,1988-01-01,6.93068617206514
Cote d'Ivoire,1989-01-01,1.04951823790383
Cote d'Ivoire,1990-01-01,-0.80587969827806
Cote d'Ivoire,1991-01-01,1.68334849863479
Cote d'Ivoire,1992-01-01,4.23138382869967
Cote d'Ivoire,1993-01-01,2.16471453976754
Cote d'Ivoire,1994-01-01,26.0815719947161
Cote d'Ivoire,1995-01-01,14.2950690851944
Cote d'Ivoire,1996-01-01,2.48080669187551
Cote d'Ivoire,1997-01-01,4.02083333333305
Cote d'Ivoire,1998-01-01,4.61144759515372
Cote d'Ivoire,1999-01-01,0.70237580595596
Cote d'Ivoire,2000-01-01,2.53077516737996
Cote d'Ivoire,2001-01-01,4.36152914007256
Cote d'Ivoire,2002-01-01,3.07726485157427
Cote d'Ivoire,2003-01-01,3.29680746974208
Cote d'Ivoire,2004-01-01,1.45798835600741
Cote d'Ivoire,2005-01-01,3.88583039886481
Cote d'Ivoire,2006-01-01,2.46719148596914
Cote d'Ivoire,2007-01-01,1.89200629349597
Cote d'Ivoire,2008-01-01,6.30852769152578
Cote d'Ivoire,2009-01-01,1.01950457731137
Cote d'Ivoire,2010-01-01,1.22645612135479
Cote d'Ivoire,2011-01-01,4.9124339505245
Cote d'Ivoire,2012-01-01,1.30451119915606
Cote d'Ivoire,2013-01-01,2.58117037252935
Cote d'Ivoire,2014-01-01,0.448682076766141
Cote d'Ivoire,2015-01-01,1.25149954781467
Cote d'Ivoire,2016-01-01,0.723178457513308
Cote d'Ivoire,2017-01-01,0.685881065304603
Cote d'Ivoire,2018-01-01,0.401297817263547
Cote d'Ivoire,2019-01-01,0.79085551205366
Cote d'Ivoire,2020-01-01,2.41252617189052
Cote d'Ivoire,2021-01-01,4.15919657911797
Cote d'Ivoire,2022-01-01,5.23352856100842
Cote d'Ivoire,2023-01-01,4.36972254867474
Cote d'Ivoire,2024-01-01,3.45053028131018
Croatia,1980-01-01,
Croatia,1981-01-01,
Croatia,1982-01-01,
Croatia,1983-01-01,
Croatia,1984-01-01,
Croatia,1985-01-01,
Croatia,1986-01-01,50.0
Croatia,1987-01-01,133.333263744315
Croatia,1988-01-01,185.714285714285
Croatia,1989-01-01,1400.0
Croatia,1990-01-01,500.000000000001
Croatia,1991-01-01,122.222222222221
Croatia,1992-01-01,625.000000000001
Croatia,1993-01-01,1500.0
Croatia,1994-01-01,107.327586206896
Croatia,1995-01-01,3.95010395010402
Croatia,1996-01-01,4.29999999999995
Croatia,1997-01-01,4.17066155321188
Croatia,1998-01-01,6.39668660837554
Croatia,1999-01-01,4.01913875598086
Croatia,2000-01-01,4.61131554737801
Croatia,2001-01-01,3.77670246665889
Croatia,2002-01-01,1.67178437393383
Croatia,2003-01-01,1.76733780760629
Croatia,2004-01-01,2.05539679050328
Croatia,2005-01-01,3.31717824448045
Croatia,2006-01-01,3.18982591472949
Croatia,2007-01-01,2.89928275583388
Croatia,2008-01-01,6.07696838798354
Croatia,2009-01-01,2.37852845904674
Croatia,2010-01-01,1.03055505333574
Croatia,2011-01-01,2.2727272727273
Croatia,2012-01-01,3.41207349081358
Croatia,2013-01-01,2.21658206429779
Croatia,2014-01-01,-0.215196159576268
Croatia,2015-01-01,-0.464499004644911
Croatia,2016-01-01,-1.12500000000002
Croatia,2017-01-01,1.12937210282347
Croatia,2018-01-01,1.50012501041756
Croatia,2019-01-01,0.771820346498019
Croatia,2020-01-01,0.154811374562106
Croatia,2021-01-01,2.55450699642041
Croatia,2022-01-01,10.7805806758686
Croatia,2023-01-01,7.9412817758683
Croatia,2024-01-01,2.97200477643618
Cuba,1980-01-01,
Cuba,1981-01-01,
Cuba,1982-01-01,
Cuba,1983-01-01,
Cuba,1984-01-01,
Cuba,1985-01-01,
Cuba,1986-01-01,
Cuba,1987-01-01,
Cuba,1988-01-01,
Cuba,1989-01-01,
Cuba,1990-01-01,
Cuba,1991-01-01,
Cuba,1992-01-01,
Cuba,1993-01-01,
Cuba,1994-01-01,
Cuba,1995-01-01,
Cuba,1996-01-01,
Cuba,1997-01-01,
Cuba,1998-01-01,
Cuba,1999-01-01,
Cuba,2000-01-01,
Cuba,2001-01-01,
Cuba,2002-01-01,
Cuba,2003-01-01,
Cuba,2004-01-01,
Cuba,2005-01-01,
Cuba,2006-01-01,
Cuba,2007-01-01,
Cuba,2008-01-01,
Cuba,2009-01-01,
Cuba,2010-01-01,
Cuba,2011-01-01,
Cuba,2012-01-01,
Cuba,2013-01-01,
Cuba,2014-01-01,
Cuba,2015-01-01,
Cuba,2016-01-01,
Cuba,2017-01-01,
Cuba,2018-01-01,
Cuba,2019-01-01,
Cuba,2020-01-01,
Cuba,2021-01-01,
Cuba,2022-01-01,
Cuba,2023-01-01,
Cuba,2024-01-01,
Curacao,1980-01-01,
Curacao,1981-01-01,
Curacao,1982-01-01,
Curacao,1983-01-01,
Curacao,1984-01-01,
Curacao,1985-01-01,
Curacao,1986-01-01,
Curacao,1987-01-01,
Curacao,1988-01-01,
Curacao,1989-01-01,
Curacao,1990-01-01,
Curacao,1991-01-01,
Curacao,1992-01-01,
Curacao,1993-01-01,
Curacao,1994-01-01,
Curacao,1995-01-01,
Curacao,1996-01-01,
Curacao,1997-01-01,
Curacao,1998-01-01,
Curacao,1999-01-01,
Curacao,2000-01-01,
Curacao,2001-01-01,1.79282868525896
Curacao,2002-01-01,0.391389432485324
Curacao,2003-01-01,1.6337139144157
Curacao,2004-01-01,1.37912138094799
Curacao,2005-01-01,4.11711711711707
Curacao,2006-01-01,3.11499524097949
Curacao,2007-01-01,2.99572039942908
Curacao,2008-01-01,6.8763239367776
Curacao,2009-01-01,1.75331605427595
Curacao,2010-01-01,2.77944261312586
Curacao,2011-01-01,2.3325315256217
Curacao,2012-01-01,3.18398746349454
Curacao,2013-01-01,1.33232086152117
Curacao,2014-01-01,1.49873969616429
Curacao,2015-01-01,-0.476542049801404
Curacao,2016-01-01,-0.0472079848940292
Curacao,2017-01-01,1.58558801700344
Curacao,2018-01-01,2.58368756641813
Curacao,2019-01-01,2.62220783425058
Curacao,2020-01-01,
Curacao,2021-01-01,
Curacao,2022-01-01,
Curacao,2023-01-01,
Curacao,2024-01-01,
Cyprus,1980-01-01,13.5175605772583
Cyprus,1981-01-01,10.7446936083976
Cyprus,1982-01-01,6.43279726693689
Cyprus,1983-01-01,5.04971424100878
Cyprus,1984-01-01,5.99195111048443
Cyprus,1985-01-01,5.03445366364796
Cyprus,1986-01-01,1.21836925967664
Cyprus,1987-01-01,2.79166666666696
Cyprus,1988-01-01,3.42926631536285
Cyprus,1989-01-01,3.76548048283389
Cyprus,1990-01-01,4.50205462895842
Cyprus,1991-01-01,5.03527438848104
Cyprus,1992-01-01,6.51021953065818
Cyprus,1993-01-01,4.85416666666692
Cyprus,1994-01-01,4.6985893105498
Cyprus,1995-01-01,2.61581787956337
Cyprus,1996-01-01,2.97892486481265
Cyprus,1997-01-01,3.60534444364628
Cyprus,1998-01-01,2.22770732654316
Cyprus,1999-01-01,1.62999999999998
Cyprus,2000-01-01,4.1416576470206
Cyprus,2001-01-01,1.97304191729914
Cyprus,2002-01-01,2.80115505180746
Cyprus,2003-01-01,4.13906538686858
Cyprus,2004-01-01,2.28621706801674
Cyprus,2005-01-01,2.56016132330233
Cyprus,2006-01-01,2.30468732978555
Cyprus,2007-01-01,2.37265183669719
Cyprus,2008-01-01,4.66900841902485
Cyprus,2009-01-01,0.326276652249793
Cyprus,2010-01-01,2.43004084102254
Cyprus,2011-01-01,3.28944939564211
Cyprus,2012-01-01,2.38905410042316
Cyprus,2013-01-01,-0.399357676464425
Cyprus,2014-01-01,-1.35498885446314
Cyprus,2015-01-01,-2.0969976905311
Cyprus,2016-01-01,-1.42916666666665
Cyprus,2017-01-01,0.531766496174467
Cyprus,2018-01-01,1.43549119531759
Cyprus,2019-01-01,0.250370996758493
Cyprus,2020-01-01,-0.638422797978958
Cyprus,2021-01-01,2.44608867175474
Cyprus,2022-01-01,8.39548297993334
Cyprus,2023-01-01,3.54134188751663
Cyprus,2024-01-01,1.80023018624815
Czechia,1980-01-01,
Czechia,1981-01-01,
Czechia,1982-01-01,
Czechia,1983-01-01,
Czechia,1984-01-01,
Czechia,1985-01-01,
Czechia,1986-01-01,
Czechia,1987-01-01,
Czechia,1988-01-01,
Czechia,1989-01-01,
Czechia,1990-01-01,
Czechia,1991-01-01,
Czechia,1992-01-01,11.086500072223
Czechia,1993-01-01,20.8130295438428
Czechia,1994-01-01,10.039429835143
Czechia,1995-01-01,8.99052361478448
Czechia,1996-01-01,8.75877472878111
Czechia,1997-01-01,8.59615666715564
Czechia,1998-01-01,10.6983655274888
Czechia,1999-01-01,2.13544844417329
Czechia,2000-01-01,3.77538829151729
Czechia,2001-01-01,4.66267556988257
Czechia,2002-01-01,1.90298097019026
Czechia,2003-01-01,0.118739205526814
Czechia,2004-01-01,2.76010781671153
Czechia,2005-01-01,1.85709789109228
Czechia,2006-01-01,2.53399258343633
Czechia,2007-01-01,2.8531243721117
Czechia,2008-01-01,6.3586638015237
Czechia,2009-01-01,1.01937735329229
Czechia,2010-01-01,1.47272727272728
Czechia,2011-01-01,1.9172191363555
Czechia,2012-01-01,3.28762306610411
Czechia,2013-01-01,1.4382978723404
Czechia,2014-01-01,0.343988589646793
Czechia,2015-01-01,0.309364548494975
Czechia,2016-01-01,0.683504209385702
Czechia,2017-01-01,2.4505339846014
Czechia,2018-01-01,2.14949494949492
Czechia,2019-01-01,2.84787595918041
Czechia,2020-01-01,3.1612952849781
Czechia,2021-01-01,3.83984491500146
Czechia,2022-01-01,15.100165146837
Czechia,2023-01-01,10.6612601372427
Czechia,2024-01-01,2.43531202435314
Denmark,1980-01-01,12.3053240760182
Denmark,1981-01-01,11.7673874344181
Denmark,1982-01-01,10.1208256779822
Denmark,1983-01-01,6.90822881158844
Denmark,1984-01-01,6.29077936023769
Denmark,1985-01-01,4.67875145183254
Denmark,1986-01-01,3.67818411863452
Denmark,1987-01-01,4.01999345683161
Denmark,1988-01-01,4.53513301015726
Denmark,1989-01-01,4.77272342435518
Denmark,1990-01-01,2.64160306382001
Denmark,1991-01-01,2.39515331724416
Denmark,1992-01-01,2.09604442933213
Denmark,1993-01-01,1.2578566795326
Denmark,1994-01-01,1.99201463809517
Denmark,1995-01-01,2.08360842382854
Denmark,1996-01-01,2.12629802275577
Denmark,1997-01-01,2.1821667790712
Denmark,1998-01-01,1.84565122007883
Denmark,1999-01-01,2.49779544404529
Denmark,2000-01-01,2.90328203236461
Denmark,2001-01-01,2.33787000255262
Denmark,2002-01-01,2.42443661219694
Denmark,2003-01-01,2.07507820646506
Denmark,2004-01-01,1.15435693124934
Denmark,2005-01-01,1.81781458291254
Denmark,2006-01-01,1.92422138464584
Denmark,2007-01-01,1.69326586220324
Denmark,2008-01-01,3.41626794258374
Denmark,2009-01-01,1.30470991024335
Denmark,2010-01-01,2.31092436974786
Denmark,2011-01-01,2.7586822605125
Denmark,2012-01-01,2.3979148566464
Denmark,2013-01-01,0.789071780078062
Denmark,2014-01-01,0.56402054044954
Denmark,2015-01-01,0.452034153691574
Denmark,2016-01-01,0.250000000000031
Denmark,2017-01-01,1.14713216957601
Denmark,2018-01-01,0.813609467455631
Denmark,2019-01-01,0.75813157251162
Denmark,2020-01-01,0.420711974110024
Denmark,2021-01-01,1.85304543989689
Denmark,2022-01-01,7.69656699889259
Denmark,2023-01-01,3.30517811237605
Denmark,2024-01-01,1.37220049768925
Djibouti,1980-01-01,12.0580235721855
Djibouti,1981-01-01,5.71736785374116
Djibouti,1982-01-01,-2.41071428572344
Djibouti,1983-01-01,0.901842896356863
Djibouti,1984-01-01,1.88471502578426
Djibouti,1985-01-01,2.12890298848072
Djibouti,1986-01-01,18.147633450986
Djibouti,1987-01-01,4.08911644641214
Djibouti,1988-01-01,
Djibouti,1989-01-01,
Djibouti,1990-01-01,
Djibouti,1991-01-01,
Djibouti,1992-01-01,
Djibouti,1993-01-01,
Djibouti,1994-01-01,
Djibouti,1995-01-01,
Djibouti,1996-01-01,
Djibouti,1997-01-01,
Djibouti,1998-01-01,
Djibouti,1999-01-01,
Djibouti,2000-01-01,
Djibouti,2001-01-01,1.74665224985434
Djibouti,2002-01-01,0.637619553666319
Djibouti,2003-01-01,1.98196734627544
Djibouti,2004-01-01,3.12226204699352
Djibouti,2005-01-01,3.10496640148299
Djibouti,2006-01-01,3.48340699677866
Djibouti,2007-01-01,4.96597654553301
Djibouti,2008-01-01,11.9586206896551
Djibouti,2009-01-01,1.67549587285962
Djibouti,2010-01-01,3.95007875923886
Djibouti,2011-01-01,5.0687139477798
Djibouti,2012-01-01,3.73120950756887
Djibouti,2013-01-01,-12.563149225034
Djibouti,2014-01-01,1.34186494340162
Djibouti,2015-01-01,-0.522166521445793
Djibouti,2016-01-01,2.40252905434889
Djibouti,2017-01-01,0.57728572456066
Djibouti,2018-01-01,0.138836400011405
Djibouti,2019-01-01,3.31763203299602
Djibouti,2020-01-01,1.77900535643955
Djibouti,2021-01-01,1.18086783934059
Djibouti,2022-01-01,5.17222088647605
Djibouti,2023-01-01,1.44905087029085
Djibouti,2024-01-01,2.1120116728497
Dominica,1980-01-01,
Dominica,1981-01-01,13.2666874934914
Dominica,1982-01-01,4.39459409763737
Dominica,1983-01-01,4.14795244385732
Dominica,1984-01-01,2.2179942499574
Dominica,1985-01-01,3.73997998064239
Dominica,1986-01-01,2.77423367675706
Dominica,1987-01-01,4.02458043341634
Dominica,1988-01-01,2.92459163123741
Dominica,1989-01-01,6.21852149777859
Dominica,1990-01-01,3.19092323226821
Dominica,1991-01-01,5.55706153429132
Dominica,1992-01-01,5.47182559344177
Dominica,1993-01-01,1.56902604224498
Dominica,1994-01-01,0.0151367351744227
Dominica,1995-01-01,1.31753745774969
Dominica,1996-01-01,1.67716450485913
Dominica,1997-01-01,2.43629715479673
Dominica,1998-01-01,0.999147457910748
Dominica,1999-01-01,1.17947787394174
Dominica,2000-01-01,0.856946805358482
Dominica,2001-01-01,1.3038940346596
Dominica,2002-01-01,0.170055330197681
Dominica,2003-01-01,1.4533680043725
Dominica,2004-01-01,2.39410982050298
Dominica,2005-01-01,1.68190079877552
Dominica,2006-01-01,2.20239132631669
Dominica,2007-01-01,3.6322212931782
Dominica,2008-01-01,6.35992183336295
Dominica,2009-01-01,0.00626357107066859
Dominica,2010-01-01,2.99936630549
Dominica,2011-01-01,1.1312313652648
Dominica,2012-01-01,1.35677147808859
Dominica,2013-01-01,-0.0464116468805991
Dominica,2014-01-01,0.799250372687492
Dominica,2015-01-01,-0.843826984638329
Dominica,2016-01-01,0.141816225732312
Dominica,2017-01-01,0.296252889279486
Dominica,2018-01-01,0.989191119189889
Dominica,2019-01-01,1.50462353858141
Dominica,2020-01-01,1.22026442242476
Dominica,2021-01-01,2.22891330700343
Dominica,2022-01-01,2.88490226829353
Dominica,2023-01-01,5.08677483158111
Dominica,2024-01-01,2.56921890367725
Dominican Republic,1980-01-01,16.7531356897101
Dominican Republic,1981-01-01,7.51463890696157
Dominican Republic,1982-01-01,7.64624306606147
Dominican Republic,1983-01-01,5.62862329448987
Dominican Republic,1984-01-01,20.1516781053536
Dominican Republic,1985-01-01,45.3361755532178
Dominican Republic,1986-01-01,7.63897266579929
Dominican Republic,1987-01-01,13.5507237827822
Dominican Republic,1988-01-01,43.8638323515052
Dominican Republic,1989-01-01,40.6579161175004
Dominican Republic,1990-01-01,50.4624792378524
Dominican Republic,1991-01-01,47.0791574105359
Dominican Republic,1992-01-01,4.25902638893392
Dominican Republic,1993-01-01,5.2503388069097
Dominican Republic,1994-01-01,8.26076798575834
Dominican Republic,1995-01-01,12.5359594558962
Dominican Republic,1996-01-01,5.39929385038922
Dominican Republic,1997-01-01,8.29656754792045
Dominican Republic,1998-01-01,4.83166558591895
Dominican Republic,1999-01-01,6.47054186846928
Dominican Republic,2000-01-01,7.72413566181615
Dominican Republic,2001-01-01,8.8830684881296
Dominican Republic,2002-01-01,5.22336769759446
Dominican Republic,2003-01-01,27.4497127394394
Dominican Republic,2004-01-01,51.4608598338065
Dominican Republic,2005-01-01,4.19020260472056
Dominican Republic,2006-01-01,7.57280523853073
Dominican Republic,2007-01-01,6.14356655248047
Dominican Republic,2008-01-01,10.6446210953711
Dominican Republic,2009-01-01,1.44215131834353
Dominican Republic,2010-01-01,6.32993220146146
Dominican Republic,2011-01-01,5.79676809206533
Dominican Republic,2012-01-01,3.69449707884776
Dominican Republic,2013-01-01,4.830950967408
Dominican Republic,2014-01-01,2.99864226125218
Dominican Republic,2015-01-01,0.836746346724556
Dominican Republic,2016-01-01,1.61416607245222
Dominican Republic,2017-01-01,3.27955694678546
Dominican Republic,2018-01-01,3.56443426013507
Dominican Republic,2019-01-01,1.81060377042959
Dominican Republic,2020-01-01,3.78103179915516
Dominican Republic,2021-01-01,8.24300347981809
Dominican Republic,2022-01-01,8.81109209279587
Dominican Republic,2023-01-01,4.78561281021135
Dominican Republic,2024-01-01,3.30223338951227
Early-demographic dividend,1980-01-01,
Early-demographic dividend,1981-01-01,
Early-demographic dividend,1982-01-01,
Early-demographic dividend,1983-01-01,
Early-demographic dividend,1984-01-01,
Early-demographic dividend,1985-01-01,
Early-demographic dividend,1986-01-01,
Early-demographic dividend,1987-01-01,
Early-demographic dividend,1988-01-01,
Early-demographic dividend,1989-01-01,
Early-demographic dividend,1990-01-01,
Early-demographic dividend,1991-01-01,
Early-demographic dividend,1992-01-01,
Early-demographic dividend,1993-01-01,
Early-demographic dividend,1994-01-01,
Early-demographic dividend,1995-01-01,
Early-demographic dividend,1996-01-01,
Early-demographic dividend,1997-01-01,
Early-demographic dividend,1998-01-01,
Early-demographic dividend,1999-01-01,
Early-demographic dividend,2000-01-01,
Early-demographic dividend,2001-01-01,
Early-demographic dividend,2002-01-01,
Early-demographic dividend,2003-01-01,
Early-demographic dividend,2004-01-01,
Early-demographic dividend,2005-01-01,
Early-demographic dividend,2006-01-01,
Early-demographic dividend,2007-01-01,
Early-demographic dividend,2008-01-01,
Early-demographic dividend,2009-01-01,
Early-demographic dividend,2010-01-01,
Early-demographic dividend,2011-01-01,
Early-demographic dividend,2012-01-01,
Early-demographic dividend,2013-01-01,
Early-demographic dividend,2014-01-01,
Early-demographic dividend,2015-01-01,
Early-demographic dividend,2016-01-01,
Early-demographic dividend,2017-01-01,
Early-demographic dividend,2018-01-01,
Early-demographic dividend,2019-01-01,
Early-demographic dividend,2020-01-01,
Early-demographic dividend,2021-01-01,
Early-demographic dividend,2022-01-01,
Early-demographic dividend,2023-01-01,
Early-demographic dividend,2024-01-01,
East Asia & Pacific,1980-01-01,
East Asia & Pacific,1981-01-01,
East Asia & Pacific,1982-01-01,
East Asia & Pacific,1983-01-01,
East Asia & Pacific,1984-01-01,
East Asia & Pacific,1985-01-01,
East Asia & Pacific,1986-01-01,
East Asia & Pacific,1987-01-01,
East Asia & Pacific,1988-01-01,
East Asia & Pacific,1989-01-01,
East Asia & Pacific,1990-01-01,
East Asia & Pacific,1991-01-01,
East Asia & Pacific,1992-01-01,
East Asia & Pacific,1993-01-01,
East Asia & Pacific,1994-01-01,
East Asia & Pacific,1995-01-01,
East Asia & Pacific,1996-01-01,
East Asia & Pacific,1997-01-01,
East Asia & Pacific,1998-01-01,
East Asia & Pacific,1999-01-01,
East Asia & Pacific,2000-01-01,
East Asia & Pacific,2001-01-01,
East Asia & Pacific,2002-01-01,
East Asia & Pacific,2003-01-01,
East Asia & Pacific,2004-01-01,
East Asia & Pacific,2005-01-01,
East Asia & Pacific,2006-01-01,
East Asia & Pacific,2007-01-01,
East Asia & Pacific,2008-01-01,
East Asia & Pacific,2009-01-01,
East Asia & Pacific,2010-01-01,
East Asia & Pacific,2011-01-01,
East Asia & Pacific,2012-01-01,
East Asia & Pacific,2013-01-01,
East Asia & Pacific,2014-01-01,
East Asia & Pacific,2015-01-01,
East Asia & Pacific,2016-01-01,
East Asia & Pacific,2017-01-01,
East Asia & Pacific,2018-01-01,
East Asia & Pacific,2019-01-01,
East Asia & Pacific,2020-01-01,
East Asia & Pacific,2021-01-01,
East Asia & Pacific,2022-01-01,
East Asia & Pacific,2023-01-01,
East Asia & Pacific,2024-01-01,
East Asia & Pacific (IDA & IBRD countries),1980-01-01,
East Asia & Pacific (IDA & IBRD countries),1981-01-01,
East Asia & Pacific (IDA & IBRD countries),1982-01-01,
East Asia & Pacific (IDA & IBRD countries),1983-01-01,
East Asia & Pacific (IDA & IBRD countries),1984-01-01,
East Asia & Pacific (IDA & IBRD countries),1985-01-01,
East Asia & Pacific (IDA & IBRD countries),1986-01-01,
East Asia & Pacific (IDA & IBRD countries),1987-01-01,
East Asia & Pacific (IDA & IBRD countries),1988-01-01,
East Asia & Pacific (IDA & IBRD countries),1989-01-01,
East Asia & Pacific (IDA & IBRD countries),1990-01-01,
East Asia & Pacific (IDA & IBRD countries),1991-01-01,
East Asia & Pacific (IDA & IBRD countries),1992-01-01,
East Asia & Pacific (IDA & IBRD countries),1993-01-01,
East Asia & Pacific (IDA & IBRD countries),1994-01-01,
East Asia & Pacific (IDA & IBRD countries),1995-01-01,
East Asia & Pacific (IDA & IBRD countries),1996-01-01,
East Asia & Pacific (IDA & IBRD countries),1997-01-01,
East Asia & Pacific (IDA & IBRD countries),1998-01-01,
East Asia & Pacific (IDA & IBRD countries),1999-01-01,
East Asia & Pacific (IDA & IBRD countries),2000-01-01,
East Asia & Pacific (IDA & IBRD countries),2001-01-01,
East Asia & Pacific (IDA & IBRD countries),2002-01-01,
East Asia & Pacific (IDA & IBRD countries),2003-01-01,
East Asia & Pacific (IDA & IBRD countries),2004-01-01,
East Asia & Pacific (IDA & IBRD countries),2005-01-01,
East Asia & Pacific (IDA & IBRD countries),2006-01-01,
East Asia & Pacific (IDA & IBRD countries),2007-01-01,
East Asia & Pacific (IDA & IBRD countries),2008-01-01,
East Asia & Pacific (IDA & IBRD countries),2009-01-01,
East Asia & Pacific (IDA & IBRD countries),2010-01-01,
East Asia & Pacific (IDA & IBRD countries),2011-01-01,
East Asia & Pacific (IDA & IBRD countries),2012-01-01,
East Asia & Pacific (IDA & IBRD countries),2013-01-01,
East Asia & Pacific (IDA & IBRD countries),2014-01-01,
East Asia & Pacific (IDA & IBRD countries),2015-01-01,
East Asia & Pacific (IDA & IBRD countries),2016-01-01,
East Asia & Pacific (IDA & IBRD countries),2017-01-01,
East Asia & Pacific (IDA & IBRD countries),2018-01-01,
East Asia & Pacific (IDA & IBRD countries),2019-01-01,
East Asia & Pacific (IDA & IBRD countries),2020-01-01,
East Asia & Pacific (IDA & IBRD countries),2021-01-01,
East Asia & Pacific (IDA & IBRD countries),2022-01-01,
East Asia & Pacific (IDA & IBRD countries),2023-01-01,
East Asia & Pacific (IDA & IBRD countries),2024-01-01,
East Asia & Pacific (excluding high income),1980-01-01,
East Asia & Pacific (excluding high income),1981-01-01,
East Asia & Pacific (excluding high income),1982-01-01,
East Asia & Pacific (excluding high income),1983-01-01,
East Asia & Pacific (excluding high income),1984-01-01,
East Asia & Pacific (excluding high income),1985-01-01,
East Asia & Pacific (excluding high income),1986-01-01,
East Asia & Pacific (excluding high income),1987-01-01,
East Asia & Pacific (excluding high income),1988-01-01,
East Asia & Pacific (excluding high income),1989-01-01,
East Asia & Pacific (excluding high income),1990-01-01,
East Asia & Pacific (excluding high income),1991-01-01,
East Asia & Pacific (excluding high income),1992-01-01,
East Asia & Pacific (excluding high income),1993-01-01,
East Asia & Pacific (excluding high income),1994-01-01,
East Asia & Pacific (excluding high income),1995-01-01,
East Asia & Pacific (excluding high income),1996-01-01,
East Asia & Pacific (excluding high income),1997-01-01,
East Asia & Pacific (excluding high income),1998-01-01,
East Asia & Pacific (excluding high income),1999-01-01,
East Asia & Pacific (excluding high income),2000-01-01,
East Asia & Pacific (excluding high income),2001-01-01,
East Asia & Pacific (excluding high income),2002-01-01,
East Asia & Pacific (excluding high income),2003-01-01,
East Asia & Pacific (excluding high income),2004-01-01,
East Asia & Pacific (excluding high income),2005-01-01,
East Asia & Pacific (excluding high income),2006-01-01,
East Asia & Pacific (excluding high income),2007-01-01,
East Asia & Pacific (excluding high income),2008-01-01,
East Asia & Pacific (excluding high income),2009-01-01,
East Asia & Pacific (excluding high income),2010-01-01,
East Asia & Pacific (excluding high income),2011-01-01,
East Asia & Pacific (excluding high income),2012-01-01,
East Asia & Pacific (excluding high income),2013-01-01,
East Asia & Pacific (excluding high income),2014-01-01,
East Asia & Pacific (excluding high income),2015-01-01,
East Asia & Pacific (excluding high income),2016-01-01,
East Asia & Pacific (excluding high income),2017-01-01,
East Asia & Pacific (excluding high income),2018-01-01,
East Asia & Pacific (excluding high income),2019-01-01,
East Asia & Pacific (excluding high income),2020-01-01,
East Asia & Pacific (excluding high income),2021-01-01,
East Asia & Pacific (excluding high income),2022-01-01,
East Asia & Pacific (excluding high income),2023-01-01,
East Asia & Pacific (excluding high income),2024-01-01,
Ecuador,1980-01-01,11.9092893836134
Ecuador,1981-01-01,14.0479686718867
Ecuador,1982-01-01,16.2844880461284
Ecuador,1983-01-01,48.4182220804492
Ecuador,1984-01-01,31.2195815120372
Ecuador,1985-01-01,27.9936107429224
Ecuador,1986-01-01,23.0302261142617
Ecuador,1987-01-01,29.5039972488395
Ecuador,1988-01-01,58.2162865413937
Ecuador,1989-01-01,75.6481901026385
Ecuador,1990-01-01,48.5191129963729
Ecuador,1991-01-01,48.718080675219
Ecuador,1992-01-01,54.6078215093596
Ecuador,1993-01-01,44.9550537592163
Ecuador,1994-01-01,27.3108817940495
Ecuador,1995-01-01,22.9341344145802
Ecuador,1996-01-01,24.4114592150674
Ecuador,1997-01-01,30.6575675722172
Ecuador,1998-01-01,36.0984331623885
Ecuador,1999-01-01,52.2420051858225
Ecuador,2000-01-01,96.0963756926096
Ecuador,2001-01-01,37.6767454518094
Ecuador,2002-01-01,12.4835980082094
Ecuador,2003-01-01,7.92936487461555
Ecuador,2004-01-01,2.74323198926704
Ecuador,2005-01-01,2.1682770118372
Ecuador,2006-01-01,3.29874846258215
Ecuador,2007-01-01,2.27618478002121
Ecuador,2008-01-01,8.40009593987462
Ecuador,2009-01-01,5.15996829181047
Ecuador,2010-01-01,3.55437734567842
Ecuador,2011-01-01,4.4745326579584
Ecuador,2012-01-01,5.10172180958665
Ecuador,2013-01-01,2.72177577710371
Ecuador,2014-01-01,3.58922016616663
Ecuador,2015-01-01,3.96664623255357
Ecuador,2016-01-01,1.72826463324532
Ecuador,2017-01-01,0.417335588666824
Ecuador,2018-01-01,-0.224103246005552
Ecuador,2019-01-01,0.266012515466155
Ecuador,2020-01-01,-0.338872392562139
Ecuador,2021-01-01,0.133251386096389
Ecuador,2022-01-01,3.46616972213076
Ecuador,2023-01-01,2.21568764237058
Ecuador,2024-01-01,1.54732515615369
"Egypt, Arab Rep.",1980-01-01,20.8192249324218
"Egypt, Arab Rep.",1981-01-01,10.3172842245395
"Egypt, Arab Rep.",1982-01-01,14.8230088495576
"Egypt, Arab Rep.",1983-01-01,16.0798738833419
"Egypt, Arab Rep.",1984-01-01,17.0363663799607
"Egypt, Arab Rep.",1985-01-01,12.1067560598246
"Egypt, Arab Rep.",1986-01-01,23.8642898217366
"Egypt, Arab Rep.",1987-01-01,19.693593314763
"Egypt, Arab Rep.",1988-01-01,17.66348615313
"Egypt, Arab Rep.",1989-01-01,21.2618670886077
"Egypt, Arab Rep.",1990-01-01,16.7563747077691
"Egypt, Arab Rep.",1991-01-01,19.7485448195578
"Egypt, Arab Rep.",1992-01-01,13.6374241717218
"Egypt, Arab Rep.",1993-01-01,12.0897922868977
"Egypt, Arab Rep.",1994-01-01,8.15423128587096
"Egypt, Arab Rep.",1995-01-01,15.7422305021595
"Egypt, Arab Rep.",1996-01-01,7.18710369719992
"Egypt, Arab Rep.",1997-01-01,4.62560578826438
"Egypt, Arab Rep.",1998-01-01,3.87257546427489
"Egypt, Arab Rep.",1999-01-01,3.07949912638332
"Egypt, Arab Rep.",2000-01-01,2.68380535348546
"Egypt, Arab Rep.",2001-01-01,2.26975720475955
"Egypt, Arab Rep.",2002-01-01,2.73723855000334
"Egypt, Arab Rep.",2003-01-01,4.50777636319303
"Egypt, Arab Rep.",2004-01-01,11.2706193320519
"Egypt, Arab Rep.",2005-01-01,4.86939696871988
"Egypt, Arab Rep.",2006-01-01,7.64452644526434
"Egypt, Arab Rep.",2007-01-01,9.31896905799229
"Egypt, Arab Rep.",2008-01-01,18.3168316831684
"Egypt, Arab Rep.",2009-01-01,11.7634954386443
"Egypt, Arab Rep.",2010-01-01,11.2651882653185
"Egypt, Arab Rep.",2011-01-01,10.0649259874818
"Egypt, Arab Rep.",2012-01-01,7.11172943343082
"Egypt, Arab Rep.",2013-01-01,9.4697198106492
"Egypt, Arab Rep.",2014-01-01,10.0702154687481
"Egypt, Arab Rep.",2015-01-01,10.370490343517
"Egypt, Arab Rep.",2016-01-01,13.8136062148289
"Egypt, Arab Rep.",2017-01-01,29.5066083940038
"Egypt, Arab Rep.",2018-01-01,14.4014657807421
"Egypt, Arab Rep.",2019-01-01,9.15279959324803
"Egypt, Arab Rep.",2020-01-01,5.04493288977538
"Egypt, Arab Rep.",2021-01-01,5.21404940513042
"Egypt, Arab Rep.",2022-01-01,13.8956609775177
"Egypt, Arab Rep.",2023-01-01,33.8847763115546
"Egypt, Arab Rep.",2024-01-01,28.2705899322082
El Salvador,1980-01-01,17.3669682564025
El Salvador,1981-01-01,14.7971516299733
El Salvador,1982-01-01,11.7288868654679
El Salvador,1983-01-01,13.3143177303524
El Salvador,1984-01-01,11.5071695057309
El Salvador,1985-01-01,22.3283750554416
El Salvador,1986-01-01,31.9350161472763
El Salvador,1987-01-01,24.8645003373125
El Salvador,1988-01-01,19.7611617858858
El Salvador,1989-01-01,17.6340799385345
El Salvador,1990-01-01,23.9991651130861
El Salvador,1991-01-01,14.4026748806266
El Salvador,1992-01-01,11.2144813801987
El Salvador,1993-01-01,18.5066883302714
El Salvador,1994-01-01,10.5858066526451
El Salvador,1995-01-01,10.0296564501018
El Salvador,1996-01-01,9.78892040179966
El Salvador,1997-01-01,4.49013627855204
El Salvador,1998-01-01,2.54705977554151
El Salvador,1999-01-01,0.514827130192979
El Salvador,2000-01-01,2.27128756828723
El Salvador,2001-01-01,3.7508205747202
El Salvador,2002-01-01,1.86552503610077
El Salvador,2003-01-01,2.1203909173333
El Salvador,2004-01-01,4.45194392395045
El Salvador,2005-01-01,4.69094870903769
El Salvador,2006-01-01,4.03712359429612
El Salvador,2007-01-01,4.57808572377153
El Salvador,2008-01-01,6.70792293515939
El Salvador,2009-01-01,1.05595029731201
El Salvador,2010-01-01,1.17933576873673
El Salvador,2011-01-01,5.1289237668161
El Salvador,2012-01-01,1.72973481581383
El Salvador,2013-01-01,0.757669184522973
El Salvador,2014-01-01,1.14134467538233
El Salvador,2015-01-01,-0.731384487387957
El Salvador,2016-01-01,0.60404908699661
El Salvador,2017-01-01,1.0123540331558
El Salvador,2018-01-01,1.09033000581892
El Salvador,2019-01-01,0.0753241350024612
El Salvador,2020-01-01,-0.371590212324095
El Salvador,2021-01-01,3.46692585313082
El Salvador,2022-01-01,7.19861615609867
El Salvador,2023-01-01,4.04554694222477
El Salvador,2024-01-01,0.853782292567288
Equatorial Guinea,1980-01-01,
Equatorial Guinea,1981-01-01,
Equatorial Guinea,1982-01-01,
Equatorial Guinea,1983-01-01,
Equatorial Guinea,1984-01-01,
Equatorial Guinea,1985-01-01,
Equatorial Guinea,1986-01-01,-17.6404240920371
Equatorial Guinea,1987-01-01,-13.1744727471927
Equatorial Guinea,1988-01-01,2.52365930599391
Equatorial Guinea,1989-01-01,6.16615384615363
Equatorial Guinea,1990-01-01,0.857871551124735
Equatorial Guinea,1991-01-01,-3.42528735632201
Equatorial Guinea,1992-01-01,-4.27874315639129
Equatorial Guinea,1993-01-01,5.4522847373328
Equatorial Guinea,1994-01-01,31.8410168416385
Equatorial Guinea,1995-01-01,19.8724349483472
Equatorial Guinea,1996-01-01,4.54072771540235
Equatorial Guinea,1997-01-01,3.01650540694366
Equatorial Guinea,1998-01-01,7.93571069814148
Equatorial Guinea,1999-01-01,0.372266170311928
Equatorial Guinea,2000-01-01,4.80228886901398
Equatorial Guinea,2001-01-01,8.82538925854966
Equatorial Guinea,2002-01-01,7.5924784983324
Equatorial Guinea,2003-01-01,7.32354399351809
Equatorial Guinea,2004-01-01,4.21968787094834
Equatorial Guinea,2005-01-01,5.63163351357613
Equatorial Guinea,2006-01-01,4.41589984169561
Equatorial Guinea,2007-01-01,2.80373831775704
Equatorial Guinea,2008-01-01,6.55176691184535
Equatorial Guinea,2009-01-01,4.69106567747375
Equatorial Guinea,2010-01-01,7.78916547991184
Equatorial Guinea,2011-01-01,4.805389221557
Equatorial Guinea,2012-01-01,3.65662048278806
Equatorial Guinea,2013-01-01,2.94887694639662
Equatorial Guinea,2014-01-01,4.30999866149107
Equatorial Guinea,2015-01-01,1.67663085315988
Equatorial Guinea,2016-01-01,1.41193915479015
Equatorial Guinea,2017-01-01,0.74435474661241
Equatorial Guinea,2018-01-01,1.06007410662171
Equatorial Guinea,2019-01-01,1.53027528964189
Equatorial Guinea,2020-01-01,4.76669523944228
Equatorial Guinea,2021-01-01,-0.0971007664640198
Equatorial Guinea,2022-01-01,4.78671704710803
Equatorial Guinea,2023-01-01,2.85949506037322
Equatorial Guinea,2024-01-01,2.92140227309103
Eritrea,1980-01-01,
Eritrea,1981-01-01,
Eritrea,1982-01-01,
Eritrea,1983-01-01,
Eritrea,1984-01-01,
Eritrea,1985-01-01,
Eritrea,1986-01-01,
Eritrea,1987-01-01,
Eritrea,1988-01-01,
Eritrea,1989-01-01,
Eritrea,1990-01-01,
Eritrea,1991-01-01,
Eritrea,1992-01-01,
Eritrea,1993-01-01,
Eritrea,1994-01-01,
Eritrea,1995-01-01,
Eritrea,1996-01-01,
Eritrea,1997-01-01,
Eritrea,1998-01-01,
Eritrea,1999-01-01,
Eritrea,2000-01-01,
Eritrea,2001-01-01,
Eritrea,2002-01-01,
Eritrea,2003-01-01,
Eritrea,2004-01-01,
Eritrea,2005-01-01,
Eritrea,2006-01-01,
Eritrea,2007-01-01,
Eritrea,2008-01-01,
Eritrea,2009-01-01,
Eritrea,2010-01-01,
Eritrea,2011-01-01,
Eritrea,2012-01-01,
Eritrea,2013-01-01,
Eritrea,2014-01-01,
Eritrea,2015-01-01,
Eritrea,2016-01-01,
Eritrea,2017-01-01,
Eritrea,2018-01-01,
Eritrea,2019-01-01,
Eritrea,2020-01-01,
Eritrea,2021-01-01,
Eritrea,2022-01-01,
Eritrea,2023-01-01,
Eritrea,2024-01-01,
Estonia,1980-01-01,
Estonia,1981-01-01,
Estonia,1982-01-01,
Estonia,1983-01-01,
Estonia,1984-01-01,
Estonia,1985-01-01,
Estonia,1986-01-01,
Estonia,1987-01-01,
Estonia,1988-01-01,
Estonia,1989-01-01,
Estonia,1990-01-01,
Estonia,1991-01-01,
Estonia,1992-01-01,
Estonia,1993-01-01,89.8119490277274
Estonia,1994-01-01,47.6546906187628
Estonia,1995-01-01,28.7766137208513
Estonia,1996-01-01,23.0503433495169
Estonia,1997-01-01,10.5818789322146
Estonia,1998-01-01,8.20833333333297
Estonia,1999-01-01,3.29611089718909
Estonia,2000-01-01,4.01848952508763
Estonia,2001-01-01,5.74827981651373
Estonia,2002-01-01,3.57191270164026
Estonia,2003-01-01,1.33499116549955
Estonia,2004-01-01,3.04811107523416
Estonia,2005-01-01,4.07971423199848
Estonia,2006-01-01,4.43762042389213
Estonia,2007-01-01,6.60132603055637
Estonia,2008-01-01,10.3623580313682
Estonia,2009-01-01,-0.0784083112809768
Estonia,2010-01-01,2.97204512015693
Estonia,2011-01-01,4.9819013145361
Estonia,2012-01-01,3.93339987296985
Estonia,2013-01-01,2.78056658954987
Estonia,2014-01-01,-0.106175146521709
Estonia,2015-01-01,-0.49232600654737
Estonia,2016-01-01,0.148684907627372
Estonia,2017-01-01,3.41723549488054
Estonia,2018-01-01,3.43632688420446
Estonia,2019-01-01,2.27725931243522
Estonia,2020-01-01,-0.444531097679829
Estonia,2021-01-01,4.65316673847472
Estonia,2022-01-01,19.3982634080616
Estonia,2023-01-01,9.15922507983982
Estonia,2024-01-01,3.5194118998392
Eswatini,1980-01-01,18.6839754034956
Eswatini,1981-01-01,20.0557966522539
Eswatini,1982-01-01,10.8074213418412
Eswatini,1983-01-01,11.5675243834069
Eswatini,1984-01-01,12.9397266412726
Eswatini,1985-01-01,20.4626334519576
Eswatini,1986-01-01,13.7370753323486
Eswatini,1987-01-01,13.3766233766228
Eswatini,1988-01-01,20.3945622781115
Eswatini,1989-01-01,7.54616477272771
Eswatini,1990-01-01,13.0922899124981
Eswatini,1991-01-01,8.93430656934288
Eswatini,1992-01-01,7.55829536317337
Eswatini,1993-01-01,12.0234238724148
Eswatini,1994-01-01,13.7693248804359
Eswatini,1995-01-01,12.2885912601426
Eswatini,1996-01-01,6.42521330315218
Eswatini,1997-01-01,7.12532722513057
Eswatini,1998-01-01,8.10996563573863
Eswatini,1999-01-01,6.08886063431493
Eswatini,2000-01-01,12.2085358545844
Eswatini,2001-01-01,5.94210982281648
Eswatini,2002-01-01,12.0197154699232
Eswatini,2003-01-01,7.28999999999999
Eswatini,2004-01-01,3.44533507316614
Eswatini,2005-01-01,4.77400404553712
Eswatini,2006-01-01,5.30463946338728
Eswatini,2007-01-01,8.07608827861589
Eswatini,2008-01-01,12.6574601863915
Eswatini,2009-01-01,7.44823423445754
Eswatini,2010-01-01,4.50923691774369
Eswatini,2011-01-01,6.10742714590251
Eswatini,2012-01-01,8.93964682788212
Eswatini,2013-01-01,5.62130623468948
Eswatini,2014-01-01,5.68134885776447
Eswatini,2015-01-01,4.95124493704919
Eswatini,2016-01-01,7.8472745908568
Eswatini,2017-01-01,6.22137528933118
Eswatini,2018-01-01,4.81506167461513
Eswatini,2019-01-01,2.59801620311077
Eswatini,2020-01-01,
Eswatini,2021-01-01,
Eswatini,2022-01-01,
Eswatini,2023-01-01,
Eswatini,2024-01-01,
Ethiopia,1980-01-01,4.48253780600435
Ethiopia,1981-01-01,6.13596718680434
Ethiopia,1982-01-01,5.89006107723961
Ethiopia,1983-01-01,-0.675378064854717
Ethiopia,1984-01-01,8.41727378312052
Ethiopia,1985-01-01,19.0646851444406
Ethiopia,1986-01-01,-9.80876507050661
Ethiopia,1987-01-01,-2.42867248283368
Ethiopia,1988-01-01,7.08071532141089
Ethiopia,1989-01-01,7.81730118223048
Ethiopia,1990-01-01,5.15248124174767
Ethiopia,1991-01-01,35.7225982298715
Ethiopia,1992-01-01,10.5274440119592
Ethiopia,1993-01-01,3.54306596166032
Ethiopia,1994-01-01,7.59387600185336
Ethiopia,1995-01-01,10.0221733553238
Ethiopia,1996-01-01,-8.48424868948825
Ethiopia,1997-01-01,2.39520958083829
Ethiopia,1998-01-01,0.894801693964106
Ethiopia,1999-01-01,7.94144864137325
Ethiopia,2000-01-01,0.662458109266481
Ethiopia,2001-01-01,-8.23784453391136
Ethiopia,2002-01-01,0.6750891021708
Ethiopia,2003-01-01,13.6740452028271
Ethiopia,2004-01-01,3.32737047894847
Ethiopia,2005-01-01,9.96997123512891
Ethiopia,2006-01-01,12.2994763114824
Ethiopia,2007-01-01,17.2404008340897
Ethiopia,2008-01-01,44.3566858766951
Ethiopia,2009-01-01,8.48364404530282
Ethiopia,2010-01-01,8.14926402965082
Ethiopia,2011-01-01,33.2499598823344
Ethiopia,2012-01-01,23.600417677317
Ethiopia,2013-01-01,7.46402192944517
Ethiopia,2014-01-01,6.89001951597191
Ethiopia,2015-01-01,9.56889955968623
Ethiopia,2016-01-01,6.62813337230924
Ethiopia,2017-01-01,10.6871150284238
Ethiopia,2018-01-01,13.8330356586661
Ethiopia,2019-01-01,15.8096321719344
Ethiopia,2020-01-01,20.3563468559061
Ethiopia,2021-01-01,26.8395221557722
Ethiopia,2022-01-01,33.8898797100898
Ethiopia,2023-01-01,30.2188278135278
Ethiopia,2024-01-01,21.037746057771
Euro area,1980-01-01,
Euro area,1981-01-01,
Euro area,1982-01-01,
Euro area,1983-01-01,
Euro area,1984-01-01,
Euro area,1985-01-01,
Euro area,1986-01-01,
Euro area,1987-01-01,
Euro area,1988-01-01,
Euro area,1989-01-01,
Euro area,1990-01-01,
Euro area,1991-01-01,
Euro area,1992-01-01,
Euro area,1993-01-01,
Euro area,1994-01-01,
Euro area,1995-01-01,
Euro area,1996-01-01,
Euro area,1997-01-01,
Euro area,1998-01-01,
Euro area,1999-01-01,
Euro area,2000-01-01,
Euro area,2001-01-01,
Euro area,2002-01-01,
Euro area,2003-01-01,
Euro area,2004-01-01,
Euro area,2005-01-01,
Euro area,2006-01-01,
Euro area,2007-01-01,
Euro area,2008-01-01,
Euro area,2009-01-01,
Euro area,2010-01-01,
Euro area,2011-01-01,
Euro area,2012-01-01,
Euro area,2013-01-01,
Euro area,2014-01-01,
Euro area,2015-01-01,
Euro area,2016-01-01,
Euro area,2017-01-01,
Euro area,2018-01-01,
Euro area,2019-01-01,
Euro area,2020-01-01,
Euro area,2021-01-01,
Euro area,2022-01-01,
Euro area,2023-01-01,
Euro area,2024-01-01,
Europe & Central Asia,1980-01-01,
Europe & Central Asia,1981-01-01,
Europe & Central Asia,1982-01-01,
Europe & Central Asia,1983-01-01,
Europe & Central Asia,1984-01-01,
Europe & Central Asia,1985-01-01,
Europe & Central Asia,1986-01-01,
Europe & Central Asia,1987-01-01,
Europe & Central Asia,1988-01-01,
Europe & Central Asia,1989-01-01,
Europe & Central Asia,1990-01-01,
Europe & Central Asia,1991-01-01,
Europe & Central Asia,1992-01-01,
Europe & Central Asia,1993-01-01,
Europe & Central Asia,1994-01-01,
Europe & Central Asia,1995-01-01,
Europe & Central Asia,1996-01-01,
Europe & Central Asia,1997-01-01,
Europe & Central Asia,1998-01-01,
Europe & Central Asia,1999-01-01,
Europe & Central Asia,2000-01-01,
Europe & Central Asia,2001-01-01,
Europe & Central Asia,2002-01-01,
Europe & Central Asia,2003-01-01,
Europe & Central Asia,2004-01-01,
Europe & Central Asia,2005-01-01,
Europe & Central Asia,2006-01-01,
Europe & Central Asia,2007-01-01,
Europe & Central Asia,2008-01-01,
Europe & Central Asia,2009-01-01,
Europe & Central Asia,2010-01-01,
Europe & Central Asia,2011-01-01,
Europe & Central Asia,2012-01-01,
Europe & Central Asia,2013-01-01,
Europe & Central Asia,2014-01-01,
Europe & Central Asia,2015-01-01,
Europe & Central Asia,2016-01-01,
Europe & Central Asia,2017-01-01,
Europe & Central Asia,2018-01-01,
Europe & Central Asia,2019-01-01,
Europe & Central Asia,2020-01-01,
Europe & Central Asia,2021-01-01,
Europe & Central Asia,2022-01-01,
Europe & Central Asia,2023-01-01,
Europe & Central Asia,2024-01-01,
Europe & Central Asia (IDA & IBRD countries),1980-01-01,
Europe & Central Asia (IDA & IBRD countries),1981-01-01,
Europe & Central Asia (IDA & IBRD countries),1982-01-01,
Europe & Central Asia (IDA & IBRD countries),1983-01-01,
Europe & Central Asia (IDA & IBRD countries),1984-01-01,
Europe & Central Asia (IDA & IBRD countries),1985-01-01,
Europe & Central Asia (IDA & IBRD countries),1986-01-01,
Europe & Central Asia (IDA & IBRD countries),1987-01-01,
Europe & Central Asia (IDA & IBRD countries),1988-01-01,
Europe & Central Asia (IDA & IBRD countries),1989-01-01,
Europe & Central Asia (IDA & IBRD countries),1990-01-01,
Europe & Central Asia (IDA & IBRD countries),1991-01-01,
Europe & Central Asia (IDA & IBRD countries),1992-01-01,
Europe & Central Asia (IDA & IBRD countries),1993-01-01,
Europe & Central Asia (IDA & IBRD countries),1994-01-01,
Europe & Central Asia (IDA & IBRD countries),1995-01-01,
Europe & Central Asia (IDA & IBRD countries),1996-01-01,
Europe & Central Asia (IDA & IBRD countries),1997-01-01,
Europe & Central Asia (IDA & IBRD countries),1998-01-01,
Europe & Central Asia (IDA & IBRD countries),1999-01-01,
Europe & Central Asia (IDA & IBRD countries),2000-01-01,
Europe & Central Asia (IDA & IBRD countries),2001-01-01,
Europe & Central Asia (IDA & IBRD countries),2002-01-01,
Europe & Central Asia (IDA & IBRD countries),2003-01-01,
Europe & Central Asia (IDA & IBRD countries),2004-01-01,
Europe & Central Asia (IDA & IBRD countries),2005-01-01,
Europe & Central Asia (IDA & IBRD countries),2006-01-01,
Europe & Central Asia (IDA & IBRD countries),2007-01-01,
Europe & Central Asia (IDA & IBRD countries),2008-01-01,
Europe & Central Asia (IDA & IBRD countries),2009-01-01,
Europe & Central Asia (IDA & IBRD countries),2010-01-01,
Europe & Central Asia (IDA & IBRD countries),2011-01-01,
Europe & Central Asia (IDA & IBRD countries),2012-01-01,
Europe & Central Asia (IDA & IBRD countries),2013-01-01,
Europe & Central Asia (IDA & IBRD countries),2014-01-01,
Europe & Central Asia (IDA & IBRD countries),2015-01-01,
Europe & Central Asia (IDA & IBRD countries),2016-01-01,
Europe & Central Asia (IDA & IBRD countries),2017-01-01,
Europe & Central Asia (IDA & IBRD countries),2018-01-01,
Europe & Central Asia (IDA & IBRD countries),2019-01-01,
Europe & Central Asia (IDA & IBRD countries),2020-01-01,
Europe & Central Asia (IDA & IBRD countries),2021-01-01,
Europe & Central Asia (IDA & IBRD countries),2022-01-01,
Europe & Central Asia (IDA & IBRD countries),2023-01-01,
Europe & Central Asia (IDA & IBRD countries),2024-01-01,
Europe & Central Asia (excluding high income),1980-01-01,
Europe & Central Asia (excluding high income),1981-01-01,
Europe & Central Asia (excluding high income),1982-01-01,
Europe & Central Asia (excluding high income),1983-01-01,
Europe & Central Asia (excluding high income),1984-01-01,
Europe & Central Asia (excluding high income),1985-01-01,
Europe & Central Asia (excluding high income),1986-01-01,
Europe & Central Asia (excluding high income),1987-01-01,
Europe & Central Asia (excluding high income),1988-01-01,
Europe & Central Asia (excluding high income),1989-01-01,
Europe & Central Asia (excluding high income),1990-01-01,
Europe & Central Asia (excluding high income),1991-01-01,
Europe & Central Asia (excluding high income),1992-01-01,
Europe & Central Asia (excluding high income),1993-01-01,
Europe & Central Asia (excluding high income),1994-01-01,
Europe & Central Asia (excluding high income),1995-01-01,
Europe & Central Asia (excluding high income),1996-01-01,
Europe & Central Asia (excluding high income),1997-01-01,
Europe & Central Asia (excluding high income),1998-01-01,
Europe & Central Asia (excluding high income),1999-01-01,
Europe & Central Asia (excluding high income),2000-01-01,
Europe & Central Asia (excluding high income),2001-01-01,
Europe & Central Asia (excluding high income),2002-01-01,
Europe & Central Asia (excluding high income),2003-01-01,
Europe & Central Asia (excluding high income),2004-01-01,
Europe & Central Asia (excluding high income),2005-01-01,
Europe & Central Asia (excluding high income),2006-01-01,
Europe & Central Asia (excluding high income),2007-01-01,
Europe & Central Asia (excluding high income),2008-01-01,
Europe & Central Asia (excluding high income),2009-01-01,
Europe & Central Asia (excluding high income),2010-01-01,
Europe & Central Asia (excluding high income),2011-01-01,
Europe & Central Asia (excluding high income),2012-01-01,
Europe & Central Asia (excluding high income),2013-01-01,
Europe & Central Asia (excluding high income),2014-01-01,
Europe & Central Asia (excluding high income),2015-01-01,
Europe & Central Asia (excluding high income),2016-01-01,
Europe & Central Asia (excluding high income),2017-01-01,
Europe & Central Asia (excluding high income),2018-01-01,
Europe & Central Asia (excluding high income),2019-01-01,
Europe & Central Asia (excluding high income),2020-01-01,
Europe & Central Asia (excluding high income),2021-01-01,
Europe & Central Asia (excluding high income),2022-01-01,
Europe & Central Asia (excluding high income),2023-01-01,
Europe & Central Asia (excluding high income),2024-01-01,
European Union,1980-01-01,
European Union,1981-01-01,
European Union,1982-01-01,
European Union,1983-01-01,
European Union,1984-01-01,
European Union,1985-01-01,
European Union,1986-01-01,
European Union,1987-01-01,
European Union,1988-01-01,
European Union,1989-01-01,
European Union,1990-01-01,
European Union,1991-01-01,
European Union,1992-01-01,
European Union,1993-01-01,
European Union,1994-01-01,
European Union,1995-01-01,
European Union,1996-01-01,
European Union,1997-01-01,
European Union,1998-01-01,
European Union,1999-01-01,
European Union,2000-01-01,
European Union,2001-01-01,
European Union,2002-01-01,
European Union,2003-01-01,
European Union,2004-01-01,
European Union,2005-01-01,
European Union,2006-01-01,
European Union,2007-01-01,
European Union,2008-01-01,
European Union,2009-01-01,
European Union,2010-01-01,
European Union,2011-01-01,
European Union,2012-01-01,
European Union,2013-01-01,
European Union,2014-01-01,
European Union,2015-01-01,
European Union,2016-01-01,
European Union,2017-01-01,
European Union,2018-01-01,
European Union,2019-01-01,
European Union,2020-01-01,
European Union,2021-01-01,
European Union,2022-01-01,
European Union,2023-01-01,
European Union,2024-01-01,
Faroe Islands,1980-01-01,
Faroe Islands,1981-01-01,
Faroe Islands,1982-01-01,
Faroe Islands,1983-01-01,
Faroe Islands,1984-01-01,
Faroe Islands,1985-01-01,
Faroe Islands,1986-01-01,
Faroe Islands,1987-01-01,
Faroe Islands,1988-01-01,
Faroe Islands,1989-01-01,
Faroe Islands,1990-01-01,
Faroe Islands,1991-01-01,
Faroe Islands,1992-01-01,
Faroe Islands,1993-01-01,
Faroe Islands,1994-01-01,
Faroe Islands,1995-01-01,
Faroe Islands,1996-01-01,
Faroe Islands,1997-01-01,
Faroe Islands,1998-01-01,
Faroe Islands,1999-01-01,
Faroe Islands,2000-01-01,
Faroe Islands,2001-01-01,
Faroe Islands,2002-01-01,
Faroe Islands,2003-01-01,
Faroe Islands,2004-01-01,
Faroe Islands,2005-01-01,
Faroe Islands,2006-01-01,
Faroe Islands,2007-01-01,
Faroe Islands,2008-01-01,
Faroe Islands,2009-01-01,
Faroe Islands,2010-01-01,
Faroe Islands,2011-01-01,
Faroe Islands,2012-01-01,
Faroe Islands,2013-01-01,
Faroe Islands,2014-01-01,
Faroe Islands,2015-01-01,
Faroe Islands,2016-01-01,
Faroe Islands,2017-01-01,
Faroe Islands,2018-01-01,
Faroe Islands,2019-01-01,
Faroe Islands,2020-01-01,
Faroe Islands,2021-01-01,
Faroe Islands,2022-01-01,
Faroe Islands,2023-01-01,
Faroe Islands,2024-01-01,
Fiji,1980-01-01,14.4928744064522
Fiji,1981-01-01,11.180666763762
Fiji,1982-01-01,7.03155689389487
Fiji,1983-01-01,6.70418399801419
Fiji,1984-01-01,5.29121761072432
Fiji,1985-01-01,4.42097239621908
Fiji,1986-01-01,1.79884248433801
Fiji,1987-01-01,5.66377475855221
Fiji,1988-01-01,11.7583268783888
Fiji,1989-01-01,6.18935403382354
Fiji,1990-01-01,8.19137132040969
Fiji,1991-01-01,6.49734555984547
Fiji,1992-01-01,4.88302271568615
Fiji,1993-01-01,5.20658925195764
Fiji,1994-01-01,0.816666666667011
Fiji,1995-01-01,2.16564721441536
Fiji,1996-01-01,3.05016181229797
Fiji,1997-01-01,3.36814006437943
Fiji,1998-01-01,5.71168160413118
Fiji,1999-01-01,1.96867366000919
Fiji,2000-01-01,1.09216459977387
Fiji,2001-01-01,4.27267024465105
Fiji,2002-01-01,0.762032085561206
Fiji,2003-01-01,4.17274777763034
Fiji,2004-01-01,2.827485193912
Fiji,2005-01-01,2.36576453830433
Fiji,2006-01-01,2.49083638787078
Fiji,2007-01-01,4.80370641306988
Fiji,2008-01-01,7.73227857918421
Fiji,2009-01-01,3.13103559015967
Fiji,2010-01-01,3.6890122967076
Fiji,2011-01-01,7.278117827085
Fiji,2012-01-01,3.42337523401979
Fiji,2013-01-01,2.91354193603992
Fiji,2014-01-01,0.519306474579106
Fiji,2015-01-01,1.37488542621446
Fiji,2016-01-01,3.86322538221277
Fiji,2017-01-01,3.34757834757831
Fiji,2018-01-01,4.08147637644542
Fiji,2019-01-01,1.79388647514555
Fiji,2020-01-01,-1.70014167847317
Fiji,2021-01-01,1.53454853751591
Fiji,2022-01-01,6.07882431529724
Fiji,2023-01-01,2.97544080604538
Fiji,2024-01-01,3.89084237884105
Finland,1980-01-01,11.5946192492107
Finland,1981-01-01,11.3057566509548
Finland,1982-01-01,9.58492764677445
Finland,1983-01-01,8.3662926064564
Finland,1984-01-01,7.06765638328172
Finland,1985-01-01,5.19562195429435
Finland,1986-01-01,2.93357920442326
Finland,1987-01-01,4.11302886205057
Finland,1988-01-01,5.0859286139488
Finland,1989-01-01,6.5929098018913
Finland,1990-01-01,6.14956531179849
Finland,1991-01-01,4.31021289843465
Finland,1992-01-01,2.91932319285011
Finland,1993-01-01,2.19065319556436
Finland,1994-01-01,1.08855677589404
Finland,1995-01-01,0.791239406938497
Finland,1996-01-01,0.629194238120965
Finland,1997-01-01,1.19255883425839
Finland,1998-01-01,1.3994737857984
Finland,1999-01-01,1.16223155669444
Finland,2000-01-01,3.04210080667795
Finland,2001-01-01,2.57844080098895
Finland,2002-01-01,1.57122012789379
Finland,2003-01-01,0.877440386254785
Finland,2004-01-01,0.187120559084418
Finland,2005-01-01,0.62387445002519
Finland,2006-01-01,1.56666380704386
Finland,2007-01-01,2.5106656524034
Finland,2008-01-01,4.06595355358379
Finland,2009-01-01,-9.17360384430342e-07
Finland,2010-01-01,1.18413523154646
Finland,2011-01-01,3.41680754255211
Finland,2012-01-01,2.80833622561573
Finland,2013-01-01,1.47828615688809
Finland,2014-01-01,1.04119621178439
Finland,2015-01-01,-0.207928839905268
Finland,2016-01-01,0.356684500891695
Finland,2017-01-01,0.754015047084346
Finland,2018-01-01,1.08382098409305
Finland,2019-01-01,1.0240939296343
Finland,2020-01-01,0.290554555653239
Finland,2021-01-01,2.19457432340007
Finland,2022-01-01,7.12350773301402
Finland,2023-01-01,6.25064322154762
Finland,2024-01-01,1.56568906231615
Fragile and conflict affected situations,1980-01-01,
Fragile and conflict affected situations,1981-01-01,
Fragile and conflict affected situations,1982-01-01,
Fragile and conflict affected situations,1983-01-01,
Fragile and conflict affected situations,1984-01-01,
Fragile and conflict affected situations,1985-01-01,
Fragile and conflict affected situations,1986-01-01,
Fragile and conflict affected situations,1987-01-01,
Fragile and conflict affected situations,1988-01-01,
Fragile and conflict affected situations,1989-01-01,
Fragile and conflict affected situations,1990-01-01,
Fragile and conflict affected situations,1991-01-01,
Fragile and conflict affected situations,1992-01-01,
Fragile and conflict affected situations,1993-01-01,
Fragile and conflict affected situations,1994-01-01,
Fragile and conflict affected situations,1995-01-01,
Fragile and conflict affected situations,1996-01-01,
Fragile and conflict affected situations,1997-01-01,
Fragile and conflict affected situations,1998-01-01,
Fragile and conflict affected situations,1999-01-01,
Fragile and conflict affected situations,2000-01-01,
Fragile and conflict affected situations,2001-01-01,
Fragile and conflict affected situations,2002-01-01,
Fragile and conflict affected situations,2003-01-01,
Fragile and conflict affected situations,2004-01-01,
Fragile and conflict affected situations,2005-01-01,
Fragile and conflict affected situations,2006-01-01,
Fragile and conflict affected situations,2007-01-01,
Fragile and conflict affected situations,2008-01-01,
Fragile and conflict affected situations,2009-01-01,
Fragile and conflict affected situations,2010-01-01,
Fragile and conflict affected situations,2011-01-01,
Fragile and conflict affected situations,2012-01-01,
Fragile and conflict affected situations,2013-01-01,
Fragile and conflict affected situations,2014-01-01,
Fragile and conflict affected situations,2015-01-01,
Fragile and conflict affected situations,2016-01-01,
Fragile and conflict affected situations,2017-01-01,
Fragile and conflict affected situations,2018-01-01,
Fragile and conflict affected situations,2019-01-01,
Fragile and conflict affected situations,2020-01-01,
Fragile and conflict affected situations,2021-01-01,
Fragile and conflict affected situations,2022-01-01,
Fragile and conflict affected situations,2023-01-01,
Fragile and conflict affected situations,2024-01-01,
France,1980-01-01,13.5625788483016
France,1981-01-01,13.3144055680072
France,1982-01-01,11.9784719523804
France,1983-01-01,9.45954847235315
France,1984-01-01,7.67380262247318
France,1985-01-01,5.83109973854513
France,1986-01-01,2.53852591781413
France,1987-01-01,3.28889821400135
France,1988-01-01,2.70081527508114
France,1989-01-01,3.49830220700752
France,1990-01-01,3.19428338029481
France,1991-01-01,3.21340732409677
France,1992-01-01,2.36376046269355
France,1993-01-01,2.10446277124642
France,1994-01-01,1.65551532926999
France,1995-01-01,1.79648142095589
France,1996-01-01,1.98288365089738
France,1997-01-01,1.20394294026963
France,1998-01-01,0.651126867833072
France,1999-01-01,0.537141639134596
France,2000-01-01,1.67595988720928
France,2001-01-01,1.63478079549599
France,2002-01-01,1.92341228727063
France,2003-01-01,2.09847219146919
France,2004-01-01,2.14208964640238
France,2005-01-01,1.74586936380487
France,2006-01-01,1.67512449608726
France,2007-01-01,1.48799805953859
France,2008-01-01,2.81286194914785
France,2009-01-01,0.0876204781574653
France,2010-01-01,1.53112270420918
France,2011-01-01,2.11159795175
France,2012-01-01,1.95419531613509
France,2013-01-01,0.863715497861804
France,2014-01-01,0.507758822937989
France,2015-01-01,0.0375143805125181
France,2016-01-01,0.183334861123764
France,2017-01-01,1.03228275064681
France,2018-01-01,1.85081508315492
France,2019-01-01,1.10825492288293
France,2020-01-01,0.476498852725065
France,2021-01-01,1.64233141038393
France,2022-01-01,5.22236748369725
France,2023-01-01,4.8783572650844
France,2024-01-01,1.99904942291462
French Polynesia,1980-01-01,
French Polynesia,1981-01-01,
French Polynesia,1982-01-01,
French Polynesia,1983-01-01,
French Polynesia,1984-01-01,
French Polynesia,1985-01-01,
French Polynesia,1986-01-01,
French Polynesia,1987-01-01,
French Polynesia,1988-01-01,
French Polynesia,1989-01-01,
French Polynesia,1990-01-01,
French Polynesia,1991-01-01,
French Polynesia,1992-01-01,
French Polynesia,1993-01-01,
French Polynesia,1994-01-01,
French Polynesia,1995-01-01,
French Polynesia,1996-01-01,
French Polynesia,1997-01-01,
French Polynesia,1998-01-01,
French Polynesia,1999-01-01,
French Polynesia,2000-01-01,
French Polynesia,2001-01-01,
French Polynesia,2002-01-01,
French Polynesia,2003-01-01,
French Polynesia,2004-01-01,
French Polynesia,2005-01-01,
French Polynesia,2006-01-01,
French Polynesia,2007-01-01,
French Polynesia,2008-01-01,
French Polynesia,2009-01-01,
French Polynesia,2010-01-01,
French Polynesia,2011-01-01,
French Polynesia,2012-01-01,
French Polynesia,2013-01-01,
French Polynesia,2014-01-01,
French Polynesia,2015-01-01,
French Polynesia,2016-01-01,
French Polynesia,2017-01-01,
French Polynesia,2018-01-01,
French Polynesia,2019-01-01,
French Polynesia,2020-01-01,
French Polynesia,2021-01-01,
French Polynesia,2022-01-01,
French Polynesia,2023-01-01,
French Polynesia,2024-01-01,
Gabon,1980-01-01,12.3403592565602
Gabon,1981-01-01,8.70650214893005
Gabon,1982-01-01,16.6857968797492
Gabon,1983-01-01,10.6719367588934
Gabon,1984-01-01,5.85714285714295
Gabon,1985-01-01,7.3549257759783
Gabon,1986-01-01,6.28535512256451
Gabon,1987-01-01,-0.946185688941441
Gabon,1988-01-01,-8.77611940298511
Gabon,1989-01-01,6.74083769633498
Gabon,1990-01-01,7.72532188841208
Gabon,1991-01-01,-11.6861126920888
Gabon,1992-01-01,-9.54291330336575
Gabon,1993-01-01,0.533746556474191
Gabon,1994-01-01,36.1162456962985
Gabon,1995-01-01,9.64653104079616
Gabon,1996-01-01,0.689693377281638
Gabon,1997-01-01,3.973450075453
Gabon,1998-01-01,1.44873854294598
Gabon,1999-01-01,-1.93660397603626
Gabon,2000-01-01,0.504920025834859
Gabon,2001-01-01,2.13762052701465
Gabon,2002-01-01,0.0366828893971394
Gabon,2003-01-01,2.23535313551536
Gabon,2004-01-01,0.40820530743925
Gabon,2005-01-01,3.70833333333304
Gabon,2006-01-01,-1.4094013660098
Gabon,2007-01-01,5.03031883679951
Gabon,2008-01-01,5.26430145575285
Gabon,2009-01-01,1.88570754577918
Gabon,2010-01-01,1.46154402720469
Gabon,2011-01-01,1.26331707837421
Gabon,2012-01-01,2.65241828695626
Gabon,2013-01-01,0.505441058915615
Gabon,2014-01-01,4.69045751826284
Gabon,2015-01-01,-0.338795188753406
Gabon,2016-01-01,2.10670712784054
Gabon,2017-01-01,2.65192583143902
Gabon,2018-01-01,4.74906652083221
Gabon,2019-01-01,2.46456756151187
Gabon,2020-01-01,1.35276110675333
Gabon,2021-01-01,1.0869074651941
Gabon,2022-01-01,4.23124798274579
Gabon,2023-01-01,3.62901534185376
Gabon,2024-01-01,1.17311998381218
"Gambia, The",1980-01-01,6.82461565247797
"Gambia, The",1981-01-01,5.94422700614445
"Gambia, The",1982-01-01,10.8558454553089
"Gambia, The",1983-01-01,10.6363036761385
"Gambia, The",1984-01-01,22.0984594145327
"Gambia, The",1985-01-01,18.319884874273
"Gambia, The",1986-01-01,56.560172013504
"Gambia, The",1987-01-01,23.5291669556941
"Gambia, The",1988-01-01,11.6905868876763
"Gambia, The",1989-01-01,8.27501608751592
"Gambia, The",1990-01-01,12.1677841130696
"Gambia, The",1991-01-01,8.64234325973438
"Gambia, The",1992-01-01,9.48654250617163
"Gambia, The",1993-01-01,6.46380422753847
"Gambia, The",1994-01-01,1.71020632305637
"Gambia, The",1995-01-01,6.98097441830556
"Gambia, The",1996-01-01,1.09948870771018
"Gambia, The",1997-01-01,2.78122790023229
"Gambia, The",1998-01-01,1.11418841174713
"Gambia, The",1999-01-01,3.8123720536602
"Gambia, The",2000-01-01,0.8449695667737
"Gambia, The",2001-01-01,4.49259609239754
"Gambia, The",2002-01-01,8.60912474386327
"Gambia, The",2003-01-01,17.0328665431988
"Gambia, The",2004-01-01,14.2067432845569
"Gambia, The",2005-01-01,4.83862177543157
"Gambia, The",2006-01-01,2.0565034236599
"Gambia, The",2007-01-01,5.36913473801957
"Gambia, The",2008-01-01,4.4436549094501
"Gambia, The",2009-01-01,4.56150687670983
"Gambia, The",2010-01-01,5.04968075857402
"Gambia, The",2011-01-01,4.7958826618311
"Gambia, The",2012-01-01,4.25432199813899
"Gambia, The",2013-01-01,5.69912989637382
"Gambia, The",2014-01-01,5.94799935696626
"Gambia, The",2015-01-01,6.8084549457961
"Gambia, The",2016-01-01,7.22879272057922
"Gambia, The",2017-01-01,8.03418974545911
"Gambia, The",2018-01-01,6.52096823946573
"Gambia, The",2019-01-01,7.11567625631192
"Gambia, The",2020-01-01,5.93127636562441
"Gambia, The",2021-01-01,7.37034758876618
"Gambia, The",2022-01-01,11.5131198380505
"Gambia, The",2023-01-01,16.9742129632327
"Gambia, The",2024-01-01,11.5610532897511
Georgia,1980-01-01,
Georgia,1981-01-01,
Georgia,1982-01-01,
Georgia,1983-01-01,
Georgia,1984-01-01,
Georgia,1985-01-01,
Georgia,1986-01-01,
Georgia,1987-01-01,
Georgia,1988-01-01,
Georgia,1989-01-01,
Georgia,1990-01-01,
Georgia,1991-01-01,
Georgia,1992-01-01,
Georgia,1993-01-01,
Georgia,1994-01-01,
Georgia,1995-01-01,162.717152150377
Georgia,1996-01-01,39.3574999987146
Georgia,1997-01-01,7.08761762948726
Georgia,1998-01-01,3.56680781278783
Georgia,1999-01-01,19.1926758218895
Georgia,2000-01-01,4.06396201382596
Georgia,2001-01-01,4.64604442058634
Georgia,2002-01-01,5.58783730000794
Georgia,2003-01-01,0.837734531536568
Georgia,2004-01-01,5.65632636191132
Georgia,2005-01-01,8.24709043114158
Georgia,2006-01-01,9.16096508394497
Georgia,2007-01-01,9.24489745592404
Georgia,2008-01-01,9.99948761552747
Georgia,2009-01-01,1.7275146113791
Georgia,2010-01-01,7.11017897486099
Georgia,2011-01-01,8.5429333333333
Georgia,2012-01-01,-0.943658853270964
Georgia,2013-01-01,-0.512058410947092
Georgia,2014-01-01,3.06881210379543
Georgia,2015-01-01,4.00357820695097
Georgia,2016-01-01,2.13492713939121
Georgia,2017-01-01,6.03531725272117
Georgia,2018-01-01,2.6152447139767
Georgia,2019-01-01,4.85289821696723
Georgia,2020-01-01,5.2024648897534
Georgia,2021-01-01,9.56691433824769
Georgia,2022-01-01,11.8981654203198
Georgia,2023-01-01,2.48776056578715
Georgia,2024-01-01,1.10971758022096
Germany,1980-01-01,5.44105754460346
Germany,1981-01-01,6.34424277746325
Germany,1982-01-01,5.24104507228422
Germany,1983-01-01,3.29341474302853
Germany,1984-01-01,2.40579339931959
Germany,1985-01-01,2.0662330121658
Germany,1986-01-01,-0.129413360854742
Germany,1987-01-01,0.249906108705029
Germany,1988-01-01,1.27411894006923
Germany,1989-01-01,2.78056955569751
Germany,1990-01-01,2.69646824292392
Germany,1991-01-01,4.04703259753466
Germany,1992-01-01,5.0569779673173
Germany,1993-01-01,4.47457650752808
Germany,1994-01-01,2.69305639854954
Germany,1995-01-01,1.70616041317076
Germany,1996-01-01,1.44972701963238
Germany,1997-01-01,1.93937198922729
Germany,1998-01-01,0.911183535014403
Germany,1999-01-01,0.585433064230783
Germany,2000-01-01,1.44026838719741
Germany,2001-01-01,1.98385731334471
Germany,2002-01-01,1.42080615551526
Germany,2003-01-01,1.03422218628562
Germany,2004-01-01,1.66573696655991
Germany,2005-01-01,1.54691114751328
Germany,2006-01-01,1.57742642840563
Germany,2007-01-01,2.2983440070095
Germany,2008-01-01,2.62837981637219
Germany,2009-01-01,0.312739007368446
Germany,2010-01-01,1.1038103778926
Germany,2011-01-01,2.07517283735874
Germany,2012-01-01,2.00848884782956
Germany,2013-01-01,1.50472330251876
Germany,2014-01-01,0.906794000434245
Germany,2015-01-01,0.514426137125456
Germany,2016-01-01,0.491747008445174
Germany,2017-01-01,1.50949485109628
Germany,2018-01-01,1.73216879766941
Germany,2019-01-01,1.44565976888253
Germany,2020-01-01,0.144877925813981
Germany,2021-01-01,3.06666666666673
Germany,2022-01-01,6.87257438551096
Germany,2023-01-01,5.94643667725823
Germany,2024-01-01,2.2564981433876
Ghana,1980-01-01,50.0701393436364
Ghana,1981-01-01,116.503603996541
Ghana,1982-01-01,22.2955664080893
Ghana,1983-01-01,122.874514572592
Ghana,1984-01-01,39.6653137947268
Ghana,1985-01-01,10.3054406698295
Ghana,1986-01-01,24.5654160765001
Ghana,1987-01-01,39.8150678775363
Ghana,1988-01-01,31.3592676264768
Ghana,1989-01-01,25.2236920295825
Ghana,1990-01-01,37.2590664855671
Ghana,1991-01-01,18.0314390089849
Ghana,1992-01-01,10.0561167448841
Ghana,1993-01-01,24.9598424742497
Ghana,1994-01-01,24.8702554369576
Ghana,1995-01-01,59.4615536991446
Ghana,1996-01-01,46.5610196762282
Ghana,1997-01-01,27.8852086407527
Ghana,1998-01-01,14.6241666666675
Ghana,1999-01-01,4.86539785077528
Ghana,2000-01-01,40.240933123914
Ghana,2001-01-01,41.509496287803
Ghana,2002-01-01,9.36093239560313
Ghana,2003-01-01,29.7729797160384
Ghana,2004-01-01,18.0427388232565
Ghana,2005-01-01,15.4389920155908
Ghana,2006-01-01,11.6791839392492
Ghana,2007-01-01,10.7342665456292
Ghana,2008-01-01,16.494639613412
Ghana,2009-01-01,19.2469482220857
Ghana,2010-01-01,10.7333898354915
Ghana,2011-01-01,8.7284593709302
Ghana,2012-01-01,11.1863409441067
Ghana,2013-01-01,11.6661923071729
Ghana,2014-01-01,15.4896160333318
Ghana,2015-01-01,17.1499695007878
Ghana,2016-01-01,17.4546347070868
Ghana,2017-01-01,12.3719215507048
Ghana,2018-01-01,7.80876516610703
Ghana,2019-01-01,7.14364003330857
Ghana,2020-01-01,9.88728956269944
Ghana,2021-01-01,9.9710886750444
Ghana,2022-01-01,31.2558951049016
Ghana,2023-01-01,38.1069656296501
Ghana,2024-01-01,22.8483281157842
Gibraltar,1980-01-01,
Gibraltar,1981-01-01,
Gibraltar,1982-01-01,
Gibraltar,1983-01-01,
Gibraltar,1984-01-01,
Gibraltar,1985-01-01,
Gibraltar,1986-01-01,
Gibraltar,1987-01-01,
Gibraltar,1988-01-01,
Gibraltar,1989-01-01,
Gibraltar,1990-01-01,
Gibraltar,1991-01-01,
Gibraltar,1992-01-01,
Gibraltar,1993-01-01,
Gibraltar,1994-01-01,
Gibraltar,1995-01-01,
Gibraltar,1996-01-01,
Gibraltar,1997-01-01,
Gibraltar,1998-01-01,
Gibraltar,1999-01-01,
Gibraltar,2000-01-01,
Gibraltar,2001-01-01,
Gibraltar,2002-01-01,
Gibraltar,2003-01-01,
Gibraltar,2004-01-01,
Gibraltar,2005-01-01,
Gibraltar,2006-01-01,
Gibraltar,2007-01-01,
Gibraltar,2008-01-01,
Gibraltar,2009-01-01,
Gibraltar,2010-01-01,
Gibraltar,2011-01-01,
Gibraltar,2012-01-01,
Gibraltar,2013-01-01,
Gibraltar,2014-01-01,
Gibraltar,2015-01-01,
Gibraltar,2016-01-01,
Gibraltar,2017-01-01,
Gibraltar,2018-01-01,
Gibraltar,2019-01-01,
Gibraltar,2020-01-01,
Gibraltar,2021-01-01,
Gibraltar,2022-01-01,
Gibraltar,2023-01-01,
Gibraltar,2024-01-01,
Greece,1980-01-01,24.6758939736233
Greece,1981-01-01,24.5060675977964
Greece,1982-01-01,20.9910886220017
Greece,1983-01-01,20.1794812892138
Greece,1984-01-01,18.4568132050187
Greece,1985-01-01,19.3146929406643
Greece,1986-01-01,23.0154508205012
Greece,1987-01-01,16.3968631635364
Greece,1988-01-01,13.5288583215048
Greece,1989-01-01,13.6555638723612
Greece,1990-01-01,20.433499109463
Greece,1991-01-01,19.4558456445745
Greece,1992-01-01,15.8770737923919
Greece,1993-01-01,14.4112644439349
Greece,1994-01-01,10.8740756809131
Greece,1995-01-01,8.93451415961512
Greece,1996-01-01,8.19455217632728
Greece,1997-01-01,5.53600266773482
Greece,1998-01-01,4.76622572397645
Greece,1999-01-01,2.6366330602198
Greece,2000-01-01,3.15118162493827
Greece,2001-01-01,3.37396832213865
Greece,2002-01-01,3.62935871878874
Greece,2003-01-01,3.53065027765554
Greece,2004-01-01,2.89884810758167
Greece,2005-01-01,3.5450727333508
Greece,2006-01-01,3.19594684144543
Greece,2007-01-01,2.89500321516578
Greece,2008-01-01,4.1527970811029
Greece,2009-01-01,1.21007269197809
Greece,2010-01-01,4.71298907760395
Greece,2011-01-01,3.3298532335065
Greece,2012-01-01,1.50152696177758
Greece,2013-01-01,-0.921269454256899
Greece,2014-01-01,-1.31226096405525
Greece,2015-01-01,-1.73588804765275
Greece,2016-01-01,-0.825653978391033
Greece,2017-01-01,1.12125452031425
Greece,2018-01-01,0.62562141345364
Greece,2019-01-01,0.253007522038059
Greece,2020-01-01,-1.24798355581405
Greece,2021-01-01,1.22382501019854
Greece,2022-01-01,9.64525981280642
Greece,2023-01-01,3.46480128513405
Greece,2024-01-01,2.74101875679477
Greenland,1980-01-01,
Greenland,1981-01-01,
Greenland,1982-01-01,
Greenland,1983-01-01,
Greenland,1984-01-01,
Greenland,1985-01-01,
Greenland,1986-01-01,
Greenland,1987-01-01,
Greenland,1988-01-01,
Greenland,1989-01-01,
Greenland,1990-01-01,
Greenland,1991-01-01,
Greenland,1992-01-01,
Greenland,1993-01-01,
Greenland,1994-01-01,
Greenland,1995-01-01,
Greenland,1996-01-01,
Greenland,1997-01-01,
Greenland,1998-01-01,
Greenland,1999-01-01,
Greenland,2000-01-01,
Greenland,2001-01-01,
Greenland,2002-01-01,
Greenland,2003-01-01,
Greenland,2004-01-01,
Greenland,2005-01-01,
Greenland,2006-01-01,
Greenland,2007-01-01,
Greenland,2008-01-01,
Greenland,2009-01-01,
Greenland,2010-01-01,
Greenland,2011-01-01,
Greenland,2012-01-01,
Greenland,2013-01-01,
Greenland,2014-01-01,
Greenland,2015-01-01,
Greenland,2016-01-01,
Greenland,2017-01-01,
Greenland,2018-01-01,
Greenland,2019-01-01,
Greenland,2020-01-01,
Greenland,2021-01-01,
Greenland,2022-01-01,
Greenland,2023-01-01,
Greenland,2024-01-01,
Grenada,1980-01-01,21.821433894768
Grenada,1981-01-01,18.7874709409026
Grenada,1982-01-01,7.81274141216489
Grenada,1983-01-01,6.09534728193344
Grenada,1984-01-01,5.65961278703288
Grenada,1985-01-01,2.50138492350979
Grenada,1986-01-01,0.557079903550532
Grenada,1987-01-01,-0.872333388457509
Grenada,1988-01-01,4.00000000000013
Grenada,1989-01-01,5.59294871794896
Grenada,1990-01-01,2.72423736530525
Grenada,1991-01-01,2.64460367880678
Grenada,1992-01-01,3.77833753148618
Grenada,1993-01-01,2.80859916782245
Grenada,1994-01-01,3.77065767284965
Grenada,1995-01-01,1.86882475298978
Grenada,1996-01-01,2.03235172127782
Grenada,1997-01-01,1.24452782989343
Grenada,1998-01-01,1.37769330389496
Grenada,1999-01-01,0.577427638677119
Grenada,2000-01-01,2.18181818181821
Grenada,2001-01-01,3.14099305202543
Grenada,2002-01-01,1.06721547992874
Grenada,2003-01-01,2.15492809908679
Grenada,2004-01-01,2.3129167822611
Grenada,2005-01-01,3.475806937554
Grenada,2006-01-01,4.25195321977967
Grenada,2007-01-01,3.85882922469653
Grenada,2008-01-01,8.0332732765034
Grenada,2009-01-01,-0.308654779585642
Grenada,2010-01-01,3.43650905943351
Grenada,2011-01-01,3.0334728033474
Grenada,2012-01-01,2.41077704021862
Grenada,2013-01-01,-0.0439997864828058
Grenada,2014-01-01,-0.98360305555498
Grenada,2015-01-01,-0.515448031435329
Grenada,2016-01-01,1.65038994431573
Grenada,2017-01-01,0.908458255874249
Grenada,2018-01-01,0.804102313277033
Grenada,2019-01-01,0.598149764736022
Grenada,2020-01-01,-0.740732597045498
Grenada,2021-01-01,1.21951193916838
Grenada,2022-01-01,2.5805392590792
Grenada,2023-01-01,2.69612269814564
Grenada,2024-01-01,1.08615365134737
Guam,1980-01-01,
Guam,1981-01-01,
Guam,1982-01-01,
Guam,1983-01-01,
Guam,1984-01-01,
Guam,1985-01-01,
Guam,1986-01-01,
Guam,1987-01-01,
Guam,1988-01-01,
Guam,1989-01-01,
Guam,1990-01-01,
Guam,1991-01-01,
Guam,1992-01-01,
Guam,1993-01-01,
Guam,1994-01-01,
Guam,1995-01-01,
Guam,1996-01-01,
Guam,1997-01-01,
Guam,1998-01-01,
Guam,1999-01-01,
Guam,2000-01-01,
Guam,2001-01-01,
Guam,2002-01-01,
Guam,2003-01-01,
Guam,2004-01-01,
Guam,2005-01-01,
Guam,2006-01-01,
Guam,2007-01-01,
Guam,2008-01-01,
Guam,2009-01-01,
Guam,2010-01-01,
Guam,2011-01-01,
Guam,2012-01-01,
Guam,2013-01-01,
Guam,2014-01-01,
Guam,2015-01-01,
Guam,2016-01-01,
Guam,2017-01-01,
Guam,2018-01-01,
Guam,2019-01-01,
Guam,2020-01-01,
Guam,2021-01-01,
Guam,2022-01-01,
Guam,2023-01-01,
Guam,2024-01-01,
Guatemala,1980-01-01,10.8238432335411
Guatemala,1981-01-01,11.4330679503505
Guatemala,1982-01-01,0.307385561437072
Guatemala,1983-01-01,4.53867815133253
Guatemala,1984-01-01,3.40675011837794
Guatemala,1985-01-01,18.6867912971238
Guatemala,1986-01-01,36.9311212965016
Guatemala,1987-01-01,12.3232132755046
Guatemala,1988-01-01,10.8327037689912
Guatemala,1989-01-01,11.3871321997958
Guatemala,1990-01-01,41.2218671380973
Guatemala,1991-01-01,33.1664219167535
Guatemala,1992-01-01,10.0459179984088
Guatemala,1993-01-01,11.8196901746257
Guatemala,1994-01-01,10.8553211494391
Guatemala,1995-01-01,8.41141312270566
Guatemala,1996-01-01,11.0569165321987
Guatemala,1997-01-01,9.23290294884935
Guatemala,1998-01-01,6.61346070518058
Guatemala,1999-01-01,5.21361058601122
Guatemala,2000-01-01,5.97757734737136
Guatemala,2001-01-01,7.28587366610138
Guatemala,2002-01-01,8.13263054281054
Guatemala,2003-01-01,5.60347675434469
Guatemala,2004-01-01,7.57862247309729
Guatemala,2005-01-01,9.1086498571922
Guatemala,2006-01-01,6.56085282795384
Guatemala,2007-01-01,6.82161753590326
Guatemala,2008-01-01,11.355761126315
Guatemala,2009-01-01,1.85910254733028
Guatemala,2010-01-01,3.8595090983316
Guatemala,2011-01-01,6.214123930671
Guatemala,2012-01-01,3.78180754679678
Guatemala,2013-01-01,4.34337131279521
Guatemala,2014-01-01,3.4183616966296
Guatemala,2015-01-01,2.3887203283955
Guatemala,2016-01-01,4.44844199942827
Guatemala,2017-01-01,4.42453655182546
Guatemala,2018-01-01,3.75186186704508
Guatemala,2019-01-01,3.69998398008605
Guatemala,2020-01-01,3.21444062197345
Guatemala,2021-01-01,4.26105127422813
Guatemala,2022-01-01,6.88512823344287
Guatemala,2023-01-01,6.20657592272126
Guatemala,2024-01-01,2.86992752918294
Guinea,1980-01-01,
Guinea,1981-01-01,
Guinea,1982-01-01,
Guinea,1983-01-01,
Guinea,1984-01-01,
Guinea,1985-01-01,
Guinea,1986-01-01,
Guinea,1987-01-01,
Guinea,1988-01-01,
Guinea,1989-01-01,
Guinea,1990-01-01,
Guinea,1991-01-01,
Guinea,1992-01-01,
Guinea,1993-01-01,
Guinea,1994-01-01,
Guinea,1995-01-01,
Guinea,1996-01-01,
Guinea,1997-01-01,
Guinea,1998-01-01,
Guinea,1999-01-01,
Guinea,2000-01-01,
Guinea,2001-01-01,
Guinea,2002-01-01,
Guinea,2003-01-01,
Guinea,2004-01-01,
Guinea,2005-01-01,31.3733025877534
Guinea,2006-01-01,34.6952705997072
Guinea,2007-01-01,18.1755656108597
Guinea,2008-01-01,23.065612938798
Guinea,2009-01-01,4.68438868976504
Guinea,2010-01-01,15.0502688559001
Guinea,2011-01-01,21.3169268542577
Guinea,2012-01-01,15.2262941038638
Guinea,2013-01-01,11.8875884481828
Guinea,2014-01-01,6.1505055670642
Guinea,2015-01-01,11.7800825029834
Guinea,2016-01-01,8.17268112275132
Guinea,2017-01-01,8.91435947913097
Guinea,2018-01-01,9.82761701259191
Guinea,2019-01-01,9.47001039253012
Guinea,2020-01-01,10.6016203387167
Guinea,2021-01-01,12.5972882566934
Guinea,2022-01-01,10.4930409984424
Guinea,2023-01-01,7.80497591927973
Guinea,2024-01-01,8.12313914948596
Guinea-Bissau,1980-01-01,
Guinea-Bissau,1981-01-01,
Guinea-Bissau,1982-01-01,
Guinea-Bissau,1983-01-01,
Guinea-Bissau,1984-01-01,
Guinea-Bissau,1985-01-01,
Guinea-Bissau,1986-01-01,
Guinea-Bissau,1987-01-01,
Guinea-Bissau,1988-01-01,60.2817826333536
Guinea-Bissau,1989-01-01,80.7881406436233
Guinea-Bissau,1990-01-01,33.0019778318026
Guinea-Bissau,1991-01-01,57.5952847505664
Guinea-Bissau,1992-01-01,69.5836363993793
Guinea-Bissau,1993-01-01,48.1081660687067
Guinea-Bissau,1994-01-01,15.1763474313441
Guinea-Bissau,1995-01-01,45.3653083621856
Guinea-Bissau,1996-01-01,50.7340549612119
Guinea-Bissau,1997-01-01,49.1009235769531
Guinea-Bissau,1998-01-01,8.01375518965603
Guinea-Bissau,1999-01-01,-2.08630513223527
Guinea-Bissau,2000-01-01,8.63632094930278
Guinea-Bissau,2001-01-01,3.34812265527108
Guinea-Bissau,2002-01-01,3.30012175283752
Guinea-Bissau,2003-01-01,-3.50258551103421
Guinea-Bissau,2004-01-01,0.883302696930943
Guinea-Bissau,2005-01-01,3.32919922802856
Guinea-Bissau,2006-01-01,1.95473717628916
Guinea-Bissau,2007-01-01,4.61743772241997
Guinea-Bissau,2008-01-01,10.4600731354706
Guinea-Bissau,2009-01-01,-1.65139733620775
Guinea-Bissau,2010-01-01,2.51785140171701
Guinea-Bissau,2011-01-01,5.046102263202
Guinea-Bissau,2012-01-01,2.13054580274503
Guinea-Bissau,2013-01-01,1.20712555668405
Guinea-Bissau,2014-01-01,-1.50924460570494
Guinea-Bissau,2015-01-01,1.47672048910485
Guinea-Bissau,2016-01-01,1.50312055861088
Guinea-Bissau,2017-01-01,1.69111461822298
Guinea-Bissau,2018-01-01,0.381324702790992
Guinea-Bissau,2019-01-01,0.24660026814783
Guinea-Bissau,2020-01-01,1.14000939393222
Guinea-Bissau,2021-01-01,2.24248879577658
Guinea-Bissau,2022-01-01,9.39075933985203
Guinea-Bissau,2023-01-01,7.10220928557059
Guinea-Bissau,2024-01-01,3.76555825770114
Guyana,1980-01-01,
Guyana,1981-01-01,
Guyana,1982-01-01,
Guyana,1983-01-01,
Guyana,1984-01-01,
Guyana,1985-01-01,
Guyana,1986-01-01,
Guyana,1987-01-01,
Guyana,1988-01-01,
Guyana,1989-01-01,
Guyana,1990-01-01,
Guyana,1991-01-01,
Guyana,1992-01-01,
Guyana,1993-01-01,
Guyana,1994-01-01,
Guyana,1995-01-01,12.2105263157895
Guyana,1996-01-01,7.09471197276045
Guyana,1997-01-01,3.55567090578809
Guyana,1998-01-01,4.5864661654135
Guyana,1999-01-01,7.53821939851393
Guyana,2000-01-01,6.14854333024871
Guyana,2001-01-01,2.62741314203332
Guyana,2002-01-01,5.3410152137741
Guyana,2003-01-01,5.98097814066473
Guyana,2004-01-01,4.66846622369882
Guyana,2005-01-01,6.92554303890157
Guyana,2006-01-01,6.67715790410028
Guyana,2007-01-01,12.2001544446648
Guyana,2008-01-01,8.10202206969276
Guyana,2009-01-01,2.95230096381001
Guyana,2010-01-01,3.73337757704246
Guyana,2011-01-01,4.9777356370697
Guyana,2012-01-01,2.39193521312334
Guyana,2013-01-01,1.90125181860582
Guyana,2014-01-01,0.852630497539914
Guyana,2015-01-01,-1.00173432776374
Guyana,2016-01-01,0.836008061506207
Guyana,2017-01-01,1.90465615515584
Guyana,2018-01-01,1.28284288443528
Guyana,2019-01-01,2.08723089162013
Guyana,2020-01-01,0.99333702283873
Guyana,2021-01-01,5.03285574626702
Guyana,2022-01-01,6.11505550109935
Guyana,2023-01-01,2.82110335099641
Guyana,2024-01-01,2.90395226446373
Haiti,1980-01-01,17.7783052456577
Haiti,1981-01-01,10.8583333329997
Haiti,1982-01-01,7.35924227605051
Haiti,1983-01-01,10.2436633526545
Haiti,1984-01-01,6.40203239106075
Haiti,1985-01-01,10.6488390138928
Haiti,1986-01-01,3.27992663366622
Haiti,1987-01-01,-11.4494646121705
Haiti,1988-01-01,4.10546805875063
Haiti,1989-01-01,6.92390503711238
Haiti,1990-01-01,21.2760320067832
Haiti,1991-01-01,15.4199073669492
Haiti,1992-01-01,19.358494654122
Haiti,1993-01-01,29.7059715065172
Haiti,1994-01-01,39.3316195372753
Haiti,1995-01-01,27.6081851727601
Haiti,1996-01-01,20.5835962145112
Haiti,1997-01-01,20.5590073395833
Haiti,1998-01-01,5.26903547042201
Haiti,1999-01-01,3.00439421550734
Haiti,2000-01-01,9.33322197565603
Haiti,2001-01-01,13.31672224251
Haiti,2002-01-01,7.03287406224601
Haiti,2003-01-01,28.6995777887374
Haiti,2004-01-01,21.0318339277222
Haiti,2005-01-01,13.973008326384
Haiti,2006-01-01,11.3452152244299
Haiti,2007-01-01,6.55722772638066
Haiti,2008-01-01,15.2817744823772
Haiti,2009-01-01,0.393886040173341
Haiti,2010-01-01,4.82734190074673
Haiti,2011-01-01,6.33279483849042
Haiti,2012-01-01,5.01804155429246
Haiti,2013-01-01,4.76502404779142
Haiti,2014-01-01,3.43816659958601
Haiti,2015-01-01,6.73184069658997
Haiti,2016-01-01,11.5029073942666
Haiti,2017-01-01,10.6800887242584
Haiti,2018-01-01,12.4814111170435
Haiti,2019-01-01,18.7037825672506
Haiti,2020-01-01,22.7963113642528
Haiti,2021-01-01,16.8415240198785
Haiti,2022-01-01,33.98393194707
Haiti,2023-01-01,36.8135162780854
Haiti,2024-01-01,26.9490564091987
Heavily indebted poor countries (HIPC),1980-01-01,
Heavily indebted poor countries (HIPC),1981-01-01,
Heavily indebted poor countries (HIPC),1982-01-01,
Heavily indebted poor countries (HIPC),1983-01-01,
Heavily indebted poor countries (HIPC),1984-01-01,
Heavily indebted poor countries (HIPC),1985-01-01,
Heavily indebted poor countries (HIPC),1986-01-01,
Heavily indebted poor countries (HIPC),1987-01-01,
Heavily indebted poor countries (HIPC),1988-01-01,
Heavily indebted poor countries (HIPC),1989-01-01,
Heavily indebted poor countries (HIPC),1990-01-01,
Heavily indebted poor countries (HIPC),1991-01-01,
Heavily indebted poor countries (HIPC),1992-01-01,
Heavily indebted poor countries (HIPC),1993-01-01,
Heavily indebted poor countries (HIPC),1994-01-01,
Heavily indebted poor countries (HIPC),1995-01-01,
Heavily indebted poor countries (HIPC),1996-01-01,
Heavily indebted poor countries (HIPC),1997-01-01,
Heavily indebted poor countries (HIPC),1998-01-01,
Heavily indebted poor countries (HIPC),1999-01-01,
Heavily indebted poor countries (HIPC),2000-01-01,
Heavily indebted poor countries (HIPC),2001-01-01,
Heavily indebted poor countries (HIPC),2002-01-01,
Heavily indebted poor countries (HIPC),2003-01-01,
Heavily indebted poor countries (HIPC),2004-01-01,
Heavily indebted poor countries (HIPC),2005-01-01,
Heavily indebted poor countries (HIPC),2006-01-01,
Heavily indebted poor countries (HIPC),2007-01-01,
Heavily indebted poor countries (HIPC),2008-01-01,
Heavily indebted poor countries (HIPC),2009-01-01,
Heavily indebted poor countries (HIPC),2010-01-01,
Heavily indebted poor countries (HIPC),2011-01-01,
Heavily indebted poor countries (HIPC),2012-01-01,
Heavily indebted poor countries (HIPC),2013-01-01,
Heavily indebted poor countries (HIPC),2014-01-01,
Heavily indebted poor countries (HIPC),2015-01-01,
Heavily indebted poor countries (HIPC),2016-01-01,
Heavily indebted poor countries (HIPC),2017-01-01,
Heavily indebted poor countries (HIPC),2018-01-01,
Heavily indebted poor countries (HIPC),2019-01-01,
Heavily indebted poor countries (HIPC),2020-01-01,
Heavily indebted poor countries (HIPC),2021-01-01,
Heavily indebted poor countries (HIPC),2022-01-01,
Heavily indebted poor countries (HIPC),2023-01-01,
Heavily indebted poor countries (HIPC),2024-01-01,
High income,1980-01-01,
High income,1981-01-01,
High income,1982-01-01,
High income,1983-01-01,
High income,1984-01-01,
High income,1985-01-01,
High income,1986-01-01,
High income,1987-01-01,
High income,1988-01-01,
High income,1989-01-01,
High income,1990-01-01,
High income,1991-01-01,
High income,1992-01-01,
High income,1993-01-01,
High income,1994-01-01,
High income,1995-01-01,
High income,1996-01-01,
High income,1997-01-01,
High income,1998-01-01,
High income,1999-01-01,
High income,2000-01-01,
High income,2001-01-01,
High income,2002-01-01,
High income,2003-01-01,
High income,2004-01-01,
High income,2005-01-01,
High income,2006-01-01,
High income,2007-01-01,
High income,2008-01-01,
High income,2009-01-01,
High income,2010-01-01,
High income,2011-01-01,
High income,2012-01-01,
High income,2013-01-01,
High income,2014-01-01,
High income,2015-01-01,
High income,2016-01-01,
High income,2017-01-01,
High income,2018-01-01,
High income,2019-01-01,
High income,2020-01-01,
High income,2021-01-01,
High income,2022-01-01,
High income,2023-01-01,
High income,2024-01-01,
Honduras,1980-01-01,18.0615430355956
Honduras,1981-01-01,9.40569126142496
Honduras,1982-01-01,8.98262170616892
Honduras,1983-01-01,8.2528116584826
Honduras,1984-01-01,4.72636815920389
Honduras,1985-01-01,3.36267523608605
Honduras,1986-01-01,4.35272383207559
Honduras,1987-01-01,2.48715402223898
Honduras,1988-01-01,4.49125763640182
Honduras,1989-01-01,9.85040925769098
Honduras,1990-01-01,23.3225664366467
Honduras,1991-01-01,33.9722602535864
Honduras,1992-01-01,8.75988625255494
Honduras,1993-01-01,10.748646716372
Honduras,1994-01-01,21.729346883819
Honduras,1995-01-01,29.4645292281585
Honduras,1996-01-01,23.8378353073358
Honduras,1997-01-01,20.1998667554962
Honduras,1998-01-01,13.6681077485869
Honduras,1999-01-01,11.66374097913
Honduras,2000-01-01,11.0480349344976
Honduras,2001-01-01,9.67415556865377
Honduras,2002-01-01,7.69050972034271
Honduras,2003-01-01,7.67416639397937
Honduras,2004-01-01,8.1137909709338
Honduras,2005-01-01,8.80906074819819
Honduras,2006-01-01,5.57775207654298
Honduras,2007-01-01,6.93621470895774
Honduras,2008-01-01,11.4034270813932
Honduras,2009-01-01,5.49634273772208
Honduras,2010-01-01,4.69889064976226
Honduras,2011-01-01,6.7622795731476
Honduras,2012-01-01,5.19618615531848
Honduras,2013-01-01,5.16189898581494
Honduras,2014-01-01,6.12924930313022
Honduras,2015-01-01,3.15783117980923
Honduras,2016-01-01,2.72461223295289
Honduras,2017-01-01,3.93436084442044
Honduras,2018-01-01,4.34734937777528
Honduras,2019-01-01,4.36587159819267
Honduras,2020-01-01,3.46841177951184
Honduras,2021-01-01,4.48087963413445
Honduras,2022-01-01,9.08963911525025
Honduras,2023-01-01,6.66325180347457
Honduras,2024-01-01,4.60621098127107
"Hong Kong SAR, China",1980-01-01,
"Hong Kong SAR, China",1981-01-01,
"Hong Kong SAR, China",1982-01-01,10.9704641350212
"Hong Kong SAR, China",1983-01-01,9.8859315589355
"Hong Kong SAR, China",1984-01-01,8.65051903114184
"Hong Kong SAR, China",1985-01-01,3.50318471337575
"Hong Kong SAR, China",1986-01-01,3.38461538461534
"Hong Kong SAR, China",1987-01-01,5.65476190476196
"Hong Kong SAR, China",1988-01-01,7.8873239436618
"Hong Kong SAR, China",1989-01-01,10.1827676240209
"Hong Kong SAR, China",1990-01-01,10.4265402843602
"Hong Kong SAR, China",1991-01-01,11.1587982832617
"Hong Kong SAR, China",1992-01-01,9.65250965250966
"Hong Kong SAR, China",1993-01-01,8.80281690140857
"Hong Kong SAR, China",1994-01-01,8.73786407766985
"Hong Kong SAR, China",1995-01-01,9.07738095238091
"Hong Kong SAR, China",1996-01-01,6.27557980900412
"Hong Kong SAR, China",1997-01-01,5.77663671373521
"Hong Kong SAR, China",1998-01-01,2.91262135922399
"Hong Kong SAR, China",1999-01-01,-4.00943396226445
"Hong Kong SAR, China",2000-01-01,-3.68550368550369
"Hong Kong SAR, China",2001-01-01,-1.65816326530609
"Hong Kong SAR, China",2002-01-01,-2.98313878080415
"Hong Kong SAR, China",2003-01-01,-2.67379679144394
"Hong Kong SAR, China",2004-01-01,-0.274725274725253
"Hong Kong SAR, China",2005-01-01,0.826446280991827
"Hong Kong SAR, China",2006-01-01,2.00025160397534
"Hong Kong SAR, China",2007-01-01,2.03502713369511
"Hong Kong SAR, China",2008-01-01,4.30315484104921
"Hong Kong SAR, China",2009-01-01,0.579441418472608
"Hong Kong SAR, China",2010-01-01,2.29289088604673
"Hong Kong SAR, China",2011-01-01,5.3052489299392
"Hong Kong SAR, China",2012-01-01,4.05390950903844
"Hong Kong SAR, China",2013-01-01,4.33799342105267
"Hong Kong SAR, China",2014-01-01,4.42364532019699
"Hong Kong SAR, China",2015-01-01,2.99084819322581
"Hong Kong SAR, China",2016-01-01,2.40930743862224
"Hong Kong SAR, China",2017-01-01,1.49387243939522
"Hong Kong SAR, China",2018-01-01,2.40613432046534
"Hong Kong SAR, China",2019-01-01,2.88320853773996
"Hong Kong SAR, China",2020-01-01,0.2509620210808
"Hong Kong SAR, China",2021-01-01,1.56875834445922
"Hong Kong SAR, China",2022-01-01,1.88136707196853
"Hong Kong SAR, China",2023-01-01,2.09660511249089
"Hong Kong SAR, China",2024-01-01,1.72972119105914
Hungary,1980-01-01,9.28585743921337
Hungary,1981-01-01,4.66141394394755
Hungary,1982-01-01,6.8358050825954
Hungary,1983-01-01,7.27989573279491
Hungary,1984-01-01,8.46785487646018
Hungary,1985-01-01,6.94234501879147
Hungary,1986-01-01,5.29166170071091
Hungary,1987-01-01,8.67431417733243
Hungary,1988-01-01,15.7235490703556
Hungary,1989-01-01,17.149151997396
Hungary,1990-01-01,28.3695996532777
Hungary,1991-01-01,34.8175429072704
Hungary,1992-01-01,23.6557207806552
Hungary,1993-01-01,22.4642346133809
Hungary,1994-01-01,18.8680749869283
Hungary,1995-01-01,28.3054683706654
Hungary,1996-01-01,23.4690301919185
Hungary,1997-01-01,18.3050744143799
Hungary,1998-01-01,14.153789654534
Hungary,1999-01-01,9.99774409303368
Hungary,2000-01-01,9.80361016908125
Hungary,2001-01-01,9.11680911680911
Hungary,2002-01-01,5.26544821583985
Hungary,2003-01-01,4.66101694915254
Hungary,2004-01-01,6.74434679569469
Hungary,2005-01-01,3.56151711378352
Hungary,2006-01-01,3.93032603841001
Hungary,2007-01-01,7.9587451654491
Hungary,2008-01-01,6.0425125388106
Hungary,2009-01-01,4.21171171171171
Hungary,2010-01-01,4.85555795691956
Hungary,2011-01-01,3.9299209893507
Hungary,2012-01-01,5.65214517088646
Hungary,2013-01-01,1.73319984983101
Hungary,2014-01-01,-0.227566270988219
Hungary,2015-01-01,-0.0616446800641672
Hungary,2016-01-01,0.394769306686392
Hungary,2017-01-01,2.34824281150154
Hungary,2018-01-01,2.85024792594646
Hungary,2019-01-01,3.33858635382008
Hungary,2020-01-01,3.32674385766738
Hungary,2021-01-01,5.11096534382855
Hungary,2022-01-01,14.6081439492433
Hungary,2023-01-01,17.1249659678737
Hungary,2024-01-01,3.70370370370369
IBRD only,1980-01-01,
IBRD only,1981-01-01,
IBRD only,1982-01-01,
IBRD only,1983-01-01,
IBRD only,1984-01-01,
IBRD only,1985-01-01,
IBRD only,1986-01-01,
IBRD only,1987-01-01,
IBRD only,1988-01-01,
IBRD only,1989-01-01,
IBRD only,1990-01-01,
IBRD only,1991-01-01,
IBRD only,1992-01-01,
IBRD only,1993-01-01,
IBRD only,1994-01-01,
IBRD only,1995-01-01,
IBRD only,1996-01-01,
IBRD only,1997-01-01,
IBRD only,1998-01-01,
IBRD only,1999-01-01,
IBRD only,2000-01-01,
IBRD only,2001-01-01,
IBRD only,2002-01-01,
IBRD only,2003-01-01,
IBRD only,2004-01-01,
IBRD only,2005-01-01,
IBRD only,2006-01-01,
IBRD only,2007-01-01,
IBRD only,2008-01-01,
IBRD only,2009-01-01,
IBRD only,2010-01-01,
IBRD only,2011-01-01,
IBRD only,2012-01-01,
IBRD only,2013-01-01,
IBRD only,2014-01-01,
IBRD only,2015-01-01,
IBRD only,2016-01-01,
IBRD only,2017-01-01,
IBRD only,2018-01-01,
IBRD only,2019-01-01,
IBRD only,2020-01-01,
IBRD only,2021-01-01,
IBRD only,2022-01-01,
IBRD only,2023-01-01,
IBRD only,2024-01-01,
IDA & IBRD total,1980-01-01,
IDA & IBRD total,1981-01-01,
IDA & IBRD total,1982-01-01,
IDA & IBRD total,1983-01-01,
IDA & IBRD total,1984-01-01,
IDA & IBRD total,1985-01-01,
IDA & IBRD total,1986-01-01,
IDA & IBRD total,1987-01-01,
IDA & IBRD total,1988-01-01,
IDA & IBRD total,1989-01-01,
IDA & IBRD total,1990-01-01,
IDA & IBRD total,1991-01-01,
IDA & IBRD total,1992-01-01,
IDA & IBRD total,1993-01-01,
IDA & IBRD total,1994-01-01,
IDA & IBRD total,1995-01-01,
IDA & IBRD total,1996-01-01,
IDA & IBRD total,1997-01-01,
IDA & IBRD total,1998-01-01,
IDA & IBRD total,1999-01-01,
IDA & IBRD total,2000-01-01,
IDA & IBRD total,2001-01-01,
IDA & IBRD total,2002-01-01,
IDA & IBRD total,2003-01-01,
IDA & IBRD total,2004-01-01,
IDA & IBRD total,2005-01-01,
IDA & IBRD total,2006-01-01,
IDA & IBRD total,2007-01-01,
IDA & IBRD total,2008-01-01,
IDA & IBRD total,2009-01-01,
IDA & IBRD total,2010-01-01,
IDA & IBRD total,2011-01-01,
IDA & IBRD total,2012-01-01,
IDA & IBRD total,2013-01-01,
IDA & IBRD total,2014-01-01,
IDA & IBRD total,2015-01-01,
IDA & IBRD total,2016-01-01,
IDA & IBRD total,2017-01-01,
IDA & IBRD total,2018-01-01,
IDA & IBRD total,2019-01-01,
IDA & IBRD total,2020-01-01,
IDA & IBRD total,2021-01-01,
IDA & IBRD total,2022-01-01,
IDA & IBRD total,2023-01-01,
IDA & IBRD total,2024-01-01,
IDA blend,1980-01-01,
IDA blend,1981-01-01,
IDA blend,1982-01-01,
IDA blend,1983-01-01,
IDA blend,1984-01-01,
IDA blend,1985-01-01,
IDA blend,1986-01-01,
IDA blend,1987-01-01,
IDA blend,1988-01-01,
IDA blend,1989-01-01,
IDA blend,1990-01-01,
IDA blend,1991-01-01,
IDA blend,1992-01-01,
IDA blend,1993-01-01,
IDA blend,1994-01-01,
IDA blend,1995-01-01,
IDA blend,1996-01-01,
IDA blend,1997-01-01,
IDA blend,1998-01-01,
IDA blend,1999-01-01,
IDA blend,2000-01-01,
IDA blend,2001-01-01,
IDA blend,2002-01-01,
IDA blend,2003-01-01,
IDA blend,2004-01-01,
IDA blend,2005-01-01,
IDA blend,2006-01-01,
IDA blend,2007-01-01,
IDA blend,2008-01-01,
IDA blend,2009-01-01,
IDA blend,2010-01-01,
IDA blend,2011-01-01,
IDA blend,2012-01-01,
IDA blend,2013-01-01,
IDA blend,2014-01-01,
IDA blend,2015-01-01,
IDA blend,2016-01-01,
IDA blend,2017-01-01,
IDA blend,2018-01-01,
IDA blend,2019-01-01,
IDA blend,2020-01-01,
IDA blend,2021-01-01,
IDA blend,2022-01-01,
IDA blend,2023-01-01,
IDA blend,2024-01-01,
IDA only,1980-01-01,
IDA only,1981-01-01,
IDA only,1982-01-01,
IDA only,1983-01-01,
IDA only,1984-01-01,
IDA only,1985-01-01,
IDA only,1986-01-01,
IDA only,1987-01-01,
IDA only,1988-01-01,
IDA only,1989-01-01,
IDA only,1990-01-01,
IDA only,1991-01-01,
IDA only,1992-01-01,
IDA only,1993-01-01,
IDA only,1994-01-01,
IDA only,1995-01-01,
IDA only,1996-01-01,
IDA only,1997-01-01,
IDA only,1998-01-01,
IDA only,1999-01-01,
IDA only,2000-01-01,
IDA only,2001-01-01,
IDA only,2002-01-01,
IDA only,2003-01-01,
IDA only,2004-01-01,
IDA only,2005-01-01,
IDA only,2006-01-01,
IDA only,2007-01-01,
IDA only,2008-01-01,
IDA only,2009-01-01,
IDA only,2010-01-01,
IDA only,2011-01-01,
IDA only,2012-01-01,
IDA only,2013-01-01,
IDA only,2014-01-01,
IDA only,2015-01-01,
IDA only,2016-01-01,
IDA only,2017-01-01,
IDA only,2018-01-01,
IDA only,2019-01-01,
IDA only,2020-01-01,
IDA only,2021-01-01,
IDA only,2022-01-01,
IDA only,2023-01-01,
IDA only,2024-01-01,
IDA total,1980-01-01,
IDA total,1981-01-01,
IDA total,1982-01-01,
IDA total,1983-01-01,
IDA total,1984-01-01,
IDA total,1985-01-01,
IDA total,1986-01-01,
IDA total,1987-01-01,
IDA total,1988-01-01,
IDA total,1989-01-01,
IDA total,1990-01-01,
IDA total,1991-01-01,
IDA total,1992-01-01,
IDA total,1993-01-01,
IDA total,1994-01-01,
IDA total,1995-01-01,
IDA total,1996-01-01,
IDA total,1997-01-01,
IDA total,1998-01-01,
IDA total,1999-01-01,
IDA total,2000-01-01,
IDA total,2001-01-01,
IDA total,2002-01-01,
IDA total,2003-01-01,
IDA total,2004-01-01,
IDA total,2005-01-01,
IDA total,2006-01-01,
IDA total,2007-01-01,
IDA total,2008-01-01,
IDA total,2009-01-01,
IDA total,2010-01-01,
IDA total,2011-01-01,
IDA total,2012-01-01,
IDA total,2013-01-01,
IDA total,2014-01-01,
IDA total,2015-01-01,
IDA total,2016-01-01,
IDA total,2017-01-01,
IDA total,2018-01-01,
IDA total,2019-01-01,
IDA total,2020-01-01,
IDA total,2021-01-01,
IDA total,2022-01-01,
IDA total,2023-01-01,
IDA total,2024-01-01,
Iceland,1980-01-01,58.5284260893646
Iceland,1981-01-01,51.7932416010108
Iceland,1982-01-01,50.2432263896761
Iceland,1983-01-01,83.9500461937034
Iceland,1984-01-01,30.8523970770909
Iceland,1985-01-01,31.9946290240703
Iceland,1986-01-01,22.1284011876646
Iceland,1987-01-01,18.2977682232304
Iceland,1988-01-01,25.7255090852842
Iceland,1989-01-01,20.7581950334485
Iceland,1990-01-01,15.510721994253
Iceland,1991-01-01,6.80877887943634
Iceland,1992-01-01,3.94771176824031
Iceland,1993-01-01,4.04285291076947
Iceland,1994-01-01,1.55265627495777
Iceland,1995-01-01,1.65123150116658
Iceland,1996-01-01,2.26041898267297
Iceland,1997-01-01,1.81543080282242
Iceland,1998-01-01,1.65924170953427
Iceland,1999-01-01,3.23183260906467
Iceland,2000-01-01,5.13647123245151
Iceland,2001-01-01,6.40508550386868
Iceland,2002-01-01,5.19702230216628
Iceland,2003-01-01,2.05566329753742
Iceland,2004-01-01,3.15819324298464
Iceland,2005-01-01,3.98704782806593
Iceland,2006-01-01,6.68707906136661
Iceland,2007-01-01,5.05155736492146
Iceland,2008-01-01,12.6943942775878
Iceland,2009-01-01,12.0031298461743
Iceland,2010-01-01,5.39673113167477
Iceland,2011-01-01,4.0010266434312
Iceland,2012-01-01,5.18589988750698
Iceland,2013-01-01,3.87227923748249
Iceland,2014-01-01,2.04461481539333
Iceland,2015-01-01,1.63305558181326
Iceland,2016-01-01,1.69692761997751
Iceland,2017-01-01,1.76041559180596
Iceland,2018-01-01,2.68291768267392
Iceland,2019-01-01,3.01397179156053
Iceland,2020-01-01,2.84792401518665
Iceland,2021-01-01,4.44423970189739
Iceland,2022-01-01,8.3087551155892
Iceland,2023-01-01,8.73630299937298
Iceland,2024-01-01,5.85683849970066
India,1980-01-01,11.3460734795095
India,1981-01-01,13.112546897642
India,1982-01-01,7.89074279377487
India,1983-01-01,11.8680812986734
India,1984-01-01,8.3189071186008
India,1985-01-01,5.55642423236554
India,1986-01-01,8.72972072702581
India,1987-01-01,8.80112581251833
India,1988-01-01,9.38347186185335
India,1989-01-01,7.07428002942301
India,1990-01-01,8.9712325027325
India,1991-01-01,13.8702461773683
India,1992-01-01,11.7878170418134
India,1993-01-01,6.32689048779867
India,1994-01-01,10.2479355556119
India,1995-01-01,10.2248861637544
India,1996-01-01,8.97715233826453
India,1997-01-01,7.16425211462724
India,1998-01-01,13.2308389767977
India,1999-01-01,4.66982038037594
India,2000-01-01,4.0094359104519
India,2001-01-01,3.77929312235637
India,2002-01-01,4.29715203929563
India,2003-01-01,3.80585899528851
India,2004-01-01,3.76725173477515
India,2005-01-01,4.24634362031922
India,2006-01-01,5.79652337561634
India,2007-01-01,6.37288135593231
India,2008-01-01,8.34926704907581
India,2009-01-01,10.8823529411764
India,2010-01-01,11.9893899204244
India,2011-01-01,8.91179336483371
India,2012-01-01,9.47899691419801
India,2013-01-01,10.0178784746102
India,2014-01-01,6.66565671867899
India,2015-01-01,4.90697344127256
India,2016-01-01,4.94821634062141
India,2017-01-01,3.32817337461298
India,2018-01-01,3.9388264669163
India,2019-01-01,3.72950573539129
India,2020-01-01,6.62343677628535
India,2021-01-01,5.13140747176369
India,2022-01-01,6.69903414079852
India,2023-01-01,5.64914318907925
India,2024-01-01,4.95303550973656
Indonesia,1980-01-01,18.035422125313
Indonesia,1981-01-01,12.2659075874853
Indonesia,1982-01-01,9.44542534921144
Indonesia,1983-01-01,11.7997382076652
Indonesia,1984-01-01,10.4550392231412
Indonesia,1985-01-01,4.72453518543398
Indonesia,1986-01-01,5.82266576732484
Indonesia,1987-01-01,9.27865406602839
Indonesia,1988-01-01,8.04535671530907
Indonesia,1989-01-01,6.41554079916364
Indonesia,1990-01-01,7.81919756505635
Indonesia,1991-01-01,9.41906784347004
Indonesia,1992-01-01,7.52351006242677
Indonesia,1993-01-01,9.6719108926401
Indonesia,1994-01-01,8.53199829189143
Indonesia,1995-01-01,9.42030300572996
Indonesia,1996-01-01,7.97328096513346
Indonesia,1997-01-01,6.22615154887214
Indonesia,1998-01-01,58.4510413515526
Indonesia,1999-01-01,20.4778324428892
Indonesia,2000-01-01,3.68862037056682
Indonesia,2001-01-01,11.5001160550887
Indonesia,2002-01-01,11.9001200338414
Indonesia,2003-01-01,6.75731256333564
Indonesia,2004-01-01,6.06406189133648
Indonesia,2005-01-01,10.4532001873347
Indonesia,2006-01-01,13.108670985346
Indonesia,2007-01-01,6.40656087966005
Indonesia,2008-01-01,10.2266663272483
Indonesia,2009-01-01,4.38641311792074
Indonesia,2010-01-01,5.13420639015885
Indonesia,2011-01-01,5.35604849112582
Indonesia,2012-01-01,4.2795142691943
Indonesia,2013-01-01,6.41249457900391
Indonesia,2014-01-01,6.39492882396559
Indonesia,2015-01-01,6.36312061196646
Indonesia,2016-01-01,3.52580452815451
Indonesia,2017-01-01,3.80879857691949
Indonesia,2018-01-01,3.19834755924996
Indonesia,2019-01-01,3.03058460941661
Indonesia,2020-01-01,1.91983527270793
Indonesia,2021-01-01,1.56007882983334
Indonesia,2022-01-01,4.20946463714784
Indonesia,2023-01-01,3.66938654859761
Indonesia,2024-01-01,2.18151273615189
"Iran, Islamic Rep.",1980-01-01,20.6439144373798
"Iran, Islamic Rep.",1981-01-01,24.2035897624486
"Iran, Islamic Rep.",1982-01-01,18.6897259269564
"Iran, Islamic Rep.",1983-01-01,19.7401891778611
"Iran, Islamic Rep.",1984-01-01,12.5402194538868
"Iran, Islamic Rep.",1985-01-01,4.38934095741541
"Iran, Islamic Rep.",1986-01-01,18.4290030211474
"Iran, Islamic Rep.",1987-01-01,28.5714285714292
"Iran, Islamic Rep.",1988-01-01,28.6706349206345
"Iran, Islamic Rep.",1989-01-01,22.3496530454896
"Iran, Islamic Rep.",1990-01-01,7.62767493763934
"Iran, Islamic Rep.",1991-01-01,17.1285679434012
"Iran, Islamic Rep.",1992-01-01,25.8077226162332
"Iran, Islamic Rep.",1993-01-01,21.2026307547761
"Iran, Islamic Rep.",1994-01-01,31.4470284237728
"Iran, Islamic Rep.",1995-01-01,49.6559858462746
"Iran, Islamic Rep.",1996-01-01,28.9373440168137
"Iran, Islamic Rep.",1997-01-01,17.3492257538708
"Iran, Islamic Rep.",1998-01-01,17.8661342130398
"Iran, Islamic Rep.",1999-01-01,20.0707078146866
"Iran, Islamic Rep.",2000-01-01,14.4767513188567
"Iran, Islamic Rep.",2001-01-01,11.2742471332117
"Iran, Islamic Rep.",2002-01-01,14.3359337378404
"Iran, Islamic Rep.",2003-01-01,16.4680116244792
"Iran, Islamic Rep.",2004-01-01,14.7615086970672
"Iran, Islamic Rep.",2005-01-01,13.433118008508
"Iran, Islamic Rep.",2006-01-01,10.0158982511924
"Iran, Islamic Rep.",2007-01-01,17.3410404624277
"Iran, Islamic Rep.",2008-01-01,25.4105090311987
"Iran, Islamic Rep.",2009-01-01,13.5515548281506
"Iran, Islamic Rep.",2010-01-01,10.0893629287979
"Iran, Islamic Rep.",2011-01-01,26.2933856738608
"Iran, Islamic Rep.",2012-01-01,27.2568127242908
"Iran, Islamic Rep.",2013-01-01,36.6030355191029
"Iran, Islamic Rep.",2014-01-01,16.6065532357449
"Iran, Islamic Rep.",2015-01-01,12.4846815611533
"Iran, Islamic Rep.",2016-01-01,7.24542548952979
"Iran, Islamic Rep.",2017-01-01,8.04492437660278
"Iran, Islamic Rep.",2018-01-01,18.0141183371874
"Iran, Islamic Rep.",2019-01-01,39.9073455697784
"Iran, Islamic Rep.",2020-01-01,30.5941390387295
"Iran, Islamic Rep.",2021-01-01,43.3890162681514
"Iran, Islamic Rep.",2022-01-01,43.4884641742179
"Iran, Islamic Rep.",2023-01-01,44.5791857572797
"Iran, Islamic Rep.",2024-01-01,32.455871402917
Iraq,1980-01-01,
Iraq,1981-01-01,
Iraq,1982-01-01,
Iraq,1983-01-01,
Iraq,1984-01-01,
Iraq,1985-01-01,
Iraq,1986-01-01,
Iraq,1987-01-01,
Iraq,1988-01-01,
Iraq,1989-01-01,
Iraq,1990-01-01,
Iraq,1991-01-01,180.952380952381
Iraq,1992-01-01,83.615819209039
Iraq,1993-01-01,207.692307692309
Iraq,1994-01-01,448.499999999999
Iraq,1995-01-01,387.310847766638
Iraq,1996-01-01,-16.1173257510572
Iraq,1997-01-01,23.0631996788727
Iraq,1998-01-01,14.7687735575528
Iraq,1999-01-01,12.5777623393436
Iraq,2000-01-01,4.97896213183735
Iraq,2001-01-01,16.3740814963262
Iraq,2002-01-01,19.316694601979
Iraq,2003-01-01,33.6162105992383
Iraq,2004-01-01,26.9619068193272
Iraq,2005-01-01,36.9594809201871
Iraq,2006-01-01,53.230962911428
Iraq,2007-01-01,-10.0674925768978
Iraq,2008-01-01,12.6628528269228
Iraq,2009-01-01,6.8736154721255
Iraq,2010-01-01,2.8777472527476
Iraq,2011-01-01,5.801455370853
Iraq,2012-01-01,6.08909641595043
Iraq,2013-01-01,1.87949800749469
Iraq,2014-01-01,2.23597407904679
Iraq,2015-01-01,1.39333028780309
Iraq,2016-01-01,0.556521397155511
Iraq,2017-01-01,0.18405889884769
Iraq,2018-01-01,0.367441488936849
Iraq,2019-01-01,-0.198965380023928
Iraq,2020-01-01,0.574162679425795
Iraq,2021-01-01,6.04186489058044
Iraq,2022-01-01,4.99476596381044
Iraq,2023-01-01,4.35835351089586
Iraq,2024-01-01,-12.2969837587007
Ireland,1980-01-01,18.1544622557972
Ireland,1981-01-01,20.3735110701934
Ireland,1982-01-01,17.1471262037092
Ireland,1983-01-01,10.4476255348594
Ireland,1984-01-01,8.65111053796386
Ireland,1985-01-01,5.39548620170352
Ireland,1986-01-01,3.82704166542659
Ireland,1987-01-01,3.15941034835014
Ireland,1988-01-01,2.13456989107103
Ireland,1989-01-01,4.08905388153544
Ireland,1990-01-01,3.31732886680118
Ireland,1991-01-01,3.21081037142378
Ireland,1992-01-01,3.06999853835904
Ireland,1993-01-01,1.46941522411422
Ireland,1994-01-01,2.30920192610951
Ireland,1995-01-01,2.52486446780802
Ireland,1996-01-01,1.75574469607419
Ireland,1997-01-01,1.5418020226137
Ireland,1998-01-01,2.40768094534715
Ireland,1999-01-01,1.62988605221407
Ireland,2000-01-01,5.57763269940387
Ireland,2001-01-01,4.85280279607477
Ireland,2002-01-01,4.62820512820515
Ireland,2003-01-01,3.49221909079765
Ireland,2004-01-01,2.17854605730523
Ireland,2005-01-01,2.45654692931639
Ireland,2006-01-01,3.93576114001354
Ireland,2007-01-01,4.88574537540802
Ireland,2008-01-01,4.03568834941391
Ireland,2009-01-01,-4.44754686876746
Ireland,2010-01-01,-0.918388645376774
Ireland,2011-01-01,2.5489783020855
Ireland,2012-01-01,1.69474116680366
Ireland,2013-01-01,0.515099484900573
Ireland,2014-01-01,0.190916398713745
Ireland,2015-01-01,-0.330959783371788
Ireland,2016-01-01,0.0201247735963237
Ireland,2017-01-01,0.362173038229378
Ireland,2018-01-01,0.471130713712916
Ireland,2019-01-01,0.937842961189274
Ireland,2020-01-01,-0.326183651280033
Ireland,2021-01-01,2.34034113447044
Ireland,2022-01-01,7.82945736434105
Ireland,2023-01-01,6.29942487419125
Ireland,2024-01-01,2.11344999577317
Isle of Man,1980-01-01,
Isle of Man,1981-01-01,
Isle of Man,1982-01-01,
Isle of Man,1983-01-01,
Isle of Man,1984-01-01,
Isle of Man,1985-01-01,
Isle of Man,1986-01-01,
Isle of Man,1987-01-01,
Isle of Man,1988-01-01,
Isle of Man,1989-01-01,
Isle of Man,1990-01-01,
Isle of Man,1991-01-01,
Isle of Man,1992-01-01,
Isle of Man,1993-01-01,
Isle of Man,1994-01-01,
Isle of Man,1995-01-01,
Isle of Man,1996-01-01,
Isle of Man,1997-01-01,
Isle of Man,1998-01-01,
Isle of Man,1999-01-01,
Isle of Man,2000-01-01,
Isle of Man,2001-01-01,
Isle of Man,2002-01-01,
Isle of Man,2003-01-01,
Isle of Man,2004-01-01,
Isle of Man,2005-01-01,
Isle of Man,2006-01-01,
Isle of Man,2007-01-01,
Isle of Man,2008-01-01,
Isle of Man,2009-01-01,
Isle of Man,2010-01-01,
Isle of Man,2011-01-01,
Isle of Man,2012-01-01,
Isle of Man,2013-01-01,
Isle of Man,2014-01-01,
Isle of Man,2015-01-01,
Isle of Man,2016-01-01,
Isle of Man,2017-01-01,
Isle of Man,2018-01-01,
Isle of Man,2019-01-01,
Isle of Man,2020-01-01,
Isle of Man,2021-01-01,
Isle of Man,2022-01-01,
Isle of Man,2023-01-01,
Isle of Man,2024-01-01,
Israel,1980-01-01,131.025012286006
Israel,1981-01-01,116.799989401855
Israel,1982-01-01,120.364409812253
Israel,1983-01-01,145.951502714297
Israel,1984-01-01,373.215631362847
Israel,1985-01-01,307.161914643941
Israel,1986-01-01,47.6449275362319
Israel,1987-01-01,19.079754601227
Israel,1988-01-01,16.3833075734158
Israel,1989-01-01,20.3187250996016
Israel,1990-01-01,17.2553348050036
Israel,1991-01-01,19.1088798242862
Israel,1992-01-01,12.0653319283457
Israel,1993-01-01,10.8838740009403
Israel,1994-01-01,12.253550985796
Israel,1995-01-01,9.93389990557126
Israel,1996-01-01,11.4585122831129
Israel,1997-01-01,8.95499383477184
Israel,1998-01-01,5.48875371339656
Israel,1999-01-01,5.18975459299983
Israel,2000-01-01,1.03263640999489
Israel,2001-01-01,1.12302839116721
Israel,2002-01-01,5.80234589468429
Israel,2003-01-01,0.70763061681807
Israel,2004-01-01,-0.421595034547416
Israel,2005-01-01,1.34070328119492
Israel,2006-01-01,2.05407914587443
Israel,2007-01-01,0.466226972936065
Israel,2008-01-01,4.52744765138651
Israel,2009-01-01,3.3676231727125
Israel,2010-01-01,2.70270270270273
Israel,2011-01-01,3.48837209302323
Israel,2012-01-01,1.67553715750052
Israel,2013-01-01,1.58976347421476
Israel,2014-01-01,0.467557251908503
Israel,2015-01-01,-0.617342577642765
Israel,2016-01-01,-0.535168195718695
Israel,2017-01-01,0.249807840123008
Israel,2018-01-01,0.805060379528526
Israel,2019-01-01,0.817645940292794
Israel,2020-01-01,-0.575254620897756
Israel,2021-01-01,1.47965474722561
Israel,2022-01-01,4.41162725488371
Israel,2023-01-01,4.22522603168918
Israel,2024-01-01,3.07480889805025
Italy,1980-01-01,21.0641682770745
Italy,1981-01-01,17.9692987519672
Italy,1982-01-01,16.4804146202214
Italy,1983-01-01,14.646576674877
Italy,1984-01-01,10.7944960076811
Italy,1985-01-01,9.20599144253118
Italy,1986-01-01,5.82354691862017
Italy,1987-01-01,4.74728490389789
Italy,1988-01-01,5.05824747667119
Italy,1989-01-01,6.25983137956977
Italy,1990-01-01,6.456609061464
Italy,1991-01-01,6.24999929790291
Italy,1992-01-01,5.2705899859293
Italy,1993-01-01,4.62673468331298
Italy,1994-01-01,4.05184218065716
Italy,1995-01-01,5.23542258044301
Italy,1996-01-01,4.0069766898104
Italy,1997-01-01,2.04310779750136
Italy,1998-01-01,1.95508557719381
Italy,1999-01-01,1.66345995007714
Italy,2000-01-01,2.53768532095002
Italy,2001-01-01,2.78516542713554
Italy,2002-01-01,2.46532319171165
Italy,2003-01-01,2.6725555277285
Italy,2004-01-01,2.20673661423657
Italy,2005-01-01,1.9852929852798
Italy,2006-01-01,2.09084391012754
Italy,2007-01-01,1.82974112202403
Italy,2008-01-01,3.34783258401022
Italy,2009-01-01,0.774768131387381
Italy,2010-01-01,1.52551602118248
Italy,2011-01-01,2.78063272879323
Italy,2012-01-01,3.04136333226775
Italy,2013-01-01,1.21999342274306
Italy,2014-01-01,0.241047429826756
Italy,2015-01-01,0.0387903996579733
Italy,2016-01-01,-0.09401665691575
Italy,2017-01-01,1.22653316645812
Italy,2018-01-01,1.13748763600391
Italy,2019-01-01,0.611246943765304
Italy,2020-01-01,-0.13770757391651
Italy,2021-01-01,1.87378325762481
Italy,2022-01-01,8.20128991161718
Italy,2023-01-01,5.62219442195901
Italy,2024-01-01,0.982373023061417
Jamaica,1980-01-01,27.3081589882307
Jamaica,1981-01-01,12.7397181145091
Jamaica,1982-01-01,6.54540796720066
Jamaica,1983-01-01,11.5821110844253
Jamaica,1984-01-01,27.8147693237453
Jamaica,1985-01-01,25.6731012391772
Jamaica,1986-01-01,15.1053754209796
Jamaica,1987-01-01,6.65244804962684
Jamaica,1988-01-01,8.26676574400908
Jamaica,1989-01-01,14.3295390328572
Jamaica,1990-01-01,21.9601751165083
Jamaica,1991-01-01,51.0710977304313
Jamaica,1992-01-01,77.2965929559651
Jamaica,1993-01-01,22.0699494185292
Jamaica,1994-01-01,35.0633942484772
Jamaica,1995-01-01,19.9087488364168
Jamaica,1996-01-01,26.4066566074043
Jamaica,1997-01-01,9.65755261268595
Jamaica,1998-01-01,8.63189613012144
Jamaica,1999-01-01,5.95423949113006
Jamaica,2000-01-01,8.17108356120225
Jamaica,2001-01-01,6.8019093078759
Jamaica,2002-01-01,7.07635009310985
Jamaica,2003-01-01,10.0869565217391
Jamaica,2004-01-01,13.5545023696682
Jamaica,2005-01-01,15.0528658875905
Jamaica,2006-01-01,8.56106408706157
Jamaica,2007-01-01,9.24482067275562
Jamaica,2008-01-01,22.0228384991843
Jamaica,2009-01-01,9.59224598930482
Jamaica,2010-01-01,12.6105519975603
Jamaica,2011-01-01,7.555856465809
Jamaica,2012-01-01,6.87397708674309
Jamaica,2013-01-01,9.34150076569673
Jamaica,2014-01-01,8.27407886231419
Jamaica,2015-01-01,3.69154228855725
Jamaica,2016-01-01,2.35102197485846
Jamaica,2017-01-01,4.37839864991561
Jamaica,2018-01-01,3.73663882152163
Jamaica,2019-01-01,3.90510000865872
Jamaica,2020-01-01,5.2267777929352
Jamaica,2021-01-01,5.86278242801063
Jamaica,2022-01-01,10.3495688391272
Jamaica,2023-01-01,6.47413734662063
Jamaica,2024-01-01,5.41194447981659
Japan,1980-01-01,7.77858176555718
Japan,1981-01-01,4.91216291820523
Japan,1982-01-01,2.7410409556314
Japan,1983-01-01,1.89971971348485
Japan,1984-01-01,2.26161369193155
Japan,1985-01-01,2.0322773460849
Japan,1986-01-01,0.595586799453249
Japan,1987-01-01,0.126176841696583
Japan,1988-01-01,0.678557580457558
Japan,1989-01-01,2.27228962064317
Japan,1990-01-01,3.0785162869516
Japan,1991-01-01,3.25143848753308
Japan,1992-01-01,1.7602830605927
Japan,1993-01-01,1.24304589707924
Japan,1994-01-01,0.695458057869004
Japan,1995-01-01,-0.127899045020446
Japan,1996-01-01,0.136600358575909
Japan,1997-01-01,1.74780458692133
Japan,1998-01-01,0.661974191385911
Japan,1999-01-01,-0.341296928327554
Japan,2000-01-01,-0.676578683595175
Japan,2001-01-01,-0.740055504162738
Japan,2002-01-01,-0.923494026942321
Japan,2003-01-01,-0.256541816316025
Japan,2004-01-01,-0.00857338820310272
Japan,2005-01-01,-0.282946068764391
Japan,2006-01-01,0.249355116079085
Japan,2007-01-01,0.060039454498669
Japan,2008-01-01,1.3800788616492
Japan,2009-01-01,-1.35283672951719
Japan,2010-01-01,-0.728243207517779
Japan,2011-01-01,-0.27245561610124
Japan,2012-01-01,-0.0440645104432602
Japan,2013-01-01,0.335037912184741
Japan,2014-01-01,2.75922671353253
Japan,2015-01-01,0.795279630579839
Japan,2016-01-01,-0.127258844489754
Japan,2017-01-01,0.484199796126385
Japan,2018-01-01,0.989094598021848
Japan,2019-01-01,0.46877615938395
Japan,2020-01-01,-0.024995834027731
Japan,2021-01-01,-0.233352779398264
Japan,2022-01-01,2.49770278172255
Japan,2023-01-01,3.26813365933163
Japan,2024-01-01,2.73853681635241
Jordan,1980-01-01,11.1111111111113
Jordan,1981-01-01,7.69999999999975
Jordan,1982-01-01,7.42804085422491
Jordan,1983-01-01,5.02016709831461
Jordan,1984-01-01,3.84747273837611
Jordan,1985-01-01,2.98507462714756
Jordan,1986-01-01,
Jordan,1987-01-01,-0.199999999999908
Jordan,1988-01-01,6.61322645290578
Jordan,1989-01-01,25.7127192982454
Jordan,1990-01-01,16.1921375615233
Jordan,1991-01-01,8.15549597855212
Jordan,1992-01-01,3.9958356055719
Jordan,1993-01-01,3.31666666666706
Jordan,1994-01-01,3.51669624132886
Jordan,1995-01-01,2.35312451301273
Jordan,1996-01-01,6.50121802679586
Jordan,1997-01-01,3.0378842030025
Jordan,1998-01-01,3.09166666666703
Jordan,1999-01-01,0.606256567779427
Jordan,2000-01-01,0.66688092559796
Jordan,2001-01-01,1.77220437351017
Jordan,2002-01-01,1.83299389002049
Jordan,2003-01-01,1.62999999999998
Jordan,2004-01-01,3.36186821476601
Jordan,2005-01-01,3.49368534619531
Jordan,2006-01-01,6.25172466656443
Jordan,2007-01-01,4.74390639021648
Jordan,2008-01-01,13.9712310012729
Jordan,2009-01-01,-0.739069743144777
Jordan,2010-01-01,4.84551875852116
Jordan,2011-01-01,4.1624416292779
Jordan,2012-01-01,4.5152295667099
Jordan,2013-01-01,4.82462314269537
Jordan,2014-01-01,2.89947905006057
Jordan,2015-01-01,-0.876851359704049
Jordan,2016-01-01,-0.778430463054142
Jordan,2017-01-01,3.32389447576097
Jordan,2018-01-01,4.46231108475481
Jordan,2019-01-01,0.761514047265601
Jordan,2020-01-01,0.333294350628378
Jordan,2021-01-01,1.34609377243118
Jordan,2022-01-01,4.22915568897117
Jordan,2023-01-01,2.08486986327134
Jordan,2024-01-01,1.55659611283953
Kazakhstan,1980-01-01,
Kazakhstan,1981-01-01,
Kazakhstan,1982-01-01,
Kazakhstan,1983-01-01,
Kazakhstan,1984-01-01,
Kazakhstan,1985-01-01,
Kazakhstan,1986-01-01,
Kazakhstan,1987-01-01,
Kazakhstan,1988-01-01,
Kazakhstan,1989-01-01,
Kazakhstan,1990-01-01,
Kazakhstan,1991-01-01,
Kazakhstan,1992-01-01,
Kazakhstan,1993-01-01,
Kazakhstan,1994-01-01,1877.37239517572
Kazakhstan,1995-01-01,176.15529894237
Kazakhstan,1996-01-01,39.1825423654111
Kazakhstan,1997-01-01,17.4080410607357
Kazakhstan,1998-01-01,7.14632665452334
Kazakhstan,1999-01-01,8.29602765342564
Kazakhstan,2000-01-01,13.1808905865731
Kazakhstan,2001-01-01,8.35413777161344
Kazakhstan,2002-01-01,5.83692452105643
Kazakhstan,2003-01-01,6.4382181011894
Kazakhstan,2004-01-01,6.88205438981899
Kazakhstan,2005-01-01,7.57999929125766
Kazakhstan,2006-01-01,8.72169386091726
Kazakhstan,2007-01-01,10.8468362075557
Kazakhstan,2008-01-01,17.139899777207
Kazakhstan,2009-01-01,7.31607858288578
Kazakhstan,2010-01-01,7.40046356341396
Kazakhstan,2011-01-01,8.4529046617679
Kazakhstan,2012-01-01,5.19568369035073
Kazakhstan,2013-01-01,5.94283871648418
Kazakhstan,2014-01-01,6.84944977003358
Kazakhstan,2015-01-01,6.67828585615236
Kazakhstan,2016-01-01,14.3610942386248
Kazakhstan,2017-01-01,7.44266321306792
Kazakhstan,2018-01-01,6.16366247577762
Kazakhstan,2019-01-01,5.33356098916669
Kazakhstan,2020-01-01,6.71815454861458
Kazakhstan,2021-01-01,8.04147134028401
Kazakhstan,2022-01-01,15.0278644440851
Kazakhstan,2023-01-01,14.5275597825952
Kazakhstan,2024-01-01,8.69082156104494
Kenya,1980-01-01,13.8581814562484
Kenya,1981-01-01,11.6030534351142
Kenya,1982-01-01,20.6667146662827
Kenya,1983-01-01,11.3977827368523
Kenya,1984-01-01,10.284098213138
Kenya,1985-01-01,13.0065664218827
Kenya,1986-01-01,2.53427598892888
Kenya,1987-01-01,8.63767318980084
Kenya,1988-01-01,12.2649630481582
Kenya,1989-01-01,13.7893172763883
Kenya,1990-01-01,17.78181442992
Kenya,1991-01-01,20.0844955754632
Kenya,1992-01-01,27.3323644475784
Kenya,1993-01-01,45.9788813036218
Kenya,1994-01-01,28.8143894306731
Kenya,1995-01-01,1.55432816055009
Kenya,1996-01-01,8.86408741577522
Kenya,1997-01-01,11.3618450505783
Kenya,1998-01-01,6.72243650753928
Kenya,1999-01-01,5.74200109520484
Kenya,2000-01-01,9.98002515350979
Kenya,2001-01-01,5.73859814341467
Kenya,2002-01-01,1.96130821739162
Kenya,2003-01-01,9.81569062979654
Kenya,2004-01-01,11.6240355442426
Kenya,2005-01-01,10.3127783574683
Kenya,2006-01-01,14.4537342081708
Kenya,2007-01-01,9.75888023027529
Kenya,2008-01-01,26.2398166445063
Kenya,2009-01-01,9.23412592394652
Kenya,2010-01-01,3.96138889115385
Kenya,2011-01-01,14.0224913014704
Kenya,2012-01-01,9.37777003547598
Kenya,2013-01-01,5.71749357037733
Kenya,2014-01-01,6.87815499275949
Kenya,2015-01-01,6.58215429284779
Kenya,2016-01-01,6.29724953814625
Kenya,2017-01-01,8.00564967709945
Kenya,2018-01-01,4.6898064677633
Kenya,2019-01-01,5.23963795764792
Kenya,2020-01-01,5.40516207933392
Kenya,2021-01-01,6.10793603659176
Kenya,2022-01-01,7.65986268272224
Kenya,2023-01-01,7.67139634029402
Kenya,2024-01-01,4.48978854243448
Kiribati,1980-01-01,
Kiribati,1981-01-01,
Kiribati,1982-01-01,
Kiribati,1983-01-01,
Kiribati,1984-01-01,
Kiribati,1985-01-01,
Kiribati,1986-01-01,
Kiribati,1987-01-01,
Kiribati,1988-01-01,
Kiribati,1989-01-01,
Kiribati,1990-01-01,
Kiribati,1991-01-01,
Kiribati,1992-01-01,
Kiribati,1993-01-01,
Kiribati,1994-01-01,
Kiribati,1995-01-01,
Kiribati,1996-01-01,
Kiribati,1997-01-01,
Kiribati,1998-01-01,
Kiribati,1999-01-01,
Kiribati,2000-01-01,
Kiribati,2001-01-01,
Kiribati,2002-01-01,
Kiribati,2003-01-01,
Kiribati,2004-01-01,
Kiribati,2005-01-01,
Kiribati,2006-01-01,
Kiribati,2007-01-01,3.59252131266417
Kiribati,2008-01-01,13.6653995252441
Kiribati,2009-01-01,9.81643884508657
Kiribati,2010-01-01,-3.89955040651649
Kiribati,2011-01-01,1.4974097987597
Kiribati,2012-01-01,-3.04586292775571
Kiribati,2013-01-01,-1.488059084681
Kiribati,2014-01-01,2.10398520925043
Kiribati,2015-01-01,0.572015743634256
Kiribati,2016-01-01,1.91731090233378
Kiribati,2017-01-01,0.355520888546828
Kiribati,2018-01-01,0.564030491493476
Kiribati,2019-01-01,-1.81307995302947
Kiribati,2020-01-01,2.5532455441463
Kiribati,2021-01-01,2.05361676773907
Kiribati,2022-01-01,5.34595440908904
Kiribati,2023-01-01,9.28307374517721
Kiribati,2024-01-01,2.45545072159028
"Korea, Dem. People's Rep.",1980-01-01,
"Korea, Dem. People's Rep.",1981-01-01,
"Korea, Dem. People's Rep.",1982-01-01,
"Korea, Dem. People's Rep.",1983-01-01,
"Korea, Dem. People's Rep.",1984-01-01,
"Korea, Dem. People's Rep.",1985-01-01,
"Korea, Dem. People's Rep.",1986-01-01,
"Korea, Dem. People's Rep.",1987-01-01,
"Korea, Dem. People's Rep.",1988-01-01,
"Korea, Dem. People's Rep.",1989-01-01,
"Korea, Dem. People's Rep.",1990-01-01,
"Korea, Dem. People's Rep.",1991-01-01,
"Korea, Dem. People's Rep.",1992-01-01,
"Korea, Dem. People's Rep.",1993-01-01,
"Korea, Dem. People's Rep.",1994-01-01,
"Korea, Dem. People's Rep.",1995-01-01,
"Korea, Dem. People's Rep.",1996-01-01,
"Korea, Dem. People's Rep.",1997-01-01,
"Korea, Dem. People's Rep.",1998-01-01,
"Korea, Dem. People's Rep.",1999-01-01,
"Korea, Dem. People's Rep.",2000-01-01,
"Korea, Dem. People's Rep.",2001-01-01,
"Korea, Dem. People's Rep.",2002-01-01,
"Korea, Dem. People's Rep.",2003-01-01,
"Korea, Dem. People's Rep.",2004-01-01,
"Korea, Dem. People's Rep.",2005-01-01,
"Korea, Dem. People's Rep.",2006-01-01,
"Korea, Dem. People's Rep.",2007-01-01,
"Korea, Dem. People's Rep.",2008-01-01,
"Korea, Dem. People's Rep.",2009-01-01,
"Korea, Dem. People's Rep.",2010-01-01,
"Korea, Dem. People's Rep.",2011-01-01,
"Korea, Dem. People's Rep.",2012-01-01,
"Korea, Dem. People's Rep.",2013-01-01,
"Korea, Dem. People's Rep.",2014-01-01,
"Korea, Dem. People's Rep.",2015-01-01,
"Korea, Dem. People's Rep.",2016-01-01,
"Korea, Dem. People's Rep.",2017-01-01,
"Korea, Dem. People's Rep.",2018-01-01,
"Korea, Dem. People's Rep.",2019-01-01,
"Korea, Dem. People's Rep.",2020-01-01,
"Korea, Dem. People's Rep.",2021-01-01,
"Korea, Dem. People's Rep.",2022-01-01,
"Korea, Dem. People's Rep.",2023-01-01,
"Korea, Dem. People's Rep.",2024-01-01,
"Korea, Rep.",1980-01-01,28.6976086362017
"Korea, Rep.",1981-01-01,21.351640254
"Korea, Rep.",1982-01-01,7.1908466400687
"Korea, Rep.",1983-01-01,3.42061419498921
"Korea, Rep.",1984-01-01,2.27395640001863
"Korea, Rep.",1985-01-01,2.45910879215274
"Korea, Rep.",1986-01-01,2.74998096063358
"Korea, Rep.",1987-01-01,3.04966077087423
"Korea, Rep.",1988-01-01,7.14609773721605
"Korea, Rep.",1989-01-01,5.70016544561401
"Korea, Rep.",1990-01-01,8.57327225728677
"Korea, Rep.",1991-01-01,9.33279048161495
"Korea, Rep.",1992-01-01,6.21328146355184
"Korea, Rep.",1993-01-01,4.80099660215354
"Korea, Rep.",1994-01-01,6.26585950039679
"Korea, Rep.",1995-01-01,4.48074108557248
"Korea, Rep.",1996-01-01,4.92454354292754
"Korea, Rep.",1997-01-01,4.4389318457463
"Korea, Rep.",1998-01-01,7.51358008079307
"Korea, Rep.",1999-01-01,0.81295725444637
"Korea, Rep.",2000-01-01,2.25916580080157
"Korea, Rep.",2001-01-01,4.06657587897792
"Korea, Rep.",2002-01-01,2.76226210296599
"Korea, Rep.",2003-01-01,3.51487451459939
"Korea, Rep.",2004-01-01,3.59066298882578
"Korea, Rep.",2005-01-01,2.75379162735039
"Korea, Rep.",2006-01-01,2.24234028518921
"Korea, Rep.",2007-01-01,2.53457382137932
"Korea, Rep.",2008-01-01,4.67389655533408
"Korea, Rep.",2009-01-01,2.7564965449393
"Korea, Rep.",2010-01-01,2.93928652655686
"Korea, Rep.",2011-01-01,4.0259650043609
"Korea, Rep.",2012-01-01,2.18707104433314
"Korea, Rep.",2013-01-01,1.30134754547413
"Korea, Rep.",2014-01-01,1.27477446401322
"Korea, Rep.",2015-01-01,0.70633177245575
"Korea, Rep.",2016-01-01,0.971685739912168
"Korea, Rep.",2017-01-01,1.94433230786366
"Korea, Rep.",2018-01-01,1.47583935002645
"Korea, Rep.",2019-01-01,0.383000303608136
"Korea, Rep.",2020-01-01,0.537288023411737
"Korea, Rep.",2021-01-01,2.49833333333339
"Korea, Rep.",2022-01-01,5.08951365062842
"Korea, Rep.",2023-01-01,3.5974562502901
"Korea, Rep.",2024-01-01,2.32174328643542
Kosovo,1980-01-01,
Kosovo,1981-01-01,
Kosovo,1982-01-01,
Kosovo,1983-01-01,
Kosovo,1984-01-01,
Kosovo,1985-01-01,
Kosovo,1986-01-01,
Kosovo,1987-01-01,
Kosovo,1988-01-01,
Kosovo,1989-01-01,
Kosovo,1990-01-01,
Kosovo,1991-01-01,
Kosovo,1992-01-01,
Kosovo,1993-01-01,
Kosovo,1994-01-01,
Kosovo,1995-01-01,
Kosovo,1996-01-01,
Kosovo,1997-01-01,
Kosovo,1998-01-01,
Kosovo,1999-01-01,
Kosovo,2000-01-01,
Kosovo,2001-01-01,
Kosovo,2002-01-01,
Kosovo,2003-01-01,-1.08481262327414
Kosovo,2004-01-01,-1.06472696605525
Kosovo,2005-01-01,-1.38518913159299
Kosovo,2006-01-01,0.621646938601728
Kosovo,2007-01-01,4.35849695328369
Kosovo,2008-01-01,9.35041764658178
Kosovo,2009-01-01,-2.41026401661229
Kosovo,2010-01-01,3.48050763735842
Kosovo,2011-01-01,7.3364177131527
Kosovo,2012-01-01,2.47673782156533
Kosovo,2013-01-01,1.76732428354892
Kosovo,2014-01-01,0.428957808324092
Kosovo,2015-01-01,-0.536929392740659
Kosovo,2016-01-01,0.273169431045468
Kosovo,2017-01-01,1.48823430592319
Kosovo,2018-01-01,1.05379773654991
Kosovo,2019-01-01,2.67599202639893
Kosovo,2020-01-01,0.198227922994854
Kosovo,2021-01-01,3.35369139207997
Kosovo,2022-01-01,11.5805104542012
Kosovo,2023-01-01,4.94432438791283
Kosovo,2024-01-01,1.61944994559476
Kuwait,1980-01-01,6.92822668563188
Kuwait,1981-01-01,7.37478159583807
Kuwait,1982-01-01,7.77679842690853
Kuwait,1983-01-01,4.71816809275156
Kuwait,1984-01-01,1.17746005046669
Kuwait,1985-01-01,1.49032181427877
Kuwait,1986-01-01,0.953606740192038
Kuwait,1987-01-01,0.654844691701656
Kuwait,1988-01-01,1.46813288041913
Kuwait,1989-01-01,3.34203359055792
Kuwait,1990-01-01,9.83363531543402
Kuwait,1991-01-01,9.05818836232758
Kuwait,1992-01-01,-0.54547121378821
Kuwait,1993-01-01,0.382541365165916
Kuwait,1994-01-01,2.53443526170792
Kuwait,1995-01-01,2.68672756582484
Kuwait,1996-01-01,3.55398569684287
Kuwait,1997-01-01,0.682191434707604
Kuwait,1998-01-01,0.129658287674027
Kuwait,1999-01-01,2.99081035923166
Kuwait,2000-01-01,1.81294613887089
Kuwait,2001-01-01,1.29999999999999
Kuwait,2002-01-01,0.888450148074907
Kuwait,2003-01-01,0.961350293542112
Kuwait,2004-01-01,1.24856443679889
Kuwait,2005-01-01,4.14297583631023
Kuwait,2006-01-01,3.05701339166722
Kuwait,2007-01-01,5.48494983277596
Kuwait,2008-01-01,10.5827097865144
Kuwait,2009-01-01,4.60959548447787
Kuwait,2010-01-01,4.49640287769787
Kuwait,2011-01-01,4.8394034987095
Kuwait,2012-01-01,3.25514600287211
Kuwait,2013-01-01,2.68229684085039
Kuwait,2014-01-01,2.90892672858625
Kuwait,2015-01-01,3.27170166092133
Kuwait,2016-01-01,3.19839776658374
Kuwait,2017-01-01,2.17183298510006
Kuwait,2018-01-01,0.543133148199567
Kuwait,2019-01-01,1.09184802655856
Kuwait,2020-01-01,2.101729548274
Kuwait,2021-01-01,3.42362947609188
Kuwait,2022-01-01,3.98064961990313
Kuwait,2023-01-01,3.64216403030709
Kuwait,2024-01-01,2.89855072463762
Kyrgyz Republic,1980-01-01,
Kyrgyz Republic,1981-01-01,
Kyrgyz Republic,1982-01-01,
Kyrgyz Republic,1983-01-01,
Kyrgyz Republic,1984-01-01,
Kyrgyz Republic,1985-01-01,
Kyrgyz Republic,1986-01-01,
Kyrgyz Republic,1987-01-01,
Kyrgyz Republic,1988-01-01,
Kyrgyz Republic,1989-01-01,
Kyrgyz Republic,1990-01-01,
Kyrgyz Republic,1991-01-01,
Kyrgyz Republic,1992-01-01,
Kyrgyz Republic,1993-01-01,
Kyrgyz Republic,1994-01-01,
Kyrgyz Republic,1995-01-01,
Kyrgyz Republic,1996-01-01,31.9473377218567
Kyrgyz Republic,1997-01-01,23.4354278497005
Kyrgyz Republic,1998-01-01,10.4573825846721
Kyrgyz Republic,1999-01-01,37.0309258369344
Kyrgyz Republic,2000-01-01,18.7007342838023
Kyrgyz Republic,2001-01-01,6.9196798942304
Kyrgyz Republic,2002-01-01,2.13420986310243
Kyrgyz Republic,2003-01-01,2.97461295184355
Kyrgyz Republic,2004-01-01,4.11065084723381
Kyrgyz Republic,2005-01-01,4.3386739184431
Kyrgyz Republic,2006-01-01,5.55212333162542
Kyrgyz Republic,2007-01-01,10.2301032660484
Kyrgyz Republic,2008-01-01,24.5201024234102
Kyrgyz Republic,2009-01-01,6.83656248105368
Kyrgyz Republic,2010-01-01,7.96772225579684
Kyrgyz Republic,2011-01-01,16.6363262731495
Kyrgyz Republic,2012-01-01,2.76844236540957
Kyrgyz Republic,2013-01-01,6.61375202358082
Kyrgyz Republic,2014-01-01,7.5342472977589
Kyrgyz Republic,2015-01-01,6.50331838993384
Kyrgyz Republic,2016-01-01,0.388838296895799
Kyrgyz Republic,2017-01-01,3.1753098637994
Kyrgyz Republic,2018-01-01,1.54266145238436
Kyrgyz Republic,2019-01-01,1.13362257718804
Kyrgyz Republic,2020-01-01,6.32542296338078
Kyrgyz Republic,2021-01-01,11.9050398185147
Kyrgyz Republic,2022-01-01,13.9229093174176
Kyrgyz Republic,2023-01-01,10.7532770416742
Kyrgyz Republic,2024-01-01,4.99760701207323
Lao PDR,1980-01-01,
Lao PDR,1981-01-01,
Lao PDR,1982-01-01,
Lao PDR,1983-01-01,
Lao PDR,1984-01-01,
Lao PDR,1985-01-01,
Lao PDR,1986-01-01,
Lao PDR,1987-01-01,
Lao PDR,1988-01-01,
Lao PDR,1989-01-01,61.3325965106187
Lao PDR,1990-01-01,35.642982971227
Lao PDR,1991-01-01,13.4415584415586
Lao PDR,1992-01-01,9.86452966991032
Lao PDR,1993-01-01,6.26722241519029
Lao PDR,1994-01-01,6.7844807862023
Lao PDR,1995-01-01,19.5939189878584
Lao PDR,1996-01-01,13.0244156963462
Lao PDR,1997-01-01,27.5088624491449
Lao PDR,1998-01-01,90.9807345622878
Lao PDR,1999-01-01,125.27212839928
Lao PDR,2000-01-01,25.0846414281315
Lao PDR,2001-01-01,7.81180794783471
Lao PDR,2002-01-01,10.6313446323333
Lao PDR,2003-01-01,15.4893529233525
Lao PDR,2004-01-01,10.4622667314208
Lao PDR,2005-01-01,7.16541759946639
Lao PDR,2006-01-01,6.54559439052787
Lao PDR,2007-01-01,4.66197269469701
Lao PDR,2008-01-01,7.62880887577516
Lao PDR,2009-01-01,0.141187674980385
Lao PDR,2010-01-01,5.98254521550082
Lao PDR,2011-01-01,7.5689885610998
Lao PDR,2012-01-01,4.2551267783209
Lao PDR,2013-01-01,6.37142717782947
Lao PDR,2014-01-01,4.12924306873771
Lao PDR,2015-01-01,1.27735427102992
Lao PDR,2016-01-01,1.59691227583204
Lao PDR,2017-01-01,0.825478607568026
Lao PDR,2018-01-01,2.04039266890201
Lao PDR,2019-01-01,3.32255881256925
Lao PDR,2020-01-01,5.10407262959919
Lao PDR,2021-01-01,3.75562036658877
Lao PDR,2022-01-01,22.9562225132056
Lao PDR,2023-01-01,31.2301341732646
Lao PDR,2024-01-01,23.1305695942588
Late-demographic dividend,1980-01-01,
Late-demographic dividend,1981-01-01,
Late-demographic dividend,1982-01-01,
Late-demographic dividend,1983-01-01,
Late-demographic dividend,1984-01-01,
Late-demographic dividend,1985-01-01,
Late-demographic dividend,1986-01-01,
Late-demographic dividend,1987-01-01,
Late-demographic dividend,1988-01-01,
Late-demographic dividend,1989-01-01,
Late-demographic dividend,1990-01-01,
Late-demographic dividend,1991-01-01,
Late-demographic dividend,1992-01-01,
Late-demographic dividend,1993-01-01,
Late-demographic dividend,1994-01-01,
Late-demographic dividend,1995-01-01,
Late-demographic dividend,1996-01-01,
Late-demographic dividend,1997-01-01,
Late-demographic dividend,1998-01-01,
Late-demographic dividend,1999-01-01,
Late-demographic dividend,2000-01-01,
Late-demographic dividend,2001-01-01,
Late-demographic dividend,2002-01-01,
Late-demographic dividend,2003-01-01,
Late-demographic dividend,2004-01-01,
Late-demographic dividend,2005-01-01,
Late-demographic dividend,2006-01-01,
Late-demographic dividend,2007-01-01,
Late-demographic dividend,2008-01-01,
Late-demographic dividend,2009-01-01,
Late-demographic dividend,2010-01-01,
Late-demographic dividend,2011-01-01,
Late-demographic dividend,2012-01-01,
Late-demographic dividend,2013-01-01,
Late-demographic dividend,2014-01-01,
Late-demographic dividend,2015-01-01,
Late-demographic dividend,2016-01-01,
Late-demographic dividend,2017-01-01,
Late-demographic dividend,2018-01-01,
Late-demographic dividend,2019-01-01,
Late-demographic dividend,2020-01-01,
Late-demographic dividend,2021-01-01,
Late-demographic dividend,2022-01-01,
Late-demographic dividend,2023-01-01,
Late-demographic dividend,2024-01-01,
Latin America & Caribbean,1980-01-01,
Latin America & Caribbean,1981-01-01,
Latin America & Caribbean,1982-01-01,
Latin America & Caribbean,1983-01-01,
Latin America & Caribbean,1984-01-01,
Latin America & Caribbean,1985-01-01,
Latin America & Caribbean,1986-01-01,
Latin America & Caribbean,1987-01-01,
Latin America & Caribbean,1988-01-01,
Latin America & Caribbean,1989-01-01,
Latin America & Caribbean,1990-01-01,
Latin America & Caribbean,1991-01-01,
Latin America & Caribbean,1992-01-01,
Latin America & Caribbean,1993-01-01,
Latin America & Caribbean,1994-01-01,
Latin America & Caribbean,1995-01-01,
Latin America & Caribbean,1996-01-01,
Latin America & Caribbean,1997-01-01,
Latin America & Caribbean,1998-01-01,
Latin America & Caribbean,1999-01-01,
Latin America & Caribbean,2000-01-01,
Latin America & Caribbean,2001-01-01,
Latin America & Caribbean,2002-01-01,
Latin America & Caribbean,2003-01-01,
Latin America & Caribbean,2004-01-01,
Latin America & Caribbean,2005-01-01,
Latin America & Caribbean,2006-01-01,
Latin America & Caribbean,2007-01-01,
Latin America & Caribbean,2008-01-01,
Latin America & Caribbean,2009-01-01,
Latin America & Caribbean,2010-01-01,
Latin America & Caribbean,2011-01-01,
Latin America & Caribbean,2012-01-01,
Latin America & Caribbean,2013-01-01,
Latin America & Caribbean,2014-01-01,
Latin America & Caribbean,2015-01-01,
Latin America & Caribbean,2016-01-01,
Latin America & Caribbean,2017-01-01,
Latin America & Caribbean,2018-01-01,
Latin America & Caribbean,2019-01-01,
Latin America & Caribbean,2020-01-01,
Latin America & Caribbean,2021-01-01,
Latin America & Caribbean,2022-01-01,
Latin America & Caribbean,2023-01-01,
Latin America & Caribbean,2024-01-01,
Latin America & Caribbean (excluding high income),1980-01-01,
Latin America & Caribbean (excluding high income),1981-01-01,
Latin America & Caribbean (excluding high income),1982-01-01,
Latin America & Caribbean (excluding high income),1983-01-01,
Latin America & Caribbean (excluding high income),1984-01-01,
Latin America & Caribbean (excluding high income),1985-01-01,
Latin America & Caribbean (excluding high income),1986-01-01,
Latin America & Caribbean (excluding high income),1987-01-01,
Latin America & Caribbean (excluding high income),1988-01-01,
Latin America & Caribbean (excluding high income),1989-01-01,
Latin America & Caribbean (excluding high income),1990-01-01,
Latin America & Caribbean (excluding high income),1991-01-01,
Latin America & Caribbean (excluding high income),1992-01-01,
Latin America & Caribbean (excluding high income),1993-01-01,
Latin America & Caribbean (excluding high income),1994-01-01,
Latin America & Caribbean (excluding high income),1995-01-01,
Latin America & Caribbean (excluding high income),1996-01-01,
Latin America & Caribbean (excluding high income),1997-01-01,
Latin America & Caribbean (excluding high income),1998-01-01,
Latin America & Caribbean (excluding high income),1999-01-01,
Latin America & Caribbean (excluding high income),2000-01-01,
Latin America & Caribbean (excluding high income),2001-01-01,
Latin America & Caribbean (excluding high income),2002-01-01,
Latin America & Caribbean (excluding high income),2003-01-01,
Latin America & Caribbean (excluding high income),2004-01-01,
Latin America & Caribbean (excluding high income),2005-01-01,
Latin America & Caribbean (excluding high income),2006-01-01,
Latin America & Caribbean (excluding high income),2007-01-01,
Latin America & Caribbean (excluding high income),2008-01-01,
Latin America & Caribbean (excluding high income),2009-01-01,
Latin America & Caribbean (excluding high income),2010-01-01,
Latin America & Caribbean (excluding high income),2011-01-01,
Latin America & Caribbean (excluding high income),2012-01-01,
Latin America & Caribbean (excluding high income),2013-01-01,
Latin America & Caribbean (excluding high income),2014-01-01,
Latin America & Caribbean (excluding high income),2015-01-01,
Latin America & Caribbean (excluding high income),2016-01-01,
Latin America & Caribbean (excluding high income),2017-01-01,
Latin America & Caribbean (excluding high income),2018-01-01,
Latin America & Caribbean (excluding high income),2019-01-01,
Latin America & Caribbean (excluding high income),2020-01-01,
Latin America & Caribbean (excluding high income),2021-01-01,
Latin America & Caribbean (excluding high income),2022-01-01,
Latin America & Caribbean (excluding high income),2023-01-01,
Latin America & Caribbean (excluding high income),2024-01-01,
Latin America & the Caribbean (IDA & IBRD countries),1980-01-01,
Latin America & the Caribbean (IDA & IBRD countries),1981-01-01,
Latin America & the Caribbean (IDA & IBRD countries),1982-01-01,
Latin America & the Caribbean (IDA & IBRD countries),1983-01-01,
Latin America & the Caribbean (IDA & IBRD countries),1984-01-01,
Latin America & the Caribbean (IDA & IBRD countries),1985-01-01,
Latin America & the Caribbean (IDA & IBRD countries),1986-01-01,
Latin America & the Caribbean (IDA & IBRD countries),1987-01-01,
Latin America & the Caribbean (IDA & IBRD countries),1988-01-01,
Latin America & the Caribbean (IDA & IBRD countries),1989-01-01,
Latin America & the Caribbean (IDA & IBRD countries),1990-01-01,
Latin America & the Caribbean (IDA & IBRD countries),1991-01-01,
Latin America & the Caribbean (IDA & IBRD countries),1992-01-01,
Latin America & the Caribbean (IDA & IBRD countries),1993-01-01,
Latin America & the Caribbean (IDA & IBRD countries),1994-01-01,
Latin America & the Caribbean (IDA & IBRD countries),1995-01-01,
Latin America & the Caribbean (IDA & IBRD countries),1996-01-01,
Latin America & the Caribbean (IDA & IBRD countries),1997-01-01,
Latin America & the Caribbean (IDA & IBRD countries),1998-01-01,
Latin America & the Caribbean (IDA & IBRD countries),1999-01-01,
Latin America & the Caribbean (IDA & IBRD countries),2000-01-01,
Latin America & the Caribbean (IDA & IBRD countries),2001-01-01,
Latin America & the Caribbean (IDA & IBRD countries),2002-01-01,
Latin America & the Caribbean (IDA & IBRD countries),2003-01-01,
Latin America & the Caribbean (IDA & IBRD countries),2004-01-01,
Latin America & the Caribbean (IDA & IBRD countries),2005-01-01,
Latin America & the Caribbean (IDA & IBRD countries),2006-01-01,
Latin America & the Caribbean (IDA & IBRD countries),2007-01-01,
Latin America & the Caribbean (IDA & IBRD countries),2008-01-01,
Latin America & the Caribbean (IDA & IBRD countries),2009-01-01,
Latin America & the Caribbean (IDA & IBRD countries),2010-01-01,
Latin America & the Caribbean (IDA & IBRD countries),2011-01-01,
Latin America & the Caribbean (IDA & IBRD countries),2012-01-01,
Latin America & the Caribbean (IDA & IBRD countries),2013-01-01,
Latin America & the Caribbean (IDA & IBRD countries),2014-01-01,
Latin America & the Caribbean (IDA & IBRD countries),2015-01-01,
Latin America & the Caribbean (IDA & IBRD countries),2016-01-01,
Latin America & the Caribbean (IDA & IBRD countries),2017-01-01,
Latin America & the Caribbean (IDA & IBRD countries),2018-01-01,
Latin America & the Caribbean (IDA & IBRD countries),2019-01-01,
Latin America & the Caribbean (IDA & IBRD countries),2020-01-01,
Latin America & the Caribbean (IDA & IBRD countries),2021-01-01,
Latin America & the Caribbean (IDA & IBRD countries),2022-01-01,
Latin America & the Caribbean (IDA & IBRD countries),2023-01-01,
Latin America & the Caribbean (IDA & IBRD countries),2024-01-01,
Latvia,1980-01-01,
Latvia,1981-01-01,
Latvia,1982-01-01,
Latvia,1983-01-01,
Latvia,1984-01-01,
Latvia,1985-01-01,
Latvia,1986-01-01,
Latvia,1987-01-01,
Latvia,1988-01-01,
Latvia,1989-01-01,
Latvia,1990-01-01,
Latvia,1991-01-01,
Latvia,1992-01-01,951.696194870801
Latvia,1993-01-01,108.989540624323
Latvia,1994-01-01,35.9247053929643
Latvia,1995-01-01,24.9759355316749
Latvia,1996-01-01,17.6104698431033
Latvia,1997-01-01,8.44738342092961
Latvia,1998-01-01,4.64421422660783
Latvia,1999-01-01,2.36481836111805
Latvia,2000-01-01,2.65425477796048
Latvia,2001-01-01,2.48704003555464
Latvia,2002-01-01,1.93887573855886
Latvia,2003-01-01,2.94264752948478
Latvia,2004-01-01,6.19238547197429
Latvia,2005-01-01,6.74845027893124
Latvia,2006-01-01,6.53619908765872
Latvia,2007-01-01,10.0929775849169
Latvia,2008-01-01,15.4023191064986
Latvia,2009-01-01,3.53410672858934
Latvia,2010-01-01,-1.08463595015155
Latvia,2011-01-01,4.37073559939223
Latvia,2012-01-01,2.25778924374585
Latvia,2013-01-01,-0.029454778257828
Latvia,2014-01-01,0.620490636732421
Latvia,2015-01-01,0.174242243625186
Latvia,2016-01-01,0.140633334505327
Latvia,2017-01-01,2.93036312374665
Latvia,2018-01-01,2.53445424186598
Latvia,2019-01-01,2.81140920075624
Latvia,2020-01-01,0.219064904841985
Latvia,2021-01-01,3.27582937431165
Latvia,2022-01-01,17.3102830198815
Latvia,2023-01-01,8.9380462331663
Latvia,2024-01-01,1.26579885828729
Least developed countries: UN classification,1980-01-01,
Least developed countries: UN classification,1981-01-01,
Least developed countries: UN classification,1982-01-01,
Least developed countries: UN classification,1983-01-01,
Least developed countries: UN classification,1984-01-01,
Least developed countries: UN classification,1985-01-01,
Least developed countries: UN classification,1986-01-01,
Least developed countries: UN classification,1987-01-01,
Least developed countries: UN classification,1988-01-01,
Least developed countries: UN classification,1989-01-01,
Least developed countries: UN classification,1990-01-01,
Least developed countries: UN classification,1991-01-01,
Least developed countries: UN classification,1992-01-01,
Least developed countries: UN classification,1993-01-01,
Least developed countries: UN classification,1994-01-01,
Least developed countries: UN classification,1995-01-01,
Least developed countries: UN classification,1996-01-01,
Least developed countries: UN classification,1997-01-01,
Least developed countries: UN classification,1998-01-01,
Least developed countries: UN classification,1999-01-01,
Least developed countries: UN classification,2000-01-01,
Least developed countries: UN classification,2001-01-01,
Least developed countries: UN classification,2002-01-01,
Least developed countries: UN classification,2003-01-01,
Least developed countries: UN classification,2004-01-01,
Least developed countries: UN classification,2005-01-01,
Least developed countries: UN classification,2006-01-01,
Least developed countries: UN classification,2007-01-01,
Least developed countries: UN classification,2008-01-01,
Least developed countries: UN classification,2009-01-01,
Least developed countries: UN classification,2010-01-01,
Least developed countries: UN classification,2011-01-01,
Least developed countries: UN classification,2012-01-01,
Least developed countries: UN classification,2013-01-01,
Least developed countries: UN classification,2014-01-01,
Least developed countries: UN classification,2015-01-01,
Least developed countries: UN classification,2016-01-01,
Least developed countries: UN classification,2017-01-01,
Least developed countries: UN classification,2018-01-01,
Least developed countries: UN classification,2019-01-01,
Least developed countries: UN classification,2020-01-01,
Least developed countries: UN classification,2021-01-01,
Least developed countries: UN classification,2022-01-01,
Least developed countries: UN classification,2023-01-01,
Least developed countries: UN classification,2024-01-01,
Lebanon,1980-01-01,
Lebanon,1981-01-01,
Lebanon,1982-01-01,
Lebanon,1983-01-01,
Lebanon,1984-01-01,
Lebanon,1985-01-01,
Lebanon,1986-01-01,
Lebanon,1987-01-01,
Lebanon,1988-01-01,
Lebanon,1989-01-01,
Lebanon,1990-01-01,
Lebanon,1991-01-01,
Lebanon,1992-01-01,
Lebanon,1993-01-01,
Lebanon,1994-01-01,
Lebanon,1995-01-01,
Lebanon,1996-01-01,
Lebanon,1997-01-01,
Lebanon,1998-01-01,
Lebanon,1999-01-01,
Lebanon,2000-01-01,
Lebanon,2001-01-01,
Lebanon,2002-01-01,
Lebanon,2003-01-01,
Lebanon,2004-01-01,
Lebanon,2005-01-01,
Lebanon,2006-01-01,
Lebanon,2007-01-01,
Lebanon,2008-01-01,
Lebanon,2009-01-01,1.19509671165543
Lebanon,2010-01-01,3.98347941855833
Lebanon,2011-01-01,4.97148571692384
Lebanon,2012-01-01,6.58147447683677
Lebanon,2013-01-01,4.82101956297399
Lebanon,2014-01-01,1.8546042134091
Lebanon,2015-01-01,-3.74914524799629
Lebanon,2016-01-01,-0.783359624361508
Lebanon,2017-01-01,4.32135218303191
Lebanon,2018-01-01,6.07698907889607
Lebanon,2019-01-01,3.00538949390383
Lebanon,2020-01-01,84.8643330472041
Lebanon,2021-01-01,154.756096023393
Lebanon,2022-01-01,171.205491336641
Lebanon,2023-01-01,221.341644023365
Lebanon,2024-01-01,45.2430422716718
Lesotho,1980-01-01,16.2748416182533
Lesotho,1981-01-01,12.413261372398
Lesotho,1982-01-01,12.1399176954734
Lesotho,1983-01-01,17.4923547400614
Lesotho,1984-01-01,10.9838625715774
Lesotho,1985-01-01,13.3208255159471
Lesotho,1986-01-01,18.0049668874172
Lesotho,1987-01-01,11.750263065591
Lesotho,1988-01-01,11.4563716258632
Lesotho,1989-01-01,14.7282455646297
Lesotho,1990-01-01,11.6347569955818
Lesotho,1991-01-01,17.6781002638523
Lesotho,1992-01-01,17.2085201793721
Lesotho,1993-01-01,13.1356607683724
Lesotho,1994-01-01,8.21473862195302
Lesotho,1995-01-01,9.27083333333323
Lesotho,1996-01-01,9.33031458531928
Lesotho,1997-01-01,
Lesotho,1998-01-01,
Lesotho,1999-01-01,
Lesotho,2000-01-01,6.13197538722696
Lesotho,2001-01-01,-9.61615353858472
Lesotho,2002-01-01,33.812578338126
Lesotho,2003-01-01,6.62916357146762
Lesotho,2004-01-01,5.02342068616285
Lesotho,2005-01-01,3.43788423057443
Lesotho,2006-01-01,6.07271879734293
Lesotho,2007-01-01,8.01243669043409
Lesotho,2008-01-01,10.7156661309681
Lesotho,2009-01-01,-16.8596910540644
Lesotho,2010-01-01,-2.40524254598706
Lesotho,2011-01-01,5.0366305210156
Lesotho,2012-01-01,6.05143662139967
Lesotho,2013-01-01,4.86511899496385
Lesotho,2014-01-01,5.37028961008587
Lesotho,2015-01-01,3.21844513655931
Lesotho,2016-01-01,6.59650490696543
Lesotho,2017-01-01,4.447699373763
Lesotho,2018-01-01,4.7518030162474
Lesotho,2019-01-01,5.18708359197982
Lesotho,2020-01-01,4.97809676252309
Lesotho,2021-01-01,6.04774591950676
Lesotho,2022-01-01,8.27180389943028
Lesotho,2023-01-01,6.34221743124953
Lesotho,2024-01-01,6.10544624245032
Liberia,1980-01-01,
Liberia,1981-01-01,
Liberia,1982-01-01,
Liberia,1983-01-01,
Liberia,1984-01-01,
Liberia,1985-01-01,
Liberia,1986-01-01,
Liberia,1987-01-01,
Liberia,1988-01-01,
Liberia,1989-01-01,
Liberia,1990-01-01,
Liberia,1991-01-01,
Liberia,1992-01-01,
Liberia,1993-01-01,
Liberia,1994-01-01,
Liberia,1995-01-01,
Liberia,1996-01-01,
Liberia,1997-01-01,
Liberia,1998-01-01,
Liberia,1999-01-01,
Liberia,2000-01-01,
Liberia,2001-01-01,
Liberia,2002-01-01,14.1596470116325
Liberia,2003-01-01,10.3302881236823
Liberia,2004-01-01,7.82908704883235
Liberia,2005-01-01,10.8343588481414
Liberia,2006-01-01,7.34144608278558
Liberia,2007-01-01,11.3918966807102
Liberia,2008-01-01,17.489448642993
Liberia,2009-01-01,7.42764305914919
Liberia,2010-01-01,7.28992796890218
Liberia,2011-01-01,8.488167518494
Liberia,2012-01-01,6.83178703418548
Liberia,2013-01-01,7.577306817414
Liberia,2014-01-01,9.86111285574904
Liberia,2015-01-01,7.74869687621322
Liberia,2016-01-01,8.83424868336488
Liberia,2017-01-01,12.4196323907138
Liberia,2018-01-01,23.5635148953742
Liberia,2019-01-01,26.9662760197878
Liberia,2020-01-01,16.9557241496255
Liberia,2021-01-01,7.81559385858648
Liberia,2022-01-01,7.59298486560313
Liberia,2023-01-01,10.0944535665552
Liberia,2024-01-01,8.21497439118964
Libya,1980-01-01,9.73428879471392
Libya,1981-01-01,11.1997226074894
Libya,1982-01-01,10.2588088556284
Libya,1983-01-01,10.6052036199096
Libya,1984-01-01,12.4776272053182
Libya,1985-01-01,9.13844055467156
Libya,1986-01-01,3.29098104561558
Libya,1987-01-01,4.35571687840289
Libya,1988-01-01,6.08695652173909
Libya,1989-01-01,1.51183970856093
Libya,1990-01-01,8.45146240803882
Libya,1991-01-01,11.8960953011251
Libya,1992-01-01,9.35975158953135
Libya,1993-01-01,11.0735532720389
Libya,1994-01-01,5.11259890444314
Libya,1995-01-01,7.23798494499129
Libya,1996-01-01,4.02807775377963
Libya,1997-01-01,3.55029585798821
Libya,1998-01-01,3.70927318295739
Libya,1999-01-01,2.64862252295818
Libya,2000-01-01,-2.90000000000024
Libya,2001-01-01,-8.81393752145546
Libya,2002-01-01,-9.79764705882357
Libya,2003-01-01,-2.19115191986644
Libya,2004-01-01,-2.197567740559
Libya,2005-01-01,2.65020576131657
Libya,2006-01-01,1.45926876202724
Libya,2007-01-01,6.25098782993553
Libya,2008-01-01,10.3607288954998
Libya,2009-01-01,2.45990025609948
Libya,2010-01-01,2.79989500109268
Libya,2011-01-01,15.5184815317561
Libya,2012-01-01,6.05980392156864
Libya,2013-01-01,2.60581802719517
Libya,2014-01-01,2.43294141599225
Libya,2015-01-01,10.4022933588151
Libya,2016-01-01,25.8538742124461
Libya,2017-01-01,25.8036184788338
Libya,2018-01-01,13.1702038536721
Libya,2019-01-01,-2.16217883470595
Libya,2020-01-01,1.44703656998741
Libya,2021-01-01,2.86833027751019
Libya,2022-01-01,4.51030149235703
Libya,2023-01-01,2.37317531435169
Libya,2024-01-01,2.12615766885025
Liechtenstein,1980-01-01,
Liechtenstein,1981-01-01,
Liechtenstein,1982-01-01,
Liechtenstein,1983-01-01,
Liechtenstein,1984-01-01,
Liechtenstein,1985-01-01,
Liechtenstein,1986-01-01,
Liechtenstein,1987-01-01,
Liechtenstein,1988-01-01,
Liechtenstein,1989-01-01,
Liechtenstein,1990-01-01,
Liechtenstein,1991-01-01,
Liechtenstein,1992-01-01,
Liechtenstein,1993-01-01,
Liechtenstein,1994-01-01,
Liechtenstein,1995-01-01,
Liechtenstein,1996-01-01,
Liechtenstein,1997-01-01,
Liechtenstein,1998-01-01,
Liechtenstein,1999-01-01,
Liechtenstein,2000-01-01,
Liechtenstein,2001-01-01,
Liechtenstein,2002-01-01,
Liechtenstein,2003-01-01,
Liechtenstein,2004-01-01,
Liechtenstein,2005-01-01,
Liechtenstein,2006-01-01,
Liechtenstein,2007-01-01,
Liechtenstein,2008-01-01,
Liechtenstein,2009-01-01,
Liechtenstein,2010-01-01,
Liechtenstein,2011-01-01,
Liechtenstein,2012-01-01,
Liechtenstein,2013-01-01,
Liechtenstein,2014-01-01,
Liechtenstein,2015-01-01,
Liechtenstein,2016-01-01,
Liechtenstein,2017-01-01,
Liechtenstein,2018-01-01,
Liechtenstein,2019-01-01,
Liechtenstein,2020-01-01,
Liechtenstein,2021-01-01,
Liechtenstein,2022-01-01,
Liechtenstein,2023-01-01,
Liechtenstein,2024-01-01,
Lithuania,1980-01-01,
Lithuania,1981-01-01,
Lithuania,1982-01-01,
Lithuania,1983-01-01,
Lithuania,1984-01-01,
Lithuania,1985-01-01,
Lithuania,1986-01-01,
Lithuania,1987-01-01,
Lithuania,1988-01-01,
Lithuania,1989-01-01,
Lithuania,1990-01-01,
Lithuania,1991-01-01,
Lithuania,1992-01-01,1020.62056524354
Lithuania,1993-01-01,410.451858561316
Lithuania,1994-01-01,72.2546816164428
Lithuania,1995-01-01,39.6476290328289
Lithuania,1996-01-01,24.62519538645
Lithuania,1997-01-01,8.88104848465892
Lithuania,1998-01-01,5.06755385841968
Lithuania,1999-01-01,0.727550626557424
Lithuania,2000-01-01,0.981615478857598
Lithuania,2001-01-01,1.36712030817819
Lithuania,2002-01-01,0.281506610345575
Lithuania,2003-01-01,-1.13430854990247
Lithuania,2004-01-01,1.16410252104671
Lithuania,2005-01-01,2.65848484065262
Lithuania,2006-01-01,3.73912004060664
Lithuania,2007-01-01,5.73717382799842
Lithuania,2008-01-01,10.9258856241655
Lithuania,2009-01-01,4.45304456518535
Lithuania,2010-01-01,1.31921362055463
Lithuania,2011-01-01,4.13027562645085
Lithuania,2012-01-01,3.08998277055417
Lithuania,2013-01-01,1.04747937065344
Lithuania,2014-01-01,0.103758009433708
Lithuania,2015-01-01,-0.884097405500596
Lithuania,2016-01-01,0.905525075460342
Lithuania,2017-01-01,3.72288862303707
Lithuania,2018-01-01,2.69792779208394
Lithuania,2019-01-01,2.33450937988027
Lithuania,2020-01-01,1.19989444983569
Lithuania,2021-01-01,4.68354420903453
Lithuania,2022-01-01,19.7050461518394
Lithuania,2023-01-01,9.11731962390475
Lithuania,2024-01-01,0.715735835228723
Low & middle income,1980-01-01,
Low & middle income,1981-01-01,
Low & middle income,1982-01-01,
Low & middle income,1983-01-01,
Low & middle income,1984-01-01,
Low & middle income,1985-01-01,
Low & middle income,1986-01-01,
Low & middle income,1987-01-01,
Low & middle income,1988-01-01,
Low & middle income,1989-01-01,
Low & middle income,1990-01-01,
Low & middle income,1991-01-01,
Low & middle income,1992-01-01,
Low & middle income,1993-01-01,
Low & middle income,1994-01-01,
Low & middle income,1995-01-01,
Low & middle income,1996-01-01,
Low & middle income,1997-01-01,
Low & middle income,1998-01-01,
Low & middle income,1999-01-01,
Low & middle income,2000-01-01,
Low & middle income,2001-01-01,
Low & middle income,2002-01-01,
Low & middle income,2003-01-01,
Low & middle income,2004-01-01,
Low & middle income,2005-01-01,
Low & middle income,2006-01-01,
Low & middle income,2007-01-01,
Low & middle income,2008-01-01,
Low & middle income,2009-01-01,
Low & middle income,2010-01-01,
Low & middle income,2011-01-01,
Low & middle income,2012-01-01,
Low & middle income,2013-01-01,
Low & middle income,2014-01-01,
Low & middle income,2015-01-01,
Low & middle income,2016-01-01,
Low & middle income,2017-01-01,
Low & middle income,2018-01-01,
Low & middle income,2019-01-01,
Low & middle income,2020-01-01,
Low & middle income,2021-01-01,
Low & middle income,2022-01-01,
Low & middle income,2023-01-01,
Low & middle income,2024-01-01,
Low income,1980-01-01,
Low income,1981-01-01,
Low income,1982-01-01,
Low income,1983-01-01,
Low income,1984-01-01,
Low income,1985-01-01,
Low income,1986-01-01,
Low income,1987-01-01,
Low income,1988-01-01,
Low income,1989-01-01,
Low income,1990-01-01,
Low income,1991-01-01,
Low income,1992-01-01,
Low income,1993-01-01,
Low income,1994-01-01,
Low income,1995-01-01,
Low income,1996-01-01,
Low income,1997-01-01,
Low income,1998-01-01,
Low income,1999-01-01,
Low income,2000-01-01,
Low income,2001-01-01,
Low income,2002-01-01,
Low income,2003-01-01,
Low income,2004-01-01,
Low income,2005-01-01,
Low income,2006-01-01,
Low income,2007-01-01,
Low income,2008-01-01,
Low income,2009-01-01,
Low income,2010-01-01,
Low income,2011-01-01,
Low income,2012-01-01,
Low income,2013-01-01,
Low income,2014-01-01,
Low income,2015-01-01,
Low income,2016-01-01,
Low income,2017-01-01,
Low income,2018-01-01,
Low income,2019-01-01,
Low income,2020-01-01,
Low income,2021-01-01,
Low income,2022-01-01,
Low income,2023-01-01,
Low income,2024-01-01,
Lower middle income,1980-01-01,
Lower middle income,1981-01-01,
Lower middle income,1982-01-01,
Lower middle income,1983-01-01,
Lower middle income,1984-01-01,
Lower middle income,1985-01-01,
Lower middle income,1986-01-01,
Lower middle income,1987-01-01,
Lower middle income,1988-01-01,
Lower middle income,1989-01-01,
Lower middle income,1990-01-01,
Lower middle income,1991-01-01,
Lower middle income,1992-01-01,
Lower middle income,1993-01-01,
Lower middle income,1994-01-01,
Lower middle income,1995-01-01,
Lower middle income,1996-01-01,
Lower middle income,1997-01-01,
Lower middle income,1998-01-01,
Lower middle income,1999-01-01,
Lower middle income,2000-01-01,
Lower middle income,2001-01-01,
Lower middle income,2002-01-01,
Lower middle income,2003-01-01,
Lower middle income,2004-01-01,
Lower middle income,2005-01-01,
Lower middle income,2006-01-01,
Lower middle income,2007-01-01,
Lower middle income,2008-01-01,
Lower middle income,2009-01-01,
Lower middle income,2010-01-01,
Lower middle income,2011-01-01,
Lower middle income,2012-01-01,
Lower middle income,2013-01-01,
Lower middle income,2014-01-01,
Lower middle income,2015-01-01,
Lower middle income,2016-01-01,
Lower middle income,2017-01-01,
Lower middle income,2018-01-01,
Lower middle income,2019-01-01,
Lower middle income,2020-01-01,
Lower middle income,2021-01-01,
Lower middle income,2022-01-01,
Lower middle income,2023-01-01,
Lower middle income,2024-01-01,
Luxembourg,1980-01-01,6.29990006244593
Luxembourg,1981-01-01,8.07294375934595
Luxembourg,1982-01-01,9.35705099427382
Luxembourg,1983-01-01,8.66927159808522
Luxembourg,1984-01-01,6.43585780786993
Luxembourg,1985-01-01,4.09358778530093
Luxembourg,1986-01-01,0.294563408545436
Luxembourg,1987-01-01,-0.0566629093891044
Luxembourg,1988-01-01,1.43659056634904
Luxembourg,1989-01-01,3.37095887290443
Luxembourg,1990-01-01,3.25376659083639
Luxembourg,1991-01-01,3.11835659874851
Luxembourg,1992-01-01,3.15417375961789
Luxembourg,1993-01-01,3.58809818535164
Luxembourg,1994-01-01,2.1947646868907
Luxembourg,1995-01-01,1.86769424969105
Luxembourg,1996-01-01,1.18385968843571
Luxembourg,1997-01-01,1.36751261207943
Luxembourg,1998-01-01,0.958570110494674
Luxembourg,1999-01-01,1.02519676474932
Luxembourg,2000-01-01,3.15076707022592
Luxembourg,2001-01-01,2.66382110579103
Luxembourg,2002-01-01,2.07408613571643
Luxembourg,2003-01-01,2.04984030563518
Luxembourg,2004-01-01,2.22567916428889
Luxembourg,2005-01-01,2.48769665164088
Luxembourg,2006-01-01,2.66631494577069
Luxembourg,2007-01-01,2.31245861786127
Luxembourg,2008-01-01,3.40187963025571
Luxembourg,2009-01-01,0.368041997888887
Luxembourg,2010-01-01,2.2736791162154
Luxembourg,2011-01-01,3.41068341068342
Luxembourg,2012-01-01,2.66284165508021
Luxembourg,2013-01-01,1.73403963519162
Luxembourg,2014-01-01,0.628543985440717
Luxembourg,2015-01-01,0.474743161437779
Luxembourg,2016-01-01,0.290833333333317
Luxembourg,2017-01-01,1.73079959118887
Luxembourg,2018-01-01,1.5281952430738
Luxembourg,2019-01-01,1.74332075653848
Luxembourg,2020-01-01,0.819957302127036
Luxembourg,2021-01-01,2.52692009066166
Luxembourg,2022-01-01,6.33600807777919
Luxembourg,2023-01-01,3.74140361983136
Luxembourg,2024-01-01,2.05113269954859
"Macao SAR, China",1980-01-01,
"Macao SAR, China",1981-01-01,
"Macao SAR, China",1982-01-01,
"Macao SAR, China",1983-01-01,
"Macao SAR, China",1984-01-01,
"Macao SAR, China",1985-01-01,
"Macao SAR, China",1986-01-01,
"Macao SAR, China",1987-01-01,
"Macao SAR, China",1988-01-01,
"Macao SAR, China",1989-01-01,8.77094554159181
"Macao SAR, China",1990-01-01,7.96969384363221
"Macao SAR, China",1991-01-01,9.5688776593484
"Macao SAR, China",1992-01-01,7.71392168356611
"Macao SAR, China",1993-01-01,6.70588552770043
"Macao SAR, China",1994-01-01,6.25206890210272
"Macao SAR, China",1995-01-01,8.55866604308447
"Macao SAR, China",1996-01-01,4.82248676783487
"Macao SAR, China",1997-01-01,3.49093715138855
"Macao SAR, China",1998-01-01,0.172630384568516
"Macao SAR, China",1999-01-01,-3.20416248186587
"Macao SAR, China",2000-01-01,-1.60971883961897
"Macao SAR, China",2001-01-01,-1.98465008641646
"Macao SAR, China",2002-01-01,-2.63751699816198
"Macao SAR, China",2003-01-01,-1.56245203671305
"Macao SAR, China",2004-01-01,0.980728452039451
"Macao SAR, China",2005-01-01,4.39589284335674
"Macao SAR, China",2006-01-01,5.14997337750692
"Macao SAR, China",2007-01-01,5.57149689143952
"Macao SAR, China",2008-01-01,8.61101858637
"Macao SAR, China",2009-01-01,1.16906695453767
"Macao SAR, China",2010-01-01,2.80947242060843
"Macao SAR, China",2011-01-01,5.80624616691043
"Macao SAR, China",2012-01-01,6.10738928336549
"Macao SAR, China",2013-01-01,5.50057779178484
"Macao SAR, China",2014-01-01,6.04823452094076
"Macao SAR, China",2015-01-01,4.56056338028173
"Macao SAR, China",2016-01-01,2.36895749705898
"Macao SAR, China",2017-01-01,1.22812404052809
"Macao SAR, China",2018-01-01,3.00446293166953
"Macao SAR, China",2019-01-01,2.75193081051975
"Macao SAR, China",2020-01-01,0.811410511491512
"Macao SAR, China",2021-01-01,0.0264543647055504
"Macao SAR, China",2022-01-01,1.04502802369954
"Macao SAR, China",2023-01-01,0.476384495788075
"Macao SAR, China",2024-01-01,0.672498598854365
Madagascar,1980-01-01,18.2178658946756
Madagascar,1981-01-01,30.5381774327711
Madagascar,1982-01-01,31.7897046510535
Madagascar,1983-01-01,19.328338591095
Madagascar,1984-01-01,9.85662095433889
Madagascar,1985-01-01,10.5564839573619
Madagascar,1986-01-01,14.4973321039129
Madagascar,1987-01-01,14.9931351322502
Madagascar,1988-01-01,26.8537971413812
Madagascar,1989-01-01,9.01299594555501
Madagascar,1990-01-01,11.7844838321357
Madagascar,1991-01-01,8.59264760490192
Madagascar,1992-01-01,14.5123786075771
Madagascar,1993-01-01,10.008361204014
Madagascar,1994-01-01,38.9417908989239
Madagascar,1995-01-01,49.0802100590784
Madagascar,1996-01-01,19.7563545439776
Madagascar,1997-01-01,4.48638261737399
Madagascar,1998-01-01,6.2080160866332
Madagascar,1999-01-01,9.92953399348781
Madagascar,2000-01-01,11.859684500028
Madagascar,2001-01-01,7.91694484529586
Madagascar,2002-01-01,16.4985255315846
Madagascar,2003-01-01,-1.70400479616298
Madagascar,2004-01-01,13.9558018033211
Madagascar,2005-01-01,18.3638246468932
Madagascar,2006-01-01,10.7656371554865
Madagascar,2007-01-01,10.2879663187671
Madagascar,2008-01-01,9.29650839381057
Madagascar,2009-01-01,8.95421802392949
Madagascar,2010-01-01,9.24732173644116
Madagascar,2011-01-01,9.48254048582992
Madagascar,2012-01-01,5.71384434191053
Madagascar,2013-01-01,5.8264294445198
Madagascar,2014-01-01,6.08040811088302
Madagascar,2015-01-01,7.40419174202129
Madagascar,2016-01-01,6.03575858154679
Madagascar,2017-01-01,8.60905075422949
Madagascar,2018-01-01,8.59422958870476
Madagascar,2019-01-01,5.61051441492365
Madagascar,2020-01-01,4.20179312190557
Madagascar,2021-01-01,5.81225118787715
Madagascar,2022-01-01,8.16059031991844
Madagascar,2023-01-01,9.87432675044888
Madagascar,2024-01-01,7.61335784313723
Malawi,1980-01-01,
Malawi,1981-01-01,11.8146975500212
Malawi,1982-01-01,9.82116244432078
Malawi,1983-01-01,13.5025105170179
Malawi,1984-01-01,20.0263032042325
Malawi,1985-01-01,10.5189759937166
Malawi,1986-01-01,14.0468679587644
Malawi,1987-01-01,25.1550954282911
Malawi,1988-01-01,33.9121649354339
Malawi,1989-01-01,12.4463620502664
Malawi,1990-01-01,11.8235380454151
Malawi,1991-01-01,12.6153153828849
Malawi,1992-01-01,23.7513530230399
Malawi,1993-01-01,22.7727102336625
Malawi,1994-01-01,34.6496361508324
Malawi,1995-01-01,83.3257747543458
Malawi,1996-01-01,37.6020450235016
Malawi,1997-01-01,9.13735243003495
Malawi,1998-01-01,29.7486512828264
Malawi,1999-01-01,44.8041642861674
Malawi,2000-01-01,29.5814884631684
Malawi,2001-01-01,22.7
Malawi,2002-01-01,14.7446346101603
Malawi,2003-01-01,9.57679786919214
Malawi,2004-01-01,11.4298060822124
Malawi,2005-01-01,15.4103446604296
Malawi,2006-01-01,13.9742943548388
Malawi,2007-01-01,7.9522099086403
Malawi,2008-01-01,8.71260186609043
Malawi,2009-01-01,8.42204427696655
Malawi,2010-01-01,7.41159092883827
Malawi,2011-01-01,7.6228226284852
Malawi,2012-01-01,21.2712650013779
Malawi,2013-01-01,27.2833333333334
Malawi,2014-01-01,23.7920649469687
Malawi,2015-01-01,21.8673475542553
Malawi,2016-01-01,21.7111132136499
Malawi,2017-01-01,11.5433939188771
Malawi,2018-01-01,12.420178108921
Malawi,2019-01-01,9.3708360560567
Malawi,2020-01-01,8.62551469650552
Malawi,2021-01-01,9.33014410835212
Malawi,2022-01-01,20.953969729969
Malawi,2023-01-01,28.7897428247298
Malawi,2024-01-01,32.1796504225025
Malaysia,1980-01-01,6.6749195345051
Malaysia,1981-01-01,9.70000000000015
Malaysia,1982-01-01,5.8189000297783
Malaysia,1983-01-01,3.70423546319373
Malaysia,1984-01-01,3.89727260149768
Malaysia,1985-01-01,0.346458791259884
Malaysia,1986-01-01,0.737002855391939
Malaysia,1987-01-01,0.290007909438412
Malaysia,1988-01-01,2.55651945320742
Malaysia,1989-01-01,2.81320089714805
Malaysia,1990-01-01,2.61780104712051
Malaysia,1991-01-01,4.358333333333
Malaysia,1992-01-01,4.76722829992821
Malaysia,1993-01-01,3.53658536585389
Malaysia,1994-01-01,3.72497055359284
Malaysia,1995-01-01,3.45057509584895
Malaysia,1996-01-01,3.48855945858916
Malaysia,1997-01-01,2.66251459711946
Malaysia,1998-01-01,5.27034200348766
Malaysia,1999-01-01,2.74456130240604
Malaysia,2000-01-01,1.53474023697699
Malaysia,2001-01-01,1.41678473206098
Malaysia,2002-01-01,1.80787246281536
Malaysia,2003-01-01,1.08967632577286
Malaysia,2004-01-01,1.42127115937402
Malaysia,2005-01-01,2.97507092684449
Malaysia,2006-01-01,3.60923564224389
Malaysia,2007-01-01,2.02735317779569
Malaysia,2008-01-01,5.44078221100769
Malaysia,2009-01-01,0.583308405623702
Malaysia,2010-01-01,1.62285235577035
Malaysia,2011-01-01,3.1744709215131
Malaysia,2012-01-01,1.66357102479206
Malaysia,2013-01-01,2.10501231233612
Malaysia,2014-01-01,3.14299050879095
Malaysia,2015-01-01,2.10438980238359
Malaysia,2016-01-01,2.09056659525742
Malaysia,2017-01-01,3.87120115774237
Malaysia,2018-01-01,0.884709160571235
Malaysia,2019-01-01,0.662891865764326
Malaysia,2020-01-01,-1.1387021539305
Malaysia,2021-01-01,2.47710241465447
Malaysia,2022-01-01,3.37869862549928
Malaysia,2023-01-01,2.48886560125754
Malaysia,2024-01-01,1.834100204499
Maldives,1980-01-01,
Maldives,1981-01-01,
Maldives,1982-01-01,
Maldives,1983-01-01,
Maldives,1984-01-01,
Maldives,1985-01-01,
Maldives,1986-01-01,9.72219327678563
Maldives,1987-01-01,9.7040723294332
Maldives,1988-01-01,6.45636026801941
Maldives,1989-01-01,7.16585889470777
Maldives,1990-01-01,3.64991197717477
Maldives,1991-01-01,14.7136770282735
Maldives,1992-01-01,16.8559977535548
Maldives,1993-01-01,20.1273593149248
Maldives,1994-01-01,3.38610098291493
Maldives,1995-01-01,5.48886133171504
Maldives,1996-01-01,6.24124591476026
Maldives,1997-01-01,7.57283467072592
Maldives,1998-01-01,-1.40425233816792
Maldives,1999-01-01,2.95370836069129
Maldives,2000-01-01,-1.17475681175946
Maldives,2001-01-01,0.67257737006247
Maldives,2002-01-01,4.1786723990479
Maldives,2003-01-01,-1.26065113450354
Maldives,2004-01-01,-1.68541212459466
Maldives,2005-01-01,1.30027500930997
Maldives,2006-01-01,2.73842131602099
Maldives,2007-01-01,6.79477353930168
Maldives,2008-01-01,12.0414583505108
Maldives,2009-01-01,4.53017659132801
Maldives,2010-01-01,6.14988536750173
Maldives,2011-01-01,11.2734146055937
Maldives,2012-01-01,10.884695658563
Maldives,2013-01-01,3.8056300091943
Maldives,2014-01-01,2.12000175718134
Maldives,2015-01-01,0.953206658777607
Maldives,2016-01-01,0.502509413611612
Maldives,2017-01-01,2.81747338234509
Maldives,2018-01-01,-0.133373386117595
Maldives,2019-01-01,0.220029731065383
Maldives,2020-01-01,-1.36977425569811
Maldives,2021-01-01,0.543149688737013
Maldives,2022-01-01,2.33314337624567
Maldives,2023-01-01,2.92746542425035
Maldives,2024-01-01,1.39979779674928
Mali,1980-01-01,
Mali,1981-01-01,
Mali,1982-01-01,
Mali,1983-01-01,
Mali,1984-01-01,
Mali,1985-01-01,
Mali,1986-01-01,
Mali,1987-01-01,
Mali,1988-01-01,
Mali,1989-01-01,-0.0766929979288841
Mali,1990-01-01,0.606339703737523
Mali,1991-01-01,1.80042722001858
Mali,1992-01-01,-6.24250599520425
Mali,1993-01-01,-0.263767884261804
Mali,1994-01-01,23.1767911524285
Mali,1995-01-01,13.4417696811974
Mali,1996-01-01,6.80545996788233
Mali,1997-01-01,-0.362999795946695
Mali,1998-01-01,4.03658945954986
Mali,1999-01-01,-1.20190368637502
Mali,2000-01-01,-0.677661659046769
Mali,2001-01-01,5.18701191944068
Mali,2002-01-01,5.03282275711194
Mali,2003-01-01,-1.34672619047621
Mali,2004-01-01,-3.09978128063957
Mali,2005-01-01,6.39788293897883
Mali,2006-01-01,1.54352596927582
Mali,2007-01-01,1.41200201714577
Mali,2008-01-01,9.17098813667678
Mali,2009-01-01,2.46375188572299
Mali,2010-01-01,1.10892690670186
Mali,2011-01-01,2.95564395229392
Mali,2012-01-01,5.32312847064058
Mali,2013-01-01,-0.606736356351563
Mali,2014-01-01,0.883814547137841
Mali,2015-01-01,1.45069057605961
Mali,2016-01-01,-1.79964707083386
Mali,2017-01-01,1.75985742927165
Mali,2018-01-01,0.299546507387843
Mali,2019-01-01,-1.65826694846365
Mali,2020-01-01,0.438088940320669
Mali,2021-01-01,3.92560283104277
Mali,2022-01-01,9.62147608489064
Mali,2023-01-01,2.05880228274223
Mali,2024-01-01,3.2063986409966
Malta,1980-01-01,15.747254103486
Malta,1981-01-01,11.5097558377123
Malta,1982-01-01,5.81823397218665
Malta,1983-01-01,-0.880997560317507
Malta,1984-01-01,-0.442500000750075
Malta,1985-01-01,-0.235207459677474
Malta,1986-01-01,2.02788871414761
Malta,1987-01-01,0.431725669422442
Malta,1988-01-01,0.938344387128515
Malta,1989-01-01,0.847691359226212
Malta,1990-01-01,2.9834058606356
Malta,1991-01-01,2.54219284786975
Malta,1992-01-01,1.63321209889045
Malta,1993-01-01,4.14481954180488
Malta,1994-01-01,4.12992181638259
Malta,1995-01-01,4.42664550286654
Malta,1996-01-01,2.05400000000009
Malta,1997-01-01,3.11207791953272
Malta,1998-01-01,2.38525135417661
Malta,1999-01-01,2.13476888806386
Malta,2000-01-01,2.36959287531806
Malta,2001-01-01,2.92949244324104
Malta,2002-01-01,2.18849048060549
Malta,2003-01-01,1.30383777442602
Malta,2004-01-01,2.79082848067754
Malta,2005-01-01,3.00796652450313
Malta,2006-01-01,2.77378006481472
Malta,2007-01-01,1.24921923797629
Malta,2008-01-01,4.25862171897073
Malta,2009-01-01,2.08432746082343
Malta,2010-01-01,1.51563513618532
Malta,2011-01-01,2.9629852819288
Malta,2012-01-01,2.37582057760386
Malta,2013-01-01,1.1802843636655
Malta,2014-01-01,0.310306472181665
Malta,2015-01-01,1.10054826378929
Malta,2016-01-01,0.642702771527304
Malta,2017-01-01,1.36435448150708
Malta,2018-01-01,1.15782362451517
Malta,2019-01-01,1.6420600176894
Malta,2020-01-01,0.638544956776712
Malta,2021-01-01,1.49789217934724
Malta,2022-01-01,6.15375621933037
Malta,2023-01-01,5.09396758978883
Malta,2024-01-01,1.65079469283109
Marshall Islands,1980-01-01,
Marshall Islands,1981-01-01,
Marshall Islands,1982-01-01,
Marshall Islands,1983-01-01,
Marshall Islands,1984-01-01,
Marshall Islands,1985-01-01,
Marshall Islands,1986-01-01,
Marshall Islands,1987-01-01,
Marshall Islands,1988-01-01,
Marshall Islands,1989-01-01,
Marshall Islands,1990-01-01,
Marshall Islands,1991-01-01,
Marshall Islands,1992-01-01,
Marshall Islands,1993-01-01,
Marshall Islands,1994-01-01,
Marshall Islands,1995-01-01,
Marshall Islands,1996-01-01,
Marshall Islands,1997-01-01,
Marshall Islands,1998-01-01,
Marshall Islands,1999-01-01,
Marshall Islands,2000-01-01,
Marshall Islands,2001-01-01,
Marshall Islands,2002-01-01,
Marshall Islands,2003-01-01,
Marshall Islands,2004-01-01,
Marshall Islands,2005-01-01,
Marshall Islands,2006-01-01,
Marshall Islands,2007-01-01,
Marshall Islands,2008-01-01,
Marshall Islands,2009-01-01,
Marshall Islands,2010-01-01,
Marshall Islands,2011-01-01,
Marshall Islands,2012-01-01,
Marshall Islands,2013-01-01,
Marshall Islands,2014-01-01,
Marshall Islands,2015-01-01,
Marshall Islands,2016-01-01,
Marshall Islands,2017-01-01,
Marshall Islands,2018-01-01,
Marshall Islands,2019-01-01,
Marshall Islands,2020-01-01,
Marshall Islands,2021-01-01,
Marshall Islands,2022-01-01,
Marshall Islands,2023-01-01,
Marshall Islands,2024-01-01,
Mauritania,1980-01-01,
Mauritania,1981-01-01,
Mauritania,1982-01-01,
Mauritania,1983-01-01,
Mauritania,1984-01-01,
Mauritania,1985-01-01,
Mauritania,1986-01-01,7.4333333333332
Mauritania,1987-01-01,8.15234253800871
Mauritania,1988-01-01,1.31965861005482
Mauritania,1989-01-01,12.9326820981099
Mauritania,1990-01-01,6.60022564874018
Mauritania,1991-01-01,5.62866666666699
Mauritania,1992-01-01,10.141817562151
Mauritania,1993-01-01,9.37034415971461
Mauritania,1994-01-01,4.12825861295442
Mauritania,1995-01-01,6.54379068524171
Mauritania,1996-01-01,4.68130623916413
Mauritania,1997-01-01,4.62534695318394
Mauritania,1998-01-01,8.03166665498858
Mauritania,1999-01-01,4.07417613596754
Mauritania,2000-01-01,3.25406745833358
Mauritania,2001-01-01,4.7148963468961
Mauritania,2002-01-01,3.8957052575849
Mauritania,2003-01-01,5.15190150769578
Mauritania,2004-01-01,10.3676233473073
Mauritania,2005-01-01,12.1256487185541
Mauritania,2006-01-01,6.2410332814282
Mauritania,2007-01-01,7.25410841304887
Mauritania,2008-01-01,7.34663541249786
Mauritania,2009-01-01,2.22092032381779
Mauritania,2010-01-01,6.28354087427704
Mauritania,2011-01-01,5.68631959575954
Mauritania,2012-01-01,4.90242727217997
Mauritania,2013-01-01,4.12910173783393
Mauritania,2014-01-01,3.53436856147324
Mauritania,2015-01-01,3.25472688117631
Mauritania,2016-01-01,1.47171045650004
Mauritania,2017-01-01,2.25427651934813
Mauritania,2018-01-01,3.06735996058356
Mauritania,2019-01-01,2.30009262117937
Mauritania,2020-01-01,2.3856948845632
Mauritania,2021-01-01,3.56516484650185
Mauritania,2022-01-01,9.52526628622843
Mauritania,2023-01-01,4.95305034506872
Mauritania,2024-01-01,2.49164347481972
Mauritius,1980-01-01,41.9995143865699
Mauritius,1981-01-01,14.4615910742106
Mauritius,1982-01-01,11.4156931283651
Mauritius,1983-01-01,5.58949801843939
Mauritius,1984-01-01,7.38916256169471
Mauritius,1985-01-01,6.69870394658498
Mauritius,1986-01-01,1.63265306122486
Mauritius,1987-01-01,0.518741633199852
Mauritius,1988-01-01,9.15931413351054
Mauritius,1989-01-01,12.670042091136
Mauritius,1990-01-01,13.4880887926371
Mauritius,1991-01-01,7.00101377541879
Mauritius,1992-01-01,4.64351929883709
Mauritius,1993-01-01,10.5178384472896
Mauritius,1994-01-01,7.32347154412294
Mauritius,1995-01-01,6.02933188484532
Mauritius,1996-01-01,6.55097336065573
Mauritius,1997-01-01,6.83334334996102
Mauritius,1998-01-01,6.81079323797193
Mauritius,1999-01-01,6.90914624866773
Mauritius,2000-01-01,4.19928825622807
Mauritius,2001-01-01,5.38934426229508
Mauritius,2002-01-01,6.41933372221149
Mauritius,2003-01-01,3.92105357558188
Mauritius,2004-01-01,4.71037060105883
Mauritius,2005-01-01,4.93717004981795
Mauritius,2006-01-01,8.91350105650142
Mauritius,2007-01-01,8.82729272393294
Mauritius,2008-01-01,9.73228317146887
Mauritius,2009-01-01,2.51609128145113
Mauritius,2010-01-01,2.93236301369857
Mauritius,2011-01-01,6.52249254869341
Mauritius,2012-01-01,3.85216033315983
Mauritius,2013-01-01,3.54329573934839
Mauritius,2014-01-01,3.21769191994684
Mauritius,2015-01-01,1.28654970760232
Mauritius,2016-01-01,0.977675134718965
Mauritius,2017-01-01,3.66699702675925
Mauritius,2018-01-01,3.2160538314457
Mauritius,2019-01-01,0.405655190309553
Mauritius,2020-01-01,2.5808007718283
Mauritius,2021-01-01,4.02852888157376
Mauritius,2022-01-01,10.7737512242899
Mauritius,2023-01-01,7.05298238454736
Mauritius,2024-01-01,3.6045220384796
Mexico,1980-01-01,26.3516513562834
Mexico,1981-01-01,27.9337625982399
Mexico,1982-01-01,58.9134198531048
Mexico,1983-01-01,101.874938435992
Mexico,1984-01-01,65.4488071277602
Mexico,1985-01-01,57.7484484008702
Mexico,1986-01-01,86.2333169923538
Mexico,1987-01-01,131.82738392309
Mexico,1988-01-01,114.162258549066
Mexico,1989-01-01,20.0078767139978
Mexico,1990-01-01,26.6516725646771
Mexico,1991-01-01,22.662359455061
Mexico,1992-01-01,15.5078962533573
Mexico,1993-01-01,9.75146045357553
Mexico,1994-01-01,6.96581237191123
Mexico,1995-01-01,34.9992712889592
Mexico,1996-01-01,34.3783832235168
Mexico,1997-01-01,20.6256287259247
Mexico,1998-01-01,15.9283950119353
Mexico,1999-01-01,16.5856169707538
Mexico,2000-01-01,9.49156149435403
Mexico,2001-01-01,6.36773806235037
Mexico,2002-01-01,5.03072733151295
Mexico,2003-01-01,4.54690012118718
Mexico,2004-01-01,4.68840884843143
Mexico,2005-01-01,3.98805714597437
Mexico,2006-01-01,3.62946762439132
Mexico,2007-01-01,3.96684905458235
Mexico,2008-01-01,5.12498274575896
Mexico,2009-01-01,5.29735584228856
Mexico,2010-01-01,4.15672722680174
Mexico,2011-01-01,3.40737824605742
Mexico,2012-01-01,4.11150981070289
Mexico,2013-01-01,3.80639069747204
Mexico,2014-01-01,4.01861608078679
Mexico,2015-01-01,2.72064064964023
Mexico,2016-01-01,2.8217078474766
Mexico,2017-01-01,6.04145724018986
Mexico,2018-01-01,4.89935015356551
Mexico,2019-01-01,3.63596142127046
Mexico,2020-01-01,3.39683415570006
Mexico,2021-01-01,5.68920847683753
Mexico,2022-01-01,7.8962761916855
Mexico,2023-01-01,5.52796087314389
Mexico,2024-01-01,4.72225588452932
"Micronesia, Fed. Sts.",1980-01-01,
"Micronesia, Fed. Sts.",1981-01-01,
"Micronesia, Fed. Sts.",1982-01-01,
"Micronesia, Fed. Sts.",1983-01-01,
"Micronesia, Fed. Sts.",1984-01-01,
"Micronesia, Fed. Sts.",1985-01-01,
"Micronesia, Fed. Sts.",1986-01-01,
"Micronesia, Fed. Sts.",1987-01-01,
"Micronesia, Fed. Sts.",1988-01-01,
"Micronesia, Fed. Sts.",1989-01-01,
"Micronesia, Fed. Sts.",1990-01-01,
"Micronesia, Fed. Sts.",1991-01-01,
"Micronesia, Fed. Sts.",1992-01-01,
"Micronesia, Fed. Sts.",1993-01-01,
"Micronesia, Fed. Sts.",1994-01-01,
"Micronesia, Fed. Sts.",1995-01-01,
"Micronesia, Fed. Sts.",1996-01-01,
"Micronesia, Fed. Sts.",1997-01-01,
"Micronesia, Fed. Sts.",1998-01-01,
"Micronesia, Fed. Sts.",1999-01-01,
"Micronesia, Fed. Sts.",2000-01-01,2.15851810619419
"Micronesia, Fed. Sts.",2001-01-01,0.502497351294027
"Micronesia, Fed. Sts.",2002-01-01,-0.111442426432945
"Micronesia, Fed. Sts.",2003-01-01,0.126643348208903
"Micronesia, Fed. Sts.",2004-01-01,2.27669698247304
"Micronesia, Fed. Sts.",2005-01-01,4.25769978210942
"Micronesia, Fed. Sts.",2006-01-01,4.63737008585635
"Micronesia, Fed. Sts.",2007-01-01,3.30634278002699
"Micronesia, Fed. Sts.",2008-01-01,8.42372566246186
"Micronesia, Fed. Sts.",2009-01-01,6.39360257735201
"Micronesia, Fed. Sts.",2010-01-01,3.31370963136217
"Micronesia, Fed. Sts.",2011-01-01,5.08259403890371
"Micronesia, Fed. Sts.",2012-01-01,5.01850353045616
"Micronesia, Fed. Sts.",2013-01-01,1.75232737350762
"Micronesia, Fed. Sts.",2014-01-01,0.650284891767944
"Micronesia, Fed. Sts.",2015-01-01,-0.2981158373807
"Micronesia, Fed. Sts.",2016-01-01,-1.03746806405349
"Micronesia, Fed. Sts.",2017-01-01,0.58225373525489
"Micronesia, Fed. Sts.",2018-01-01,1.49840023593737
"Micronesia, Fed. Sts.",2019-01-01,1.92385170787923
"Micronesia, Fed. Sts.",2020-01-01,0.554594630853174
"Micronesia, Fed. Sts.",2021-01-01,3.19128406597466
"Micronesia, Fed. Sts.",2022-01-01,5.40874375479067
"Micronesia, Fed. Sts.",2023-01-01,
"Micronesia, Fed. Sts.",2024-01-01,
"Middle East, North Africa, Afghanistan & Pakistan",1980-01-01,
"Middle East, North Africa, Afghanistan & Pakistan",1981-01-01,
"Middle East, North Africa, Afghanistan & Pakistan",1982-01-01,
"Middle East, North Africa, Afghanistan & Pakistan",1983-01-01,
"Middle East, North Africa, Afghanistan & Pakistan",1984-01-01,
"Middle East, North Africa, Afghanistan & Pakistan",1985-01-01,
"Middle East, North Africa, Afghanistan & Pakistan",1986-01-01,
"Middle East, North Africa, Afghanistan & Pakistan",1987-01-01,
"Middle East, North Africa, Afghanistan & Pakistan",1988-01-01,
"Middle East, North Africa, Afghanistan & Pakistan",1989-01-01,
"Middle East, North Africa, Afghanistan & Pakistan",1990-01-01,
"Middle East, North Africa, Afghanistan & Pakistan",1991-01-01,
"Middle East, North Africa, Afghanistan & Pakistan",1992-01-01,
"Middle East, North Africa, Afghanistan & Pakistan",1993-01-01,
"Middle East, North Africa, Afghanistan & Pakistan",1994-01-01,
"Middle East, North Africa, Afghanistan & Pakistan",1995-01-01,
"Middle East, North Africa, Afghanistan & Pakistan",1996-01-01,
"Middle East, North Africa, Afghanistan & Pakistan",1997-01-01,
"Middle East, North Africa, Afghanistan & Pakistan",1998-01-01,
"Middle East, North Africa, Afghanistan & Pakistan",1999-01-01,
"Middle East, North Africa, Afghanistan & Pakistan",2000-01-01,
"Middle East, North Africa, Afghanistan & Pakistan",2001-01-01,
"Middle East, North Africa, Afghanistan & Pakistan",2002-01-01,
"Middle East, North Africa, Afghanistan & Pakistan",2003-01-01,
"Middle East, North Africa, Afghanistan & Pakistan",2004-01-01,
"Middle East, North Africa, Afghanistan & Pakistan",2005-01-01,
"Middle East, North Africa, Afghanistan & Pakistan",2006-01-01,
"Middle East, North Africa, Afghanistan & Pakistan",2007-01-01,
"Middle East, North Africa, Afghanistan & Pakistan",2008-01-01,
"Middle East, North Africa, Afghanistan & Pakistan",2009-01-01,
"Middle East, North Africa, Afghanistan & Pakistan",2010-01-01,
"Middle East, North Africa, Afghanistan & Pakistan",2011-01-01,
"Middle East, North Africa, Afghanistan & Pakistan",2012-01-01,
"Middle East, North Africa, Afghanistan & Pakistan",2013-01-01,
"Middle East, North Africa, Afghanistan & Pakistan",2014-01-01,
"Middle East, North Africa, Afghanistan & Pakistan",2015-01-01,
"Middle East, North Africa, Afghanistan & Pakistan",2016-01-01,
"Middle East, North Africa, Afghanistan & Pakistan",2017-01-01,
"Middle East, North Africa, Afghanistan & Pakistan",2018-01-01,
"Middle East, North Africa, Afghanistan & Pakistan",2019-01-01,
"Middle East, North Africa, Afghanistan & Pakistan",2020-01-01,
"Middle East, North Africa, Afghanistan & Pakistan",2021-01-01,
"Middle East, North Africa, Afghanistan & Pakistan",2022-01-01,
"Middle East, North Africa, Afghanistan & Pakistan",2023-01-01,
"Middle East, North Africa, Afghanistan & Pakistan",2024-01-01,
"Middle East, North Africa, Afghanistan & Pakistan (IDA & IBRD)",1980-01-01,
"Middle East, North Africa, Afghanistan & Pakistan (IDA & IBRD)",1981-01-01,
"Middle East, North Africa, Afghanistan & Pakistan (IDA & IBRD)",1982-01-01,
"Middle East, North Africa, Afghanistan & Pakistan (IDA & IBRD)",1983-01-01,
"Middle East, North Africa, Afghanistan & Pakistan (IDA & IBRD)",1984-01-01,
"Middle East, North Africa, Afghanistan & Pakistan (IDA & IBRD)",1985-01-01,
"Middle East, North Africa, Afghanistan & Pakistan (IDA & IBRD)",1986-01-01,
"Middle East, North Africa, Afghanistan & Pakistan (IDA & IBRD)",1987-01-01,
"Middle East, North Africa, Afghanistan & Pakistan (IDA & IBRD)",1988-01-01,
"Middle East, North Africa, Afghanistan & Pakistan (IDA & IBRD)",1989-01-01,
"Middle East, North Africa, Afghanistan & Pakistan (IDA & IBRD)",1990-01-01,
"Middle East, North Africa, Afghanistan & Pakistan (IDA & IBRD)",1991-01-01,
"Middle East, North Africa, Afghanistan & Pakistan (IDA & IBRD)",1992-01-01,
"Middle East, North Africa, Afghanistan & Pakistan (IDA & IBRD)",1993-01-01,
"Middle East, North Africa, Afghanistan & Pakistan (IDA & IBRD)",1994-01-01,
"Middle East, North Africa, Afghanistan & Pakistan (IDA & IBRD)",1995-01-01,
"Middle East, North Africa, Afghanistan & Pakistan (IDA & IBRD)",1996-01-01,
"Middle East, North Africa, Afghanistan & Pakistan (IDA & IBRD)",1997-01-01,
"Middle East, North Africa, Afghanistan & Pakistan (IDA & IBRD)",1998-01-01,
"Middle East, North Africa, Afghanistan & Pakistan (IDA & IBRD)",1999-01-01,
"Middle East, North Africa, Afghanistan & Pakistan (IDA & IBRD)",2000-01-01,
"Middle East, North Africa, Afghanistan & Pakistan (IDA & IBRD)",2001-01-01,
"Middle East, North Africa, Afghanistan & Pakistan (IDA & IBRD)",2002-01-01,
"Middle East, North Africa, Afghanistan & Pakistan (IDA & IBRD)",2003-01-01,
"Middle East, North Africa, Afghanistan & Pakistan (IDA & IBRD)",2004-01-01,
"Middle East, North Africa, Afghanistan & Pakistan (IDA & IBRD)",2005-01-01,
"Middle East, North Africa, Afghanistan & Pakistan (IDA & IBRD)",2006-01-01,
"Middle East, North Africa, Afghanistan & Pakistan (IDA & IBRD)",2007-01-01,
"Middle East, North Africa, Afghanistan & Pakistan (IDA & IBRD)",2008-01-01,
"Middle East, North Africa, Afghanistan & Pakistan (IDA & IBRD)",2009-01-01,
"Middle East, North Africa, Afghanistan & Pakistan (IDA & IBRD)",2010-01-01,
"Middle East, North Africa, Afghanistan & Pakistan (IDA & IBRD)",2011-01-01,
"Middle East, North Africa, Afghanistan & Pakistan (IDA & IBRD)",2012-01-01,
"Middle East, North Africa, Afghanistan & Pakistan (IDA & IBRD)",2013-01-01,
"Middle East, North Africa, Afghanistan & Pakistan (IDA & IBRD)",2014-01-01,
"Middle East, North Africa, Afghanistan & Pakistan (IDA & IBRD)",2015-01-01,
"Middle East, North Africa, Afghanistan & Pakistan (IDA & IBRD)",2016-01-01,
"Middle East, North Africa, Afghanistan & Pakistan (IDA & IBRD)",2017-01-01,
"Middle East, North Africa, Afghanistan & Pakistan (IDA & IBRD)",2018-01-01,
"Middle East, North Africa, Afghanistan & Pakistan (IDA & IBRD)",2019-01-01,
"Middle East, North Africa, Afghanistan & Pakistan (IDA & IBRD)",2020-01-01,
"Middle East, North Africa, Afghanistan & Pakistan (IDA & IBRD)",2021-01-01,
"Middle East, North Africa, Afghanistan & Pakistan (IDA & IBRD)",2022-01-01,
"Middle East, North Africa, Afghanistan & Pakistan (IDA & IBRD)",2023-01-01,
"Middle East, North Africa, Afghanistan & Pakistan (IDA & IBRD)",2024-01-01,
"Middle East, North Africa, Afghanistan & Pakistan (excluding high income)",1980-01-01,
"Middle East, North Africa, Afghanistan & Pakistan (excluding high income)",1981-01-01,
"Middle East, North Africa, Afghanistan & Pakistan (excluding high income)",1982-01-01,
"Middle East, North Africa, Afghanistan & Pakistan (excluding high income)",1983-01-01,
"Middle East, North Africa, Afghanistan & Pakistan (excluding high income)",1984-01-01,
"Middle East, North Africa, Afghanistan & Pakistan (excluding high income)",1985-01-01,
"Middle East, North Africa, Afghanistan & Pakistan (excluding high income)",1986-01-01,
"Middle East, North Africa, Afghanistan & Pakistan (excluding high income)",1987-01-01,
"Middle East, North Africa, Afghanistan & Pakistan (excluding high income)",1988-01-01,
"Middle East, North Africa, Afghanistan & Pakistan (excluding high income)",1989-01-01,
"Middle East, North Africa, Afghanistan & Pakistan (excluding high income)",1990-01-01,
"Middle East, North Africa, Afghanistan & Pakistan (excluding high income)",1991-01-01,
"Middle East, North Africa, Afghanistan & Pakistan (excluding high income)",1992-01-01,
"Middle East, North Africa, Afghanistan & Pakistan (excluding high income)",1993-01-01,
"Middle East, North Africa, Afghanistan & Pakistan (excluding high income)",1994-01-01,
"Middle East, North Africa, Afghanistan & Pakistan (excluding high income)",1995-01-01,
"Middle East, North Africa, Afghanistan & Pakistan (excluding high income)",1996-01-01,
"Middle East, North Africa, Afghanistan & Pakistan (excluding high income)",1997-01-01,
"Middle East, North Africa, Afghanistan & Pakistan (excluding high income)",1998-01-01,
"Middle East, North Africa, Afghanistan & Pakistan (excluding high income)",1999-01-01,
"Middle East, North Africa, Afghanistan & Pakistan (excluding high income)",2000-01-01,
"Middle East, North Africa, Afghanistan & Pakistan (excluding high income)",2001-01-01,
"Middle East, North Africa, Afghanistan & Pakistan (excluding high income)",2002-01-01,
"Middle East, North Africa, Afghanistan & Pakistan (excluding high income)",2003-01-01,
"Middle East, North Africa, Afghanistan & Pakistan (excluding high income)",2004-01-01,
"Middle East, North Africa, Afghanistan & Pakistan (excluding high income)",2005-01-01,
"Middle East, North Africa, Afghanistan & Pakistan (excluding high income)",2006-01-01,
"Middle East, North Africa, Afghanistan & Pakistan (excluding high income)",2007-01-01,
"Middle East, North Africa, Afghanistan & Pakistan (excluding high income)",2008-01-01,
"Middle East, North Africa, Afghanistan & Pakistan (excluding high income)",2009-01-01,
"Middle East, North Africa, Afghanistan & Pakistan (excluding high income)",2010-01-01,
"Middle East, North Africa, Afghanistan & Pakistan (excluding high income)",2011-01-01,
"Middle East, North Africa, Afghanistan & Pakistan (excluding high income)",2012-01-01,
"Middle East, North Africa, Afghanistan & Pakistan (excluding high income)",2013-01-01,
"Middle East, North Africa, Afghanistan & Pakistan (excluding high income)",2014-01-01,
"Middle East, North Africa, Afghanistan & Pakistan (excluding high income)",2015-01-01,
"Middle East, North Africa, Afghanistan & Pakistan (excluding high income)",2016-01-01,
"Middle East, North Africa, Afghanistan & Pakistan (excluding high income)",2017-01-01,
"Middle East, North Africa, Afghanistan & Pakistan (excluding high income)",2018-01-01,
"Middle East, North Africa, Afghanistan & Pakistan (excluding high income)",2019-01-01,
"Middle East, North Africa, Afghanistan & Pakistan (excluding high income)",2020-01-01,
"Middle East, North Africa, Afghanistan & Pakistan (excluding high income)",2021-01-01,
"Middle East, North Africa, Afghanistan & Pakistan (excluding high income)",2022-01-01,
"Middle East, North Africa, Afghanistan & Pakistan (excluding high income)",2023-01-01,
"Middle East, North Africa, Afghanistan & Pakistan (excluding high income)",2024-01-01,
Middle income,1980-01-01,
Middle income,1981-01-01,
Middle income,1982-01-01,
Middle income,1983-01-01,
Middle income,1984-01-01,
Middle income,1985-01-01,
Middle income,1986-01-01,
Middle income,1987-01-01,
Middle income,1988-01-01,
Middle income,1989-01-01,
Middle income,1990-01-01,
Middle income,1991-01-01,
Middle income,1992-01-01,
Middle income,1993-01-01,
Middle income,1994-01-01,
Middle income,1995-01-01,
Middle income,1996-01-01,
Middle income,1997-01-01,
Middle income,1998-01-01,
Middle income,1999-01-01,
Middle income,2000-01-01,
Middle income,2001-01-01,
Middle income,2002-01-01,
Middle income,2003-01-01,
Middle income,2004-01-01,
Middle income,2005-01-01,
Middle income,2006-01-01,
Middle income,2007-01-01,
Middle income,2008-01-01,
Middle income,2009-01-01,
Middle income,2010-01-01,
Middle income,2011-01-01,
Middle income,2012-01-01,
Middle income,2013-01-01,
Middle income,2014-01-01,
Middle income,2015-01-01,
Middle income,2016-01-01,
Middle income,2017-01-01,
Middle income,2018-01-01,
Middle income,2019-01-01,
Middle income,2020-01-01,
Middle income,2021-01-01,
Middle income,2022-01-01,
Middle income,2023-01-01,
Middle income,2024-01-01,
Moldova,1980-01-01,
Moldova,1981-01-01,
Moldova,1982-01-01,
Moldova,1983-01-01,
Moldova,1984-01-01,
Moldova,1985-01-01,
Moldova,1986-01-01,
Moldova,1987-01-01,
Moldova,1988-01-01,
Moldova,1989-01-01,
Moldova,1990-01-01,
Moldova,1991-01-01,
Moldova,1992-01-01,1026.82626424702
Moldova,1993-01-01,1613.60398876194
Moldova,1994-01-01,486.42562379589
Moldova,1995-01-01,29.8656104095718
Moldova,1996-01-01,23.5056772963368
Moldova,1997-01-01,11.7728324494467
Moldova,1998-01-01,7.69576517517208
Moldova,1999-01-01,39.2559806891745
Moldova,2000-01-01,31.2993015817784
Moldova,2001-01-01,9.7646628575763
Moldova,2002-01-01,5.30124390261587
Moldova,2003-01-01,11.7460792058234
Moldova,2004-01-01,12.5242768428228
Moldova,2005-01-01,11.9591837222127
Moldova,2006-01-01,12.7777557830351
Moldova,2007-01-01,12.3671668414302
Moldova,2008-01-01,12.783047261882
Moldova,2009-01-01,-0.0627185967108899
Moldova,2010-01-01,7.48385086350851
Moldova,2011-01-01,7.6872510335619
Moldova,2012-01-01,4.54633427355302
Moldova,2013-01-01,4.59787897363127
Moldova,2014-01-01,5.08878554625869
Moldova,2015-01-01,9.67624033101859
Moldova,2016-01-01,6.35930898037931
Moldova,2017-01-01,6.57022997455611
Moldova,2018-01-01,3.04505397337071
Moldova,2019-01-01,4.83778351428728
Moldova,2020-01-01,3.76597122245351
Moldova,2021-01-01,5.10641129002835
Moldova,2022-01-01,28.7372976766235
Moldova,2023-01-01,13.4170104381299
Moldova,2024-01-01,4.67773516007052
Monaco,1980-01-01,
Monaco,1981-01-01,
Monaco,1982-01-01,
Monaco,1983-01-01,
Monaco,1984-01-01,
Monaco,1985-01-01,
Monaco,1986-01-01,
Monaco,1987-01-01,
Monaco,1988-01-01,
Monaco,1989-01-01,
Monaco,1990-01-01,
Monaco,1991-01-01,
Monaco,1992-01-01,
Monaco,1993-01-01,
Monaco,1994-01-01,
Monaco,1995-01-01,
Monaco,1996-01-01,
Monaco,1997-01-01,
Monaco,1998-01-01,
Monaco,1999-01-01,
Monaco,2000-01-01,
Monaco,2001-01-01,
Monaco,2002-01-01,
Monaco,2003-01-01,
Monaco,2004-01-01,
Monaco,2005-01-01,
Monaco,2006-01-01,
Monaco,2007-01-01,
Monaco,2008-01-01,
Monaco,2009-01-01,
Monaco,2010-01-01,
Monaco,2011-01-01,
Monaco,2012-01-01,
Monaco,2013-01-01,
Monaco,2014-01-01,
Monaco,2015-01-01,
Monaco,2016-01-01,
Monaco,2017-01-01,
Monaco,2018-01-01,
Monaco,2019-01-01,
Monaco,2020-01-01,
Monaco,2021-01-01,
Monaco,2022-01-01,
Monaco,2023-01-01,
Monaco,2024-01-01,
Mongolia,1980-01-01,
Mongolia,1981-01-01,
Mongolia,1982-01-01,
Mongolia,1983-01-01,
Mongolia,1984-01-01,
Mongolia,1985-01-01,
Mongolia,1986-01-01,
Mongolia,1987-01-01,
Mongolia,1988-01-01,
Mongolia,1989-01-01,
Mongolia,1990-01-01,
Mongolia,1991-01-01,
Mongolia,1992-01-01,
Mongolia,1993-01-01,268.150488882784
Mongolia,1994-01-01,87.580009329808
Mongolia,1995-01-01,0.0435161009571923
Mongolia,1996-01-01,46.8899521531102
Mongolia,1997-01-01,36.5561148948773
Mongolia,1998-01-01,9.35704217716548
Mongolia,1999-01-01,7.56494150307377
Mongolia,2000-01-01,11.5955387593327
Mongolia,2001-01-01,6.27736020484006
Mongolia,2002-01-01,0.91707468718427
Mongolia,2003-01-01,5.12899499422419
Mongolia,2004-01-01,8.24115449417619
Mongolia,2005-01-01,12.7165674066053
Mongolia,2006-01-01,5.09516661663157
Mongolia,2007-01-01,9.63096309630964
Mongolia,2008-01-01,27.9556650246306
Mongolia,2009-01-01,7.6195059351941
Mongolia,2010-01-01,10.0462065881651
Mongolia,2011-01-01,8.41121495327101
Mongolia,2012-01-01,14.3303348325838
Mongolia,2013-01-01,10.4906567588241
Mongolia,2014-01-01,12.2539808129759
Mongolia,2015-01-01,5.73568281938327
Mongolia,2016-01-01,0.733272227314397
Mongolia,2017-01-01,4.30143105302342
Mongolia,2018-01-01,6.82424790145522
Mongolia,2019-01-01,7.30106953550729
Mongolia,2020-01-01,3.7237230614026
Mongolia,2021-01-01,7.35894657888155
Mongolia,2022-01-01,15.1509728200805
Mongolia,2023-01-01,10.347583131434
Mongolia,2024-01-01,6.1977990165842
Montenegro,1980-01-01,
Montenegro,1981-01-01,
Montenegro,1982-01-01,
Montenegro,1983-01-01,
Montenegro,1984-01-01,
Montenegro,1985-01-01,
Montenegro,1986-01-01,
Montenegro,1987-01-01,
Montenegro,1988-01-01,
Montenegro,1989-01-01,
Montenegro,1990-01-01,
Montenegro,1991-01-01,
Montenegro,1992-01-01,
Montenegro,1993-01-01,
Montenegro,1994-01-01,
Montenegro,1995-01-01,
Montenegro,1996-01-01,
Montenegro,1997-01-01,
Montenegro,1998-01-01,
Montenegro,1999-01-01,
Montenegro,2000-01-01,
Montenegro,2001-01-01,
Montenegro,2002-01-01,
Montenegro,2003-01-01,
Montenegro,2004-01-01,
Montenegro,2005-01-01,
Montenegro,2006-01-01,2.92451258123648
Montenegro,2007-01-01,4.34712215656112
Montenegro,2008-01-01,8.75872769588798
Montenegro,2009-01-01,3.46672373207793
Montenegro,2010-01-01,0.654946570148479
Montenegro,2011-01-01,3.4501431124869
Montenegro,2012-01-01,4.14524724981119
Montenegro,2013-01-01,2.20589268141178
Montenegro,2014-01-01,-0.710514051710227
Montenegro,2015-01-01,1.54869158222486
Montenegro,2016-01-01,-0.271385023385176
Montenegro,2017-01-01,2.3802359905313
Montenegro,2018-01-01,2.611223782638
Montenegro,2019-01-01,0.361563704540767
Montenegro,2020-01-01,-0.255655699848551
Montenegro,2021-01-01,2.41080198403165
Montenegro,2022-01-01,13.0403036347004
Montenegro,2023-01-01,8.58476910455403
Montenegro,2024-01-01,3.33675009282281
Morocco,1980-01-01,9.40837947437956
Morocco,1981-01-01,12.4925283921001
Morocco,1982-01-01,10.5278072972983
Morocco,1983-01-01,6.20793538870313
Morocco,1984-01-01,12.4475693291853
Morocco,1985-01-01,7.7286389008592
Morocco,1986-01-01,8.73355918706675
Morocco,1987-01-01,2.69873997713767
Morocco,1988-01-01,2.36905505487641
Morocco,1989-01-01,3.2599694922639
Morocco,1990-01-01,6.78259401511006
Morocco,1991-01-01,7.98616600790512
Morocco,1992-01-01,5.7402466286874
Morocco,1993-01-01,5.18311396030801
Morocco,1994-01-01,5.14167152953361
Morocco,1995-01-01,6.12358164775523
Morocco,1996-01-01,2.98680922773017
Morocco,1997-01-01,1.03819895051614
Morocco,1998-01-01,2.75311330764477
Morocco,1999-01-01,0.684782608695643
Morocco,2000-01-01,1.89463456763464
Morocco,2001-01-01,0.619801875297975
Morocco,2002-01-01,2.79561966936936
Morocco,2003-01-01,1.16773367477592
Morocco,2004-01-01,1.49344403381774
Morocco,2005-01-01,0.982641660015951
Morocco,2006-01-01,3.28476166954811
Morocco,2007-01-01,2.04208512673344
Morocco,2008-01-01,3.71484311494064
Morocco,2009-01-01,0.971862998667636
Morocco,2010-01-01,0.993557401226392
Morocco,2011-01-01,0.9069249096918
Morocco,2012-01-01,1.28712240079219
Morocco,2013-01-01,1.88065466724086
Morocco,2014-01-01,0.442310053557048
Morocco,2015-01-01,1.5579071134626
Morocco,2016-01-01,1.63531114327064
Morocco,2017-01-01,0.754663249323619
Morocco,2018-01-01,1.80391671141896
Morocco,2019-01-01,0.303386036590383
Morocco,2020-01-01,0.705968661338261
Morocco,2021-01-01,1.40195883962006
Morocco,2022-01-01,6.65704202759067
Morocco,2023-01-01,6.09114152504141
Morocco,2024-01-01,0.985256592004507
Mozambique,1980-01-01,
Mozambique,1981-01-01,
Mozambique,1982-01-01,
Mozambique,1983-01-01,
Mozambique,1984-01-01,
Mozambique,1985-01-01,
Mozambique,1986-01-01,
Mozambique,1987-01-01,
Mozambique,1988-01-01,
Mozambique,1989-01-01,
Mozambique,1990-01-01,
Mozambique,1991-01-01,
Mozambique,1992-01-01,
Mozambique,1993-01-01,
Mozambique,1994-01-01,
Mozambique,1995-01-01,
Mozambique,1996-01-01,
Mozambique,1997-01-01,
Mozambique,1998-01-01,
Mozambique,1999-01-01,
Mozambique,2000-01-01,
Mozambique,2001-01-01,
Mozambique,2002-01-01,
Mozambique,2003-01-01,
Mozambique,2004-01-01,
Mozambique,2005-01-01,6.42755278070087
Mozambique,2006-01-01,13.2450879070999
Mozambique,2007-01-01,8.48948675497455
Mozambique,2008-01-01,14.5028053002268
Mozambique,2009-01-01,3.78861330914625
Mozambique,2010-01-01,12.4255421735156
Mozambique,2011-01-01,11.1666056127874
Mozambique,2012-01-01,2.60245456956618
Mozambique,2013-01-01,4.26135250941963
Mozambique,2014-01-01,2.55974875844295
Mozambique,2015-01-01,3.55075967356746
Mozambique,2016-01-01,17.4180418197597
Mozambique,2017-01-01,15.1132073899384
Mozambique,2018-01-01,3.91133439990729
Mozambique,2019-01-01,2.80270307928111
Mozambique,2020-01-01,3.48393567493204
Mozambique,2021-01-01,6.40847652975692
Mozambique,2022-01-01,10.2794018093421
Mozambique,2023-01-01,7.12697482131851
Mozambique,2024-01-01,4.07856834812022
Myanmar,1980-01-01,0.608153083899614
Myanmar,1981-01-01,0.318444733265915
Myanmar,1982-01-01,5.30474040537993
Myanmar,1983-01-01,5.65008336345438
Myanmar,1984-01-01,4.84631154769053
Myanmar,1985-01-01,6.80756655768333
Myanmar,1986-01-01,9.32546190007652
Myanmar,1987-01-01,24.7599999999999
Myanmar,1988-01-01,16.0428021801856
Myanmar,1989-01-01,27.1985264490888
Myanmar,1990-01-01,17.6267750314504
Myanmar,1991-01-01,32.2720382866416
Myanmar,1992-01-01,21.9132104007913
Myanmar,1993-01-01,31.83160687276
Myanmar,1994-01-01,24.0987860757019
Myanmar,1995-01-01,25.1947123972847
Myanmar,1996-01-01,16.2753966377374
Myanmar,1997-01-01,29.6972325791529
Myanmar,1998-01-01,51.4875497504079
Myanmar,1999-01-01,18.4010433741609
Myanmar,2000-01-01,-0.109165514668565
Myanmar,2001-01-01,21.101305376923
Myanmar,2002-01-01,57.0745112621703
Myanmar,2003-01-01,36.5897175323924
Myanmar,2004-01-01,4.53421374129692
Myanmar,2005-01-01,9.36861814196704
Myanmar,2006-01-01,19.9964873359214
Myanmar,2007-01-01,35.0245970717698
Myanmar,2008-01-01,26.7995371934022
Myanmar,2009-01-01,1.47234311385647
Myanmar,2010-01-01,7.71838195873614
Myanmar,2011-01-01,5.0214601462073
Myanmar,2012-01-01,1.46758322674679
Myanmar,2013-01-01,5.64303883425501
Myanmar,2014-01-01,4.953299184844
Myanmar,2015-01-01,9.45417189526018
Myanmar,2016-01-01,6.92882525816076
Myanmar,2017-01-01,4.5725365531752
Myanmar,2018-01-01,6.87232865662935
Myanmar,2019-01-01,8.82506696804558
Myanmar,2020-01-01,
Myanmar,2021-01-01,
Myanmar,2022-01-01,
Myanmar,2023-01-01,
Myanmar,2024-01-01,
Namibia,1980-01-01,
Namibia,1981-01-01,
Namibia,1982-01-01,
Namibia,1983-01-01,
Namibia,1984-01-01,
Namibia,1985-01-01,
Namibia,1986-01-01,
Namibia,1987-01-01,
Namibia,1988-01-01,
Namibia,1989-01-01,
Namibia,1990-01-01,
Namibia,1991-01-01,
Namibia,1992-01-01,
Namibia,1993-01-01,
Namibia,1994-01-01,
Namibia,1995-01-01,
Namibia,1996-01-01,
Namibia,1997-01-01,
Namibia,1998-01-01,
Namibia,1999-01-01,
Namibia,2000-01-01,
Namibia,2001-01-01,
Namibia,2002-01-01,
Namibia,2003-01-01,7.1361531145863
Namibia,2004-01-01,4.13663213144748
Namibia,2005-01-01,2.28194607024307
Namibia,2006-01-01,4.96116689298916
Namibia,2007-01-01,6.54788141101717
Namibia,2008-01-01,9.0946430719281
Namibia,2009-01-01,9.45172651521705
Namibia,2010-01-01,4.8749198764395
Namibia,2011-01-01,5.005595180812
Namibia,2012-01-01,6.72199777334886
Namibia,2013-01-01,5.60092502290401
Namibia,2014-01-01,5.35016966859602
Namibia,2015-01-01,3.39401538410559
Namibia,2016-01-01,6.72858234593338
Namibia,2017-01-01,6.14579981111164
Namibia,2018-01-01,4.29159105337875
Namibia,2019-01-01,3.72239414422695
Namibia,2020-01-01,2.20938236933469
Namibia,2021-01-01,3.61690530108814
Namibia,2022-01-01,6.08128114112413
Namibia,2023-01-01,5.87993463284275
Namibia,2024-01-01,4.23903922877036
Nauru,1980-01-01,
Nauru,1981-01-01,
Nauru,1982-01-01,
Nauru,1983-01-01,
Nauru,1984-01-01,
Nauru,1985-01-01,
Nauru,1986-01-01,
Nauru,1987-01-01,
Nauru,1988-01-01,
Nauru,1989-01-01,
Nauru,1990-01-01,
Nauru,1991-01-01,
Nauru,1992-01-01,
Nauru,1993-01-01,
Nauru,1994-01-01,
Nauru,1995-01-01,
Nauru,1996-01-01,
Nauru,1997-01-01,
Nauru,1998-01-01,
Nauru,1999-01-01,
Nauru,2000-01-01,
Nauru,2001-01-01,
Nauru,2002-01-01,
Nauru,2003-01-01,
Nauru,2004-01-01,
Nauru,2005-01-01,
Nauru,2006-01-01,
Nauru,2007-01-01,
Nauru,2008-01-01,
Nauru,2009-01-01,
Nauru,2010-01-01,
Nauru,2011-01-01,0.3003003003003
Nauru,2012-01-01,-0.124750499001971
Nauru,2013-01-01,
Nauru,2014-01-01,
Nauru,2015-01-01,
Nauru,2016-01-01,
Nauru,2017-01-01,
Nauru,2018-01-01,
Nauru,2019-01-01,
Nauru,2020-01-01,
Nauru,2021-01-01,
Nauru,2022-01-01,
Nauru,2023-01-01,
Nauru,2024-01-01,
Nepal,1980-01-01,14.6845027763768
Nepal,1981-01-01,11.1448567278444
Nepal,1982-01-01,11.6985465924139
Nepal,1983-01-01,12.3772380782712
Nepal,1984-01-01,2.84578495716266
Nepal,1985-01-01,8.0526412661963
Nepal,1986-01-01,18.9989495502395
Nepal,1987-01-01,10.750328044985
Nepal,1988-01-01,8.98300338208989
Nepal,1989-01-01,8.84688691232552
Nepal,1990-01-01,8.23970037453206
Nepal,1991-01-01,15.5574529276949
Nepal,1992-01-01,17.1495236243439
Nepal,1993-01-01,7.50539419087105
Nepal,1994-01-01,8.34928672883384
Nepal,1995-01-01,7.62296950698163
Nepal,1996-01-01,9.22046662376986
Nepal,1997-01-01,4.00998860523181
Nepal,1998-01-01,11.2444677818614
Nepal,1999-01-01,7.45111260957546
Nepal,2000-01-01,2.47882020709136
Nepal,2001-01-01,2.6883037354563
Nepal,2002-01-01,3.02939948714892
Nepal,2003-01-01,5.70700931874738
Nepal,2004-01-01,2.8418113124898
Nepal,2005-01-01,6.83633265892877
Nepal,2006-01-01,6.92033580707589
Nepal,2007-01-01,2.26921924439074
Nepal,2008-01-01,9.9078300530648
Nepal,2009-01-01,11.0948237386987
Nepal,2010-01-01,9.32650410745395
Nepal,2011-01-01,9.2270754612596
Nepal,2012-01-01,9.45980980357125
Nepal,2013-01-01,9.04016311917645
Nepal,2014-01-01,8.36415469659563
Nepal,2015-01-01,7.86890895590891
Nepal,2016-01-01,8.7903433200464
Nepal,2017-01-01,2.77703998300211
Nepal,2018-01-01,4.40659410175714
Nepal,2019-01-01,5.56616035243723
Nepal,2020-01-01,5.05635826238499
Nepal,2021-01-01,4.12676744440695
Nepal,2022-01-01,7.6702057938028
Nepal,2023-01-01,7.11587261530826
Nepal,2024-01-01,4.6850965426577
Netherlands,1980-01-01,6.51345686297215
Netherlands,1981-01-01,6.73892955078451
Netherlands,1982-01-01,5.91109323984916
Netherlands,1983-01-01,2.74084282543433
Netherlands,1984-01-01,3.30163841997983
Netherlands,1985-01-01,2.25858401255268
Netherlands,1986-01-01,0.0833479494867508
Netherlands,1987-01-01,-0.691203091336868
Netherlands,1988-01-01,0.737943045747553
Netherlands,1989-01-01,1.08216015577775
Netherlands,1990-01-01,2.45408985919675
Netherlands,1991-01-01,3.15819751859096
Netherlands,1992-01-01,3.18358569499581
Netherlands,1993-01-01,2.58418115634715
Netherlands,1994-01-01,2.80152693672192
Netherlands,1995-01-01,1.92322457166359
Netherlands,1996-01-01,2.11378787066774
Netherlands,1997-01-01,2.10924562739483
Netherlands,1998-01-01,1.95913632274257
Netherlands,1999-01-01,2.1571791805505
Netherlands,2000-01-01,2.36052233801958
Netherlands,2001-01-01,4.15584127195612
Netherlands,2002-01-01,3.28753104712766
Netherlands,2003-01-01,2.09199838997655
Netherlands,2004-01-01,1.26364739183177
Netherlands,2005-01-01,1.6881301786962
Netherlands,2006-01-01,1.10150106517709
Netherlands,2007-01-01,1.61385859802102
Netherlands,2008-01-01,2.48650198289457
Netherlands,2009-01-01,1.18977687021548
Netherlands,2010-01-01,1.27530569556679
Netherlands,2011-01-01,2.34107017751373
Netherlands,2012-01-01,2.45554765291614
Netherlands,2013-01-01,2.50689852657875
Netherlands,2014-01-01,0.976035079699679
Netherlands,2015-01-01,0.600248147278776
Netherlands,2016-01-01,0.316666666666652
Netherlands,2017-01-01,1.38145871407216
Netherlands,2018-01-01,1.70349794744479
Netherlands,2019-01-01,2.63369910249591
Netherlands,2020-01-01,1.27246037789161
Netherlands,2021-01-01,2.67572008805385
Netherlands,2022-01-01,10.0012078753473
Netherlands,2023-01-01,3.83839354342808
Netherlands,2024-01-01,3.34754304219953
New Caledonia,1980-01-01,
New Caledonia,1981-01-01,
New Caledonia,1982-01-01,
New Caledonia,1983-01-01,
New Caledonia,1984-01-01,
New Caledonia,1985-01-01,
New Caledonia,1986-01-01,
New Caledonia,1987-01-01,
New Caledonia,1988-01-01,
New Caledonia,1989-01-01,
New Caledonia,1990-01-01,
New Caledonia,1991-01-01,
New Caledonia,1992-01-01,
New Caledonia,1993-01-01,
New Caledonia,1994-01-01,
New Caledonia,1995-01-01,
New Caledonia,1996-01-01,
New Caledonia,1997-01-01,
New Caledonia,1998-01-01,
New Caledonia,1999-01-01,
New Caledonia,2000-01-01,
New Caledonia,2001-01-01,
New Caledonia,2002-01-01,
New Caledonia,2003-01-01,
New Caledonia,2004-01-01,
New Caledonia,2005-01-01,
New Caledonia,2006-01-01,
New Caledonia,2007-01-01,
New Caledonia,2008-01-01,
New Caledonia,2009-01-01,
New Caledonia,2010-01-01,
New Caledonia,2011-01-01,2.42899693753383
New Caledonia,2012-01-01,1.74967234600262
New Caledonia,2013-01-01,1.27761318992718
New Caledonia,2014-01-01,0.178851060785511
New Caledonia,2015-01-01,0.570508141048402
New Caledonia,2016-01-01,0.578317435520754
New Caledonia,2017-01-01,
New Caledonia,2018-01-01,
New Caledonia,2019-01-01,
New Caledonia,2020-01-01,
New Caledonia,2021-01-01,
New Caledonia,2022-01-01,
New Caledonia,2023-01-01,
New Caledonia,2024-01-01,
New Zealand,1980-01-01,17.1505454240954
New Zealand,1981-01-01,15.3701595831853
New Zealand,1982-01-01,16.1636941231018
New Zealand,1983-01-01,7.34107586057345
New Zealand,1984-01-01,6.17125347924442
New Zealand,1985-01-01,15.4176555719917
New Zealand,1986-01-01,13.2133980640021
New Zealand,1987-01-01,15.7443007888927
New Zealand,1988-01-01,6.37524944411053
New Zealand,1989-01-01,5.7159915513563
New Zealand,1990-01-01,6.09844414810204
New Zealand,1991-01-01,2.60239285999773
New Zealand,1992-01-01,1.01456027171236
New Zealand,1993-01-01,1.28820776574386
New Zealand,1994-01-01,1.74537790773743
New Zealand,1995-01-01,3.75494413677554
New Zealand,1996-01-01,2.28571305402195
New Zealand,1997-01-01,1.18714833105632
New Zealand,1998-01-01,1.26524409915406
New Zealand,1999-01-01,-0.114267129777524
New Zealand,2000-01-01,2.6152344624632
New Zealand,2001-01-01,2.62581630392903
New Zealand,2002-01-01,2.67709257711605
New Zealand,2003-01-01,1.75357444759557
New Zealand,2004-01-01,2.29024902847571
New Zealand,2005-01-01,3.03702332617012
New Zealand,2006-01-01,3.36540196171993
New Zealand,2007-01-01,2.37614310290659
New Zealand,2008-01-01,3.9589493731206
New Zealand,2009-01-01,2.1156511055456
New Zealand,2010-01-01,2.30202385958572
New Zealand,2011-01-01,4.0279066739204
New Zealand,2012-01-01,1.05991318445632
New Zealand,2013-01-01,1.13442266445817
New Zealand,2014-01-01,1.227507505974
New Zealand,2015-01-01,0.292704628136101
New Zealand,2016-01-01,0.646240284454524
New Zealand,2017-01-01,1.85078767452536
New Zealand,2018-01-01,1.59829703801696
New Zealand,2019-01-01,1.61963190184048
New Zealand,2020-01-01,1.71456170007245
New Zealand,2021-01-01,3.94112060778728
New Zealand,2022-01-01,7.17222476016441
New Zealand,2023-01-01,5.73316283034957
New Zealand,2024-01-01,2.92279782301957
Nicaragua,1980-01-01,
Nicaragua,1981-01-01,
Nicaragua,1982-01-01,
Nicaragua,1983-01-01,
Nicaragua,1984-01-01,
Nicaragua,1985-01-01,
Nicaragua,1986-01-01,
Nicaragua,1987-01-01,
Nicaragua,1988-01-01,
Nicaragua,1989-01-01,
Nicaragua,1990-01-01,
Nicaragua,1991-01-01,
Nicaragua,1992-01-01,
Nicaragua,1993-01-01,
Nicaragua,1994-01-01,
Nicaragua,1995-01-01,
Nicaragua,1996-01-01,
Nicaragua,1997-01-01,
Nicaragua,1998-01-01,
Nicaragua,1999-01-01,
Nicaragua,2000-01-01,7.06991352252517
Nicaragua,2001-01-01,5.98604186279518
Nicaragua,2002-01-01,3.75017465778466
Nicaragua,2003-01-01,5.30238773219936
Nicaragua,2004-01-01,8.47021063584077
Nicaragua,2005-01-01,9.59909986064425
Nicaragua,2006-01-01,9.1401996677772
Nicaragua,2007-01-01,11.1269347446118
Nicaragua,2008-01-01,19.8262031287429
Nicaragua,2009-01-01,3.68700160498797
Nicaragua,2010-01-01,5.45513425887423
Nicaragua,2011-01-01,8.082387980991
Nicaragua,2012-01-01,7.1935505333896
Nicaragua,2013-01-01,7.13546785289407
Nicaragua,2014-01-01,6.03596861798425
Nicaragua,2015-01-01,3.99737996694396
Nicaragua,2016-01-01,3.52317317628473
Nicaragua,2017-01-01,3.85067166284727
Nicaragua,2018-01-01,4.94723728039886
Nicaragua,2019-01-01,5.37628990844126
Nicaragua,2020-01-01,3.68181341625572
Nicaragua,2021-01-01,4.92841396948968
Nicaragua,2022-01-01,10.4674244465991
Nicaragua,2023-01-01,8.38765854872536
Nicaragua,2024-01-01,4.62473841057141
Niger,1980-01-01,10.3052757124046
Niger,1981-01-01,22.9134075641635
Niger,1982-01-01,11.6418357416785
Niger,1983-01-01,-2.48960568671488
Niger,1984-01-01,8.36442411829965
Niger,1985-01-01,-0.923399123994819
Niger,1986-01-01,-3.20757134165687
Niger,1987-01-01,-6.71210892901195
Niger,1988-01-01,-1.39396304047091
Niger,1989-01-01,-2.84352517985618
Niger,1990-01-01,-0.775653010977504
Niger,1991-01-01,-7.79664179104467
Niger,1992-01-01,-4.47561790247176
Niger,1993-01-01,-1.21503496503496
Niger,1994-01-01,36.0410583134241
Niger,1995-01-01,10.5632886691814
Niger,1996-01-01,5.28885751264882
Niger,1997-01-01,2.93345253394422
Niger,1998-01-01,4.5480157771872
Niger,1999-01-01,-2.30212503849648
Niger,2000-01-01,2.90014973599108
Niger,2001-01-01,4.00551428352678
Niger,2002-01-01,2.62886597938136
Niger,2003-01-01,-1.61440769175596
Niger,2004-01-01,0.262543757292838
Niger,2005-01-01,7.7974978178644
Niger,2006-01-01,0.0404858299595074
Niger,2007-01-01,0.0539592607581562
Niger,2008-01-01,11.3051098827019
Niger,2009-01-01,0.582906590801122
Niger,2010-01-01,0.804073080882659
Niger,2011-01-01,2.9423851401332
Niger,2012-01-01,0.455089820359289
Niger,2013-01-01,2.29723114955317
Niger,2014-01-01,-0.930287259984466
Niger,2015-01-01,-0.576090369833189
Niger,2016-01-01,1.65388922387806
Niger,2017-01-01,2.79637318871284
Niger,2018-01-01,2.96760366004456
Niger,2019-01-01,-2.48979265070855
Niger,2020-01-01,2.8981937602627
Niger,2021-01-01,3.8378680284051
Niger,2022-01-01,4.22621791916392
Niger,2023-01-01,3.70097316425834
Niger,2024-01-01,9.07151997725013
Nigeria,1980-01-01,9.97226199001424
Nigeria,1981-01-01,20.8128229121949
Nigeria,1982-01-01,7.69774724714249
Nigeria,1983-01-01,23.2123315511559
Nigeria,1984-01-01,17.8205332860842
Nigeria,1985-01-01,7.43534482758635
Nigeria,1986-01-01,5.71715145436302
Nigeria,1987-01-01,11.2903225806451
Nigeria,1988-01-01,54.5112247797673
Nigeria,1989-01-01,50.4666881235915
Nigeria,1990-01-01,7.36440030557696
Nigeria,1991-01-01,13.0069731037428
Nigeria,1992-01-01,44.588842715023
Nigeria,1993-01-01,57.1652528349217
Nigeria,1994-01-01,57.0317089119659
Nigeria,1995-01-01,72.8355022972638
Nigeria,1996-01-01,29.2682926829271
Nigeria,1997-01-01,8.52987421383634
Nigeria,1998-01-01,9.99637812386806
Nigeria,1999-01-01,6.61837339479751
Nigeria,2000-01-01,6.93329215565161
Nigeria,2001-01-01,18.8736462093863
Nigeria,2002-01-01,12.8765792031099
Nigeria,2003-01-01,14.0317836131437
Nigeria,2004-01-01,14.9980338183251
Nigeria,2005-01-01,17.8634933661605
Nigeria,2006-01-01,8.22522152017047
Nigeria,2007-01-01,5.38800796858626
Nigeria,2008-01-01,11.5810751748252
Nigeria,2009-01-01,12.5378277304689
Nigeria,2010-01-01,13.7400521363694
Nigeria,2011-01-01,10.8261371880017
Nigeria,2012-01-01,12.2242413020584
Nigeria,2013-01-01,8.49551838265669
Nigeria,2014-01-01,8.04741087967907
Nigeria,2015-01-01,9.00943498007706
Nigeria,2016-01-01,15.6968126387972
Nigeria,2017-01-01,16.5022662139641
Nigeria,2018-01-01,12.0951065173432
Nigeria,2019-01-01,11.3964223378116
Nigeria,2020-01-01,13.2460234276597
Nigeria,2021-01-01,16.9528457221608
Nigeria,2022-01-01,18.8471877843274
Nigeria,2023-01-01,24.659550203114
Nigeria,2024-01-01,33.2420966545406
North America,1980-01-01,
North America,1981-01-01,
North America,1982-01-01,
North America,1983-01-01,
North America,1984-01-01,
North America,1985-01-01,
North America,1986-01-01,
North America,1987-01-01,
North America,1988-01-01,
North America,1989-01-01,
North America,1990-01-01,
North America,1991-01-01,
North America,1992-01-01,
North America,1993-01-01,
North America,1994-01-01,
North America,1995-01-01,
North America,1996-01-01,
North America,1997-01-01,
North America,1998-01-01,
North America,1999-01-01,
North America,2000-01-01,
North America,2001-01-01,
North America,2002-01-01,
North America,2003-01-01,
North America,2004-01-01,
North America,2005-01-01,
North America,2006-01-01,
North America,2007-01-01,
North America,2008-01-01,
North America,2009-01-01,
North America,2010-01-01,
North America,2011-01-01,
North America,2012-01-01,
North America,2013-01-01,
North America,2014-01-01,
North America,2015-01-01,
North America,2016-01-01,
North America,2017-01-01,
North America,2018-01-01,
North America,2019-01-01,
North America,2020-01-01,
North America,2021-01-01,
North America,2022-01-01,
North America,2023-01-01,
North America,2024-01-01,
North Macedonia,1980-01-01,
North Macedonia,1981-01-01,
North Macedonia,1982-01-01,
North Macedonia,1983-01-01,
North Macedonia,1984-01-01,
North Macedonia,1985-01-01,
North Macedonia,1986-01-01,
North Macedonia,1987-01-01,
North Macedonia,1988-01-01,
North Macedonia,1989-01-01,
North Macedonia,1990-01-01,
North Macedonia,1991-01-01,
North Macedonia,1992-01-01,
North Macedonia,1993-01-01,
North Macedonia,1994-01-01,126.583368336245
North Macedonia,1995-01-01,16.3735889723569
North Macedonia,1996-01-01,2.46660008582917
North Macedonia,1997-01-01,1.29436487155047
North Macedonia,1998-01-01,0.544199652523073
North Macedonia,1999-01-01,-1.27928657572628
North Macedonia,2000-01-01,6.60742291038536
North Macedonia,2001-01-01,5.19888525744048
North Macedonia,2002-01-01,2.31459794083216
North Macedonia,2003-01-01,0.855562122724219
North Macedonia,2004-01-01,-0.448650206551934
North Macedonia,2005-01-01,0.525515950714247
North Macedonia,2006-01-01,3.21362929606345
North Macedonia,2007-01-01,2.2517579830545
North Macedonia,2008-01-01,8.33189666968108
North Macedonia,2009-01-01,-0.739633963061192
North Macedonia,2010-01-01,1.50997522027613
North Macedonia,2011-01-01,3.9047542206974
North Macedonia,2012-01-01,3.31605566687647
North Macedonia,2013-01-01,2.78500056726109
North Macedonia,2014-01-01,-0.281705032928494
North Macedonia,2015-01-01,-0.299920475631462
North Macedonia,2016-01-01,-0.239290787684501
North Macedonia,2017-01-01,1.35161889677442
North Macedonia,2018-01-01,1.45831298507126
North Macedonia,2019-01-01,0.766439573459805
North Macedonia,2020-01-01,1.20007348888469
North Macedonia,2021-01-01,3.23074912132928
North Macedonia,2022-01-01,14.2047173195833
North Macedonia,2023-01-01,9.36187249769015
North Macedonia,2024-01-01,3.48974086026954
Northern Mariana Islands,1980-01-01,
Northern Mariana Islands,1981-01-01,
Northern Mariana Islands,1982-01-01,
Northern Mariana Islands,1983-01-01,
Northern Mariana Islands,1984-01-01,
Northern Mariana Islands,1985-01-01,
Northern Mariana Islands,1986-01-01,
Northern Mariana Islands,1987-01-01,
Northern Mariana Islands,1988-01-01,
Northern Mariana Islands,1989-01-01,
Northern Mariana Islands,1990-01-01,
Northern Mariana Islands,1991-01-01,
Northern Mariana Islands,1992-01-01,
Northern Mariana Islands,1993-01-01,
Northern Mariana Islands,1994-01-01,
Northern Mariana Islands,1995-01-01,
Northern Mariana Islands,1996-01-01,
Northern Mariana Islands,1997-01-01,
Northern Mariana Islands,1998-01-01,
Northern Mariana Islands,1999-01-01,
Northern Mariana Islands,2000-01-01,
Northern Mariana Islands,2001-01-01,
Northern Mariana Islands,2002-01-01,
Northern Mariana Islands,2003-01-01,
Northern Mariana Islands,2004-01-01,
Northern Mariana Islands,2005-01-01,
Northern Mariana Islands,2006-01-01,
Northern Mariana Islands,2007-01-01,
Northern Mariana Islands,2008-01-01,
Northern Mariana Islands,2009-01-01,
Northern Mariana Islands,2010-01-01,
Northern Mariana Islands,2011-01-01,
Northern Mariana Islands,2012-01-01,
Northern Mariana Islands,2013-01-01,
Northern Mariana Islands,2014-01-01,
Northern Mariana Islands,2015-01-01,
Northern Mariana Islands,2016-01-01,
Northern Mariana Islands,2017-01-01,
Northern Mariana Islands,2018-01-01,
Northern Mariana Islands,2019-01-01,
Northern Mariana Islands,2020-01-01,
Northern Mariana Islands,2021-01-01,
Northern Mariana Islands,2022-01-01,
Northern Mariana Islands,2023-01-01,
Northern Mariana Islands,2024-01-01,
Norway,1980-01-01,10.8786610878661
Norway,1981-01-01,13.6429608127721
Norway,1982-01-01,11.3409961685823
Norway,1983-01-01,8.46524432209224
Norway,1984-01-01,6.21827411167509
Norway,1985-01-01,5.71485463958583
Norway,1986-01-01,7.1764927481635
Norway,1987-01-01,8.7170474516696
Norway,1988-01-01,6.6763659877142
Norway,1989-01-01,4.5461433550538
Norway,1990-01-01,4.1310334831135
Norway,1991-01-01,3.43819599109134
Norway,1992-01-01,2.32808504911848
Norway,1993-01-01,2.28826933193061
Norway,1994-01-01,1.37567498071478
Norway,1995-01-01,2.46036778693729
Norway,1996-01-01,1.26253249164501
Norway,1997-01-01,2.56692335900252
Norway,1998-01-01,2.25241329996429
Norway,1999-01-01,2.36596736596733
Norway,2000-01-01,3.08550609131279
Norway,2001-01-01,3.00419703998233
Norway,2002-01-01,1.28672528415184
Norway,2003-01-01,2.48782553461781
Norway,2004-01-01,0.454498502220863
Norway,2005-01-01,1.53213367609249
Norway,2006-01-01,2.3293498075755
Norway,2007-01-01,0.712589073634201
Norway,2008-01-01,3.75393081761005
Norway,2009-01-01,2.19738586853568
Norway,2010-01-01,2.41890639481003
Norway,2011-01-01,1.2849515880916
Norway,2012-01-01,0.696864111498263
Norway,2013-01-01,2.12048620353112
Norway,2014-01-01,2.04170286707211
Norway,2015-01-01,2.17113665389527
Norway,2016-01-01,3.55000000000007
Norway,2017-01-01,1.87510059552545
Norway,2018-01-01,2.76483134528797
Norway,2019-01-01,2.16773003305411
Norway,2020-01-01,1.28658490707996
Norway,2021-01-01,3.48388055266669
Norway,2022-01-01,5.76412317852272
Norway,2023-01-01,5.51784987104659
Norway,2024-01-01,3.14530134431081
Not classified,1980-01-01,
Not classified,1981-01-01,
Not classified,1982-01-01,
Not classified,1983-01-01,
Not classified,1984-01-01,
Not classified,1985-01-01,
Not classified,1986-01-01,
Not classified,1987-01-01,
Not classified,1988-01-01,
Not classified,1989-01-01,
Not classified,1990-01-01,
Not classified,1991-01-01,
Not classified,1992-01-01,
Not classified,1993-01-01,
Not classified,1994-01-01,
Not classified,1995-01-01,
Not classified,1996-01-01,
Not classified,1997-01-01,
Not classified,1998-01-01,
Not classified,1999-01-01,
Not classified,2000-01-01,
Not classified,2001-01-01,
Not classified,2002-01-01,
Not classified,2003-01-01,
Not classified,2004-01-01,
Not classified,2005-01-01,
Not classified,2006-01-01,
Not classified,2007-01-01,
Not classified,2008-01-01,
Not classified,2009-01-01,
Not classified,2010-01-01,
Not classified,2011-01-01,
Not classified,2012-01-01,
Not classified,2013-01-01,
Not classified,2014-01-01,
Not classified,2015-01-01,
Not classified,2016-01-01,
Not classified,2017-01-01,
Not classified,2018-01-01,
Not classified,2019-01-01,
Not classified,2020-01-01,
Not classified,2021-01-01,
Not classified,2022-01-01,
Not classified,2023-01-01,
Not classified,2024-01-01,
OECD members,1980-01-01,
OECD members,1981-01-01,
OECD members,1982-01-01,
OECD members,1983-01-01,
OECD members,1984-01-01,
OECD members,1985-01-01,
OECD members,1986-01-01,
OECD members,1987-01-01,
OECD members,1988-01-01,
OECD members,1989-01-01,
OECD members,1990-01-01,
OECD members,1991-01-01,
OECD members,1992-01-01,
OECD members,1993-01-01,
OECD members,1994-01-01,
OECD members,1995-01-01,
OECD members,1996-01-01,
OECD members,1997-01-01,
OECD members,1998-01-01,
OECD members,1999-01-01,
OECD members,2000-01-01,
OECD members,2001-01-01,
OECD members,2002-01-01,
OECD members,2003-01-01,
OECD members,2004-01-01,
OECD members,2005-01-01,
OECD members,2006-01-01,
OECD members,2007-01-01,
OECD members,2008-01-01,
OECD members,2009-01-01,
OECD members,2010-01-01,
OECD members,2011-01-01,
OECD members,2012-01-01,
OECD members,2013-01-01,
OECD members,2014-01-01,
OECD members,2015-01-01,
OECD members,2016-01-01,
OECD members,2017-01-01,
OECD members,2018-01-01,
OECD members,2019-01-01,
OECD members,2020-01-01,
OECD members,2021-01-01,
OECD members,2022-01-01,
OECD members,2023-01-01,
OECD members,2024-01-01,
Oman,1980-01-01,
Oman,1981-01-01,
Oman,1982-01-01,
Oman,1983-01-01,
Oman,1984-01-01,
Oman,1985-01-01,
Oman,1986-01-01,
Oman,1987-01-01,
Oman,1988-01-01,
Oman,1989-01-01,
Oman,1990-01-01,
Oman,1991-01-01,
Oman,1992-01-01,
Oman,1993-01-01,
Oman,1994-01-01,
Oman,1995-01-01,
Oman,1996-01-01,
Oman,1997-01-01,
Oman,1998-01-01,
Oman,1999-01-01,
Oman,2000-01-01,
Oman,2001-01-01,-0.816666666666656
Oman,2002-01-01,-0.279578822571373
Oman,2003-01-01,0.231328682267143
Oman,2004-01-01,0.624969062631367
Oman,2005-01-01,1.90983553531865
Oman,2006-01-01,3.54498591605033
Oman,2007-01-01,5.8304841809271
Oman,2008-01-01,12.3754091529912
Oman,2009-01-01,3.46881023754893
Oman,2010-01-01,3.25657959078624
Oman,2011-01-01,4.0421886711639
Oman,2012-01-01,2.94773495257209
Oman,2013-01-01,1.05354820265932
Oman,2014-01-01,1.01401483924156
Oman,2015-01-01,0.0652901330286599
Oman,2016-01-01,1.10920805807027
Oman,2017-01-01,1.58909413567799
Oman,2018-01-01,0.889312370970404
Oman,2019-01-01,0.490815362820671
Oman,2020-01-01,-0.40640291946585
Oman,2021-01-01,1.68221185876085
Oman,2022-01-01,2.5061425061425
Oman,2023-01-01,0.950782997762827
Oman,2024-01-01,0.593589236248469
Other small states,1980-01-01,
Other small states,1981-01-01,
Other small states,1982-01-01,
Other small states,1983-01-01,
Other small states,1984-01-01,
Other small states,1985-01-01,
Other small states,1986-01-01,
Other small states,1987-01-01,
Other small states,1988-01-01,
Other small states,1989-01-01,
Other small states,1990-01-01,
Other small states,1991-01-01,
Other small states,1992-01-01,
Other small states,1993-01-01,
Other small states,1994-01-01,
Other small states,1995-01-01,
Other small states,1996-01-01,
Other small states,1997-01-01,
Other small states,1998-01-01,
Other small states,1999-01-01,
Other small states,2000-01-01,
Other small states,2001-01-01,
Other small states,2002-01-01,
Other small states,2003-01-01,
Other small states,2004-01-01,
Other small states,2005-01-01,
Other small states,2006-01-01,
Other small states,2007-01-01,
Other small states,2008-01-01,
Other small states,2009-01-01,
Other small states,2010-01-01,
Other small states,2011-01-01,
Other small states,2012-01-01,
Other small states,2013-01-01,
Other small states,2014-01-01,
Other small states,2015-01-01,
Other small states,2016-01-01,
Other small states,2017-01-01,
Other small states,2018-01-01,
Other small states,2019-01-01,
Other small states,2020-01-01,
Other small states,2021-01-01,
Other small states,2022-01-01,
Other small states,2023-01-01,
Other small states,2024-01-01,
Pacific island small states,1980-01-01,
Pacific island small states,1981-01-01,
Pacific island small states,1982-01-01,
Pacific island small states,1983-01-01,
Pacific island small states,1984-01-01,
Pacific island small states,1985-01-01,
Pacific island small states,1986-01-01,
Pacific island small states,1987-01-01,
Pacific island small states,1988-01-01,
Pacific island small states,1989-01-01,
Pacific island small states,1990-01-01,
Pacific island small states,1991-01-01,
Pacific island small states,1992-01-01,
Pacific island small states,1993-01-01,
Pacific island small states,1994-01-01,
Pacific island small states,1995-01-01,
Pacific island small states,1996-01-01,
Pacific island small states,1997-01-01,
Pacific island small states,1998-01-01,
Pacific island small states,1999-01-01,
Pacific island small states,2000-01-01,
Pacific island small states,2001-01-01,
Pacific island small states,2002-01-01,
Pacific island small states,2003-01-01,
Pacific island small states,2004-01-01,
Pacific island small states,2005-01-01,
Pacific island small states,2006-01-01,
Pacific island small states,2007-01-01,
Pacific island small states,2008-01-01,
Pacific island small states,2009-01-01,
Pacific island small states,2010-01-01,
Pacific island small states,2011-01-01,
Pacific island small states,2012-01-01,
Pacific island small states,2013-01-01,
Pacific island small states,2014-01-01,
Pacific island small states,2015-01-01,
Pacific island small states,2016-01-01,
Pacific island small states,2017-01-01,
Pacific island small states,2018-01-01,
Pacific island small states,2019-01-01,
Pacific island small states,2020-01-01,
Pacific island small states,2021-01-01,
Pacific island small states,2022-01-01,
Pacific island small states,2023-01-01,
Pacific island small states,2024-01-01,
Pakistan,1980-01-01,11.9382309107087
Pakistan,1981-01-01,11.8799135925283
Pakistan,1982-01-01,5.90352878435863
Pakistan,1983-01-01,6.362033499853
Pakistan,1984-01-01,6.08716673573716
Pakistan,1985-01-01,5.61483921793224
Pakistan,1986-01-01,3.50641424758205
Pakistan,1987-01-01,4.68121854620213
Pakistan,1988-01-01,8.83793701817773
Pakistan,1989-01-01,7.84426473740044
Pakistan,1990-01-01,9.05213155279776
Pakistan,1991-01-01,11.7912703351416
Pakistan,1992-01-01,9.5090414619015
Pakistan,1993-01-01,9.97366476029209
Pakistan,1994-01-01,12.3681943936948
Pakistan,1995-01-01,12.3435785170513
Pakistan,1996-01-01,10.3738085885002
Pakistan,1997-01-01,11.3754928865122
Pakistan,1998-01-01,6.22800415424543
Pakistan,1999-01-01,4.14263718082171
Pakistan,2000-01-01,4.36666451291681
Pakistan,2001-01-01,3.14826144590618
Pakistan,2002-01-01,3.29034472613153
Pakistan,2003-01-01,2.91413470059479
Pakistan,2004-01-01,7.44462469342739
Pakistan,2005-01-01,9.06332737030417
Pakistan,2006-01-01,7.92108440058789
Pakistan,2007-01-01,7.59868441050774
Pakistan,2008-01-01,20.2861210929554
Pakistan,2009-01-01,13.6477650639761
Pakistan,2010-01-01,12.9388705634889
Pakistan,2011-01-01,11.9160927116277
Pakistan,2012-01-01,9.68235186055684
Pakistan,2013-01-01,7.69215611899565
Pakistan,2014-01-01,7.18938402847028
Pakistan,2015-01-01,2.52932817254229
Pakistan,2016-01-01,3.7651191635658
Pakistan,2017-01-01,4.08537368032608
Pakistan,2018-01-01,5.07805725868917
Pakistan,2019-01-01,10.5780305672025
Pakistan,2020-01-01,9.74011619320125
Pakistan,2021-01-01,9.49641577285205
Pakistan,2022-01-01,19.8738599646655
Pakistan,2023-01-01,30.7681280657005
Pakistan,2024-01-01,12.6325318530452
Palau,1980-01-01,
Palau,1981-01-01,
Palau,1982-01-01,
Palau,1983-01-01,
Palau,1984-01-01,
Palau,1985-01-01,
Palau,1986-01-01,
Palau,1987-01-01,
Palau,1988-01-01,
Palau,1989-01-01,
Palau,1990-01-01,
Palau,1991-01-01,
Palau,1992-01-01,
Palau,1993-01-01,
Palau,1994-01-01,
Palau,1995-01-01,
Palau,1996-01-01,
Palau,1997-01-01,
Palau,1998-01-01,
Palau,1999-01-01,
Palau,2000-01-01,
Palau,2001-01-01,
Palau,2002-01-01,-1.30123617436562
Palau,2003-01-01,0.922874093605824
Palau,2004-01-01,4.96407576747217
Palau,2005-01-01,3.9514623522091
Palau,2006-01-01,4.42981143370254
Palau,2007-01-01,3.23875035826881
Palau,2008-01-01,11.9655746807329
Palau,2009-01-01,1.43813538308953
Palau,2010-01-01,1.44219017355169
Palau,2011-01-01,4.6746987951807
Palau,2012-01-01,3.61418047882138
Palau,2013-01-01,3.35481004221287
Palau,2014-01-01,4.19174548581256
Palau,2015-01-01,0.949040643697081
Palau,2016-01-01,-1.04230533415074
Palau,2017-01-01,1.4179881966692
Palau,2018-01-01,2.10970464135017
Palau,2019-01-01,0.26737967914444
Palau,2020-01-01,0.218181818181833
Palau,2021-01-01,2.6124818577648
Palau,2022-01-01,12.3526638378124
Palau,2023-01-01,12.8199748216534
Palau,2024-01-01,2.23172772921704
Panama,1980-01-01,13.8079019078008
Panama,1981-01-01,7.30232836526219
Panama,1982-01-01,4.25057176328124
Panama,1983-01-01,2.10284124368167
Panama,1984-01-01,1.58264332858587
Panama,1985-01-01,1.02661989275157
Panama,1986-01-01,-0.0663841083593552
Panama,1987-01-01,0.996423096679178
Panama,1988-01-01,0.35922084492817
Panama,1989-01-01,0.205867258317745
Panama,1990-01-01,0.769485354956023
Panama,1991-01-01,1.25626077674688
Panama,1992-01-01,1.82452156989957
Panama,1993-01-01,0.453930078840388
Panama,1994-01-01,1.26843190106196
Panama,1995-01-01,0.994206982933841
Panama,1996-01-01,1.25571661111548
Panama,1997-01-01,1.32435122100608
Panama,1998-01-01,0.559081293442493
Panama,1999-01-01,1.24718256949636
Panama,2000-01-01,1.49896111605777
Panama,2001-01-01,0.307062436028722
Panama,2002-01-01,1.00583090379039
Panama,2003-01-01,0.391666666666657
Panama,2004-01-01,0.474723078204336
Panama,2005-01-01,2.85588324760959
Panama,2006-01-01,2.45789346442096
Panama,2007-01-01,4.16863300298887
Panama,2008-01-01,8.75868317728784
Panama,2009-01-01,2.409053040822
Panama,2010-01-01,3.491288726188
Panama,2011-01-01,5.8758024367877
Panama,2012-01-01,5.69819959165992
Panama,2013-01-01,4.0271599157106
Panama,2014-01-01,2.62652699929151
Panama,2015-01-01,0.137492058461504
Panama,2016-01-01,0.739734025300033
Panama,2017-01-01,0.875585918759878
Panama,2018-01-01,0.761578359399944
Panama,2019-01-01,-0.355083821021245
Panama,2020-01-01,-1.5502754080376
Panama,2021-01-01,1.63070337301898
Panama,2022-01-01,2.85965128834711
Panama,2023-01-01,1.48641355277038
Panama,2024-01-01,0.693225551004538
Papua New Guinea,1980-01-01,12.0643431636459
Papua New Guinea,1981-01-01,8.05422647614106
Papua New Guinea,1982-01-01,5.53505535055348
Papua New Guinea,1983-01-01,7.90209790139863
Papua New Guinea,1984-01-01,7.42060920354786
Papua New Guinea,1985-01-01,3.71040723981909
Papua New Guinea,1986-01-01,5.45375218150084
Papua New Guinea,1987-01-01,3.33747069369721
Papua New Guinea,1988-01-01,5.44508207660464
Papua New Guinea,1989-01-01,4.48044551322661
Papua New Guinea,1990-01-01,6.9533615990307
Papua New Guinea,1991-01-01,6.96568127760753
Papua New Guinea,1992-01-01,4.30961457009748
Papua New Guinea,1993-01-01,4.97411430311646
Papua New Guinea,1994-01-01,2.85272217387134
Papua New Guinea,1995-01-01,17.280932681459
Papua New Guinea,1996-01-01,11.6241782908448
Papua New Guinea,1997-01-01,3.96437805228409
Papua New Guinea,1998-01-01,13.5741917656809
Papua New Guinea,1999-01-01,14.9321817407701
Papua New Guinea,2000-01-01,15.5958933107535
Papua New Guinea,2001-01-01,9.29817332783968
Papua New Guinea,2002-01-01,11.7994470972606
Papua New Guinea,2003-01-01,14.7090779663557
Papua New Guinea,2004-01-01,2.15893131266946
Papua New Guinea,2005-01-01,1.78080439925826
Papua New Guinea,2006-01-01,2.3684623841683
Papua New Guinea,2007-01-01,0.91135045567524
Papua New Guinea,2008-01-01,10.7614182326827
Papua New Guinea,2009-01-01,6.91832532601224
Papua New Guinea,2010-01-01,6.01360893567856
Papua New Guinea,2011-01-01,4.44083401028971
Papua New Guinea,2012-01-01,4.53720508166972
Papua New Guinea,2013-01-01,4.9603174603175
Papua New Guinea,2014-01-01,5.22211720226841
Papua New Guinea,2015-01-01,5.99595778127107
Papua New Guinea,2016-01-01,6.6737288135593
Papua New Guinea,2017-01-01,5.42204568023834
Papua New Guinea,2018-01-01,4.37448921453162
Papua New Guinea,2019-01-01,3.92867290939597
Papua New Guinea,2020-01-01,4.87167398565555
Papua New Guinea,2021-01-01,4.48359014042398
Papua New Guinea,2022-01-01,5.25323922215241
Papua New Guinea,2023-01-01,2.29869991296791
Papua New Guinea,2024-01-01,0.602403921107917
Paraguay,1980-01-01,22.4473301362177
Paraguay,1981-01-01,12.9746974698193
Paraguay,1982-01-01,5.12006543713188
Paraguay,1983-01-01,13.4337555631631
Paraguay,1984-01-01,20.3114625460255
Paraguay,1985-01-01,25.2107164358818
Paraguay,1986-01-01,31.7425972672999
Paraguay,1987-01-01,21.8102740350983
Paraguay,1988-01-01,22.5942571785268
Paraguay,1989-01-01,26.4221267235586
Paraguay,1990-01-01,37.2599561799201
Paraguay,1991-01-01,24.2253521126763
Paraguay,1992-01-01,15.192743764172
Paraguay,1993-01-01,18.2086614173228
Paraguay,1994-01-01,20.5661948376355
Paraguay,1995-01-01,13.4254143646407
Paraguay,1996-01-01,9.79968339016083
Paraguay,1997-01-01,6.94956608534118
Paraguay,1998-01-01,11.5532684355839
Paraguay,1999-01-01,6.75226586102725
Paraguay,2000-01-01,8.98215976750022
Paraguay,2001-01-01,7.26806028584825
Paraguay,2002-01-01,10.5102420856612
Paraguay,2003-01-01,14.2367970499143
Paraguay,2004-01-01,4.32326492967491
Paraguay,2005-01-01,6.80738203116377
Paraguay,2006-01-01,9.58934941129229
Paraguay,2007-01-01,8.13047417698577
Paraguay,2008-01-01,10.1547846489023
Paraguay,2009-01-01,2.59194673430567
Paraguay,2010-01-01,4.65116279069765
Paraguay,2011-01-01,8.2539682539683
Paraguay,2012-01-01,3.67591897974496
Paraguay,2013-01-01,2.68385738718582
Paraguay,2014-01-01,5.02882767456766
Paraguay,2015-01-01,3.12900274473925
Paraguay,2016-01-01,4.08682280577241
Paraguay,2017-01-01,3.60247741348943
Paraguay,2018-01-01,3.97561015740694
Paraguay,2019-01-01,2.75709727562775
Paraguay,2020-01-01,1.76751592356698
Paraguay,2021-01-01,4.787983101236
Paraguay,2022-01-01,9.76556667164402
Paraguay,2023-01-01,4.63202285403356
Paraguay,2024-01-01,3.83540271728533
Peru,1980-01-01,59.1450712444914
Peru,1981-01-01,75.4332687576064
Peru,1982-01-01,64.4481585387929
Peru,1983-01-01,111.150635209157
Peru,1984-01-01,110.208519562543
Peru,1985-01-01,163.399505243688
Peru,1986-01-01,77.9210255473595
Peru,1987-01-01,85.8223062381846
Peru,1988-01-01,667.019328585961
Peru,1989-01-01,3398.67901005332
Peru,1990-01-01,7481.66361124526
Peru,1991-01-01,409.530166622023
Peru,1992-01-01,73.5282942442641
Peru,1993-01-01,48.5799864468885
Peru,1994-01-01,23.7369050565046
Peru,1995-01-01,11.1287029707089
Peru,1996-01-01,11.5379424115177
Peru,1997-01-01,8.56218948953653
Peru,1998-01-01,7.24782175213469
Peru,1999-01-01,3.46965996293019
Peru,2000-01-01,3.75733833344474
Peru,2001-01-01,1.97709878502053
Peru,2002-01-01,0.193135003853722
Peru,2003-01-01,2.25937753363072
Peru,2004-01-01,3.66247320092233
Peru,2005-01-01,1.61630193862544
Peru,2006-01-01,2.00225801248819
Peru,2007-01-01,1.77998644680372
Peru,2008-01-01,5.78587598206755
Peru,2009-01-01,2.936231535967
Peru,2010-01-01,1.52832059732901
Peru,2011-01-01,3.36931095333853
Peru,2012-01-01,3.61121294940163
Peru,2013-01-01,2.76789666082002
Peru,2014-01-01,3.41194579807465
Peru,2015-01-01,3.39809194746308
Peru,2016-01-01,3.55717663556279
Peru,2017-01-01,2.99490045809443
Peru,2018-01-01,1.50915423024742
Peru,2019-01-01,2.25212191358027
Peru,2020-01-01,2.00241205759292
Peru,2021-01-01,4.27166381536798
Peru,2022-01-01,8.33370630096231
Peru,2023-01-01,6.45561348369586
Peru,2024-01-01,2.00770739412712
Philippines,1980-01-01,18.2005104938508
Philippines,1981-01-01,13.0825985241676
Philippines,1982-01-01,10.2217271376892
Philippines,1983-01-01,10.0293565620481
Philippines,1984-01-01,50.3389756374498
Philippines,1985-01-01,23.1031071803888
Philippines,1986-01-01,1.14813777653338
Philippines,1987-01-01,4.06976744186024
Philippines,1988-01-01,13.8600691673319
Philippines,1989-01-01,12.2429906542055
Philippines,1990-01-01,12.1773522064946
Philippines,1991-01-01,19.2614585266282
Philippines,1992-01-01,8.65100357865265
Philippines,1993-01-01,6.71631104109973
Philippines,1994-01-01,10.3864734299517
Philippines,1995-01-01,6.83199610989534
Philippines,1996-01-01,7.4761037778791
Philippines,1997-01-01,5.59025939650601
Philippines,1998-01-01,9.23493432267121
Philippines,1999-01-01,5.93904901780808
Philippines,2000-01-01,3.9771250324928
Philippines,2001-01-01,5.34550195567142
Philippines,2002-01-01,2.72277227722765
Philippines,2003-01-01,2.28915662650607
Philippines,2004-01-01,4.82921083627795
Philippines,2005-01-01,6.51685393258433
Philippines,2006-01-01,5.4852320675105
Philippines,2007-01-01,2.90000000000003
Philippines,2008-01-01,8.26044703595725
Philippines,2009-01-01,4.21903052064628
Philippines,2010-01-01,3.78983634797591
Philippines,2011-01-01,4.7184170471842
Philippines,2012-01-01,3.02696391124796
Philippines,2013-01-01,2.58268766141795
Philippines,2014-01-01,3.59782343864211
Philippines,2015-01-01,0.674192536845408
Philippines,2016-01-01,1.25369880080982
Philippines,2017-01-01,2.85318772590947
Philippines,2018-01-01,5.30934661627707
Philippines,2019-01-01,2.39206534422404
Philippines,2020-01-01,2.3931623931624
Philippines,2021-01-01,3.92718022100332
Philippines,2022-01-01,5.82115811213955
Philippines,2023-01-01,5.97802515541409
Philippines,2024-01-01,3.21260487006347
Poland,1980-01-01,9.68271334792132
Poland,1981-01-01,19.1271820448877
Poland,1982-01-01,103.55871886121
Poland,1983-01-01,25.534759358289
Poland,1984-01-01,15.4009994265582
Poland,1985-01-01,11.5212607368496
Poland,1986-01-01,16.5499681731381
Poland,1987-01-01,26.3790278536324
Poland,1988-01-01,58.7208297320653
Poland,1989-01-01,244.550932984826
Poland,1990-01-01,567.878800666191
Poland,1991-01-01,76.7694992087347
Poland,1992-01-01,46.0985621037431
Poland,1993-01-01,36.9641666120718
Poland,1994-01-01,32.9912766093523
Poland,1995-01-01,27.951388563304
Poland,1996-01-01,19.7949669196707
Poland,1997-01-01,14.91315861496
Poland,1998-01-01,11.5978554257236
Poland,1999-01-01,7.15407291179853
Poland,2000-01-01,9.90017538843065
Poland,2001-01-01,5.4083354556615
Poland,2002-01-01,1.90528215048054
Poland,2003-01-01,0.682701375787632
Poland,2004-01-01,3.38264681884699
Poland,2005-01-01,2.18379872390251
Poland,2006-01-01,1.28469394366416
Poland,2007-01-01,2.4587431238539
Poland,2008-01-01,4.16497193524779
Poland,2009-01-01,3.79539242483399
Poland,2010-01-01,2.58069370250548
Poland,2011-01-01,4.23940149625932
Poland,2012-01-01,3.56037151702793
Poland,2013-01-01,0.991982606332335
Poland,2014-01-01,0.0538213132399802
Poland,2015-01-01,-0.874125874125862
Poland,2016-01-01,-0.664767331433962
Poland,2017-01-01,2.07593553673859
Poland,2018-01-01,1.81295156542689
Poland,2019-01-01,2.22747880938291
Poland,2020-01-01,3.37446972618589
Poland,2021-01-01,5.05502704719272
Poland,2022-01-01,14.4294507575758
Poland,2023-01-01,11.5289127961105
Poland,2024-01-01,3.79060897630197
Portugal,1980-01-01,15.8674803836094
Portugal,1981-01-01,19.0404107466915
Portugal,1982-01-01,21.6792837277095
Portugal,1983-01-01,24.0027623802917
Portugal,1984-01-01,28.3846388897103
Portugal,1985-01-01,19.4614100078696
Portugal,1986-01-01,12.3313334897219
Portugal,1987-01-01,9.63483186245753
Portugal,1988-01-01,10.1016321152266
Portugal,1989-01-01,12.6863036456149
Portugal,1990-01-01,13.6305705693074
Portugal,1991-01-01,11.8494841773675
Portugal,1992-01-01,9.55926033177508
Portugal,1993-01-01,6.78377994665407
Portugal,1994-01-01,5.42044019241626
Portugal,1995-01-01,4.22281614099486
Portugal,1996-01-01,3.06897732509789
Portugal,1997-01-01,2.33686298314116
Portugal,1998-01-01,2.5727522590913
Portugal,1999-01-01,2.34009490312169
Portugal,2000-01-01,2.85303039287157
Portugal,2001-01-01,4.36990330551793
Portugal,2002-01-01,3.60034658290914
Portugal,2003-01-01,3.21899090682895
Portugal,2004-01-01,2.36536204097302
Portugal,2005-01-01,2.27716394887834
Portugal,2006-01-01,3.1076654587105
Portugal,2007-01-01,2.45396528138743
Portugal,2008-01-01,2.58850657657959
Portugal,2009-01-01,-0.835530021504157
Portugal,2010-01-01,1.40257289895369
Portugal,2011-01-01,3.65301100430724
Portugal,2012-01-01,2.77333854051586
Portugal,2013-01-01,0.274416666666663
Portugal,2014-01-01,-0.278153367467428
Portugal,2015-01-01,0.48793862390472
Portugal,2016-01-01,0.607397074641719
Portugal,2017-01-01,1.36861411643472
Portugal,2018-01-01,0.993715683468326
Portugal,2019-01-01,0.338178410046034
Portugal,2020-01-01,-0.0124383299575305
Portugal,2021-01-01,1.26565719069044
Portugal,2022-01-01,7.83269124233323
Portugal,2023-01-01,4.31128191898672
Portugal,2024-01-01,2.41613187791884
Post-demographic dividend,1980-01-01,
Post-demographic dividend,1981-01-01,
Post-demographic dividend,1982-01-01,
Post-demographic dividend,1983-01-01,
Post-demographic dividend,1984-01-01,
Post-demographic dividend,1985-01-01,
Post-demographic dividend,1986-01-01,
Post-demographic dividend,1987-01-01,
Post-demographic dividend,1988-01-01,
Post-demographic dividend,1989-01-01,
Post-demographic dividend,1990-01-01,
Post-demographic dividend,1991-01-01,
Post-demographic dividend,1992-01-01,
Post-demographic dividend,1993-01-01,
Post-demographic dividend,1994-01-01,
Post-demographic dividend,1995-01-01,
Post-demographic dividend,1996-01-01,
Post-demographic dividend,1997-01-01,
Post-demographic dividend,1998-01-01,
Post-demographic dividend,1999-01-01,
Post-demographic dividend,2000-01-01,
Post-demographic dividend,2001-01-01,
Post-demographic dividend,2002-01-01,
Post-demographic dividend,2003-01-01,
Post-demographic dividend,2004-01-01,
Post-demographic dividend,2005-01-01,
Post-demographic dividend,2006-01-01,
Post-demographic dividend,2007-01-01,
Post-demographic dividend,2008-01-01,
Post-demographic dividend,2009-01-01,
Post-demographic dividend,2010-01-01,
Post-demographic dividend,2011-01-01,
Post-demographic dividend,2012-01-01,
Post-demographic dividend,2013-01-01,
Post-demographic dividend,2014-01-01,
Post-demographic dividend,2015-01-01,
Post-demographic dividend,2016-01-01,
Post-demographic dividend,2017-01-01,
Post-demographic dividend,2018-01-01,
Post-demographic dividend,2019-01-01,
Post-demographic dividend,2020-01-01,
Post-demographic dividend,2021-01-01,
Post-demographic dividend,2022-01-01,
Post-demographic dividend,2023-01-01,
Post-demographic dividend,2024-01-01,
Pre-demographic dividend,1980-01-01,
Pre-demographic dividend,1981-01-01,
Pre-demographic dividend,1982-01-01,
Pre-demographic dividend,1983-01-01,
Pre-demographic dividend,1984-01-01,
Pre-demographic dividend,1985-01-01,
Pre-demographic dividend,1986-01-01,
Pre-demographic dividend,1987-01-01,
Pre-demographic dividend,1988-01-01,
Pre-demographic dividend,1989-01-01,
Pre-demographic dividend,1990-01-01,
Pre-demographic dividend,1991-01-01,
Pre-demographic dividend,1992-01-01,
Pre-demographic dividend,1993-01-01,
Pre-demographic dividend,1994-01-01,
Pre-demographic dividend,1995-01-01,
Pre-demographic dividend,1996-01-01,
Pre-demographic dividend,1997-01-01,
Pre-demographic dividend,1998-01-01,
Pre-demographic dividend,1999-01-01,
Pre-demographic dividend,2000-01-01,
Pre-demographic dividend,2001-01-01,
Pre-demographic dividend,2002-01-01,
Pre-demographic dividend,2003-01-01,
Pre-demographic dividend,2004-01-01,
Pre-demographic dividend,2005-01-01,
Pre-demographic dividend,2006-01-01,
Pre-demographic dividend,2007-01-01,
Pre-demographic dividend,2008-01-01,
Pre-demographic dividend,2009-01-01,
Pre-demographic dividend,2010-01-01,
Pre-demographic dividend,2011-01-01,
Pre-demographic dividend,2012-01-01,
Pre-demographic dividend,2013-01-01,
Pre-demographic dividend,2014-01-01,
Pre-demographic dividend,2015-01-01,
Pre-demographic dividend,2016-01-01,
Pre-demographic dividend,2017-01-01,
Pre-demographic dividend,2018-01-01,
Pre-demographic dividend,2019-01-01,
Pre-demographic dividend,2020-01-01,
Pre-demographic dividend,2021-01-01,
Pre-demographic dividend,2022-01-01,
Pre-demographic dividend,2023-01-01,
Pre-demographic dividend,2024-01-01,
Puerto Rico (US),1980-01-01,
Puerto Rico (US),1981-01-01,
Puerto Rico (US),1982-01-01,
Puerto Rico (US),1983-01-01,
Puerto Rico (US),1984-01-01,
Puerto Rico (US),1985-01-01,
Puerto Rico (US),1986-01-01,
Puerto Rico (US),1987-01-01,
Puerto Rico (US),1988-01-01,
Puerto Rico (US),1989-01-01,
Puerto Rico (US),1990-01-01,
Puerto Rico (US),1991-01-01,
Puerto Rico (US),1992-01-01,
Puerto Rico (US),1993-01-01,
Puerto Rico (US),1994-01-01,
Puerto Rico (US),1995-01-01,
Puerto Rico (US),1996-01-01,
Puerto Rico (US),1997-01-01,
Puerto Rico (US),1998-01-01,
Puerto Rico (US),1999-01-01,
Puerto Rico (US),2000-01-01,
Puerto Rico (US),2001-01-01,
Puerto Rico (US),2002-01-01,
Puerto Rico (US),2003-01-01,
Puerto Rico (US),2004-01-01,
Puerto Rico (US),2005-01-01,
Puerto Rico (US),2006-01-01,
Puerto Rico (US),2007-01-01,
Puerto Rico (US),2008-01-01,
Puerto Rico (US),2009-01-01,
Puerto Rico (US),2010-01-01,
Puerto Rico (US),2011-01-01,
Puerto Rico (US),2012-01-01,
Puerto Rico (US),2013-01-01,
Puerto Rico (US),2014-01-01,
Puerto Rico (US),2015-01-01,
Puerto Rico (US),2016-01-01,
Puerto Rico (US),2017-01-01,
Puerto Rico (US),2018-01-01,
Puerto Rico (US),2019-01-01,
Puerto Rico (US),2020-01-01,
Puerto Rico (US),2021-01-01,
Puerto Rico (US),2022-01-01,
Puerto Rico (US),2023-01-01,
Puerto Rico (US),2024-01-01,
Qatar,1980-01-01,6.79999999900022
Qatar,1981-01-01,8.5205992510162
Qatar,1982-01-01,5.69999999999979
Qatar,1983-01-01,2.74361400094617
Qatar,1984-01-01,1.10497237570068
Qatar,1985-01-01,1.91256830693925
Qatar,1986-01-01,0.757575757575709
Qatar,1987-01-01,2.6852846401719
Qatar,1988-01-01,4.60251046025085
Qatar,1989-01-01,3.30000000000015
Qatar,1990-01-01,3.0009680542111
Qatar,1991-01-01,4.41729323308255
Qatar,1992-01-01,3.06030603060311
Qatar,1993-01-01,-0.8733624454148
Qatar,1994-01-01,1.32158590308376
Qatar,1995-01-01,2.9565217391303
Qatar,1996-01-01,4.90453460620532
Qatar,1997-01-01,4.83448981913322
Qatar,1998-01-01,2.9513888888889
Qatar,1999-01-01,2.18170320404723
Qatar,2000-01-01,1.65033522434232
Qatar,2001-01-01,1.47133434804683
Qatar,2002-01-01,0.239999999999952
Qatar,2003-01-01,2.26456504389469
Qatar,2004-01-01,6.79933665008279
Qatar,2005-01-01,8.81439532334683
Qatar,2006-01-01,11.8358096197431
Qatar,2007-01-01,13.7581625759964
Qatar,2008-01-01,15.0501451570333
Qatar,2009-01-01,-4.86327801622565
Qatar,2010-01-01,-2.42525675161714
Qatar,2011-01-01,1.13836623529202
Qatar,2012-01-01,2.31534853431661
Qatar,2013-01-01,3.22197756829293
Qatar,2014-01-01,3.34972085659523
Qatar,2015-01-01,1.8140772393776
Qatar,2016-01-01,2.6765917009819
Qatar,2017-01-01,0.394878914083005
Qatar,2018-01-01,0.255815382724408
Qatar,2019-01-01,-0.666641124861147
Qatar,2020-01-01,-2.5403150300476
Qatar,2021-01-01,2.30446565742003
Qatar,2022-01-01,4.99527553740761
Qatar,2023-01-01,3.02764899198902
Qatar,2024-01-01,1.26734310292375
Romania,1980-01-01,
Romania,1981-01-01,
Romania,1982-01-01,
Romania,1983-01-01,
Romania,1984-01-01,
Romania,1985-01-01,
Romania,1986-01-01,
Romania,1987-01-01,
Romania,1988-01-01,
Romania,1989-01-01,
Romania,1990-01-01,
Romania,1991-01-01,230.622494900178
Romania,1992-01-01,211.205587610082
Romania,1993-01-01,255.166861826698
Romania,1994-01-01,136.759392815441
Romania,1995-01-01,32.2424847257597
Romania,1996-01-01,38.8293013382852
Romania,1997-01-01,154.763480436309
Romania,1998-01-01,59.0965827541167
Romania,1999-01-01,45.8037811326363
Romania,2000-01-01,45.6665940440238
Romania,2001-01-01,34.4770123493527
Romania,2002-01-01,22.5398862605386
Romania,2003-01-01,15.2734889936255
Romania,2004-01-01,11.8743635936399
Romania,2005-01-01,9.01491283343835
Romania,2006-01-01,6.55851412276983
Romania,2007-01-01,4.83732928313989
Romania,2008-01-01,7.85080255714482
Romania,2009-01-01,5.58742004264393
Romania,2010-01-01,6.09141668601891
Romania,2011-01-01,5.7892532881588
Romania,2012-01-01,3.33492267693442
Romania,2013-01-01,3.9847123554813
Romania,2014-01-01,1.06830987684298
Romania,2015-01-01,-0.594156437495203
Romania,2016-01-01,-1.54479666813897
Romania,2017-01-01,1.3390212110439
Romania,2018-01-01,4.62548443137779
Romania,2019-01-01,3.82785432599438
Romania,2020-01-01,2.63107311184743
Romania,2021-01-01,5.05232876096582
Romania,2022-01-01,13.7954887432521
Romania,2023-01-01,10.3971874764996
Romania,2024-01-01,5.72140574354439
Russian Federation,1980-01-01,
Russian Federation,1981-01-01,
Russian Federation,1982-01-01,
Russian Federation,1983-01-01,
Russian Federation,1984-01-01,
Russian Federation,1985-01-01,
Russian Federation,1986-01-01,
Russian Federation,1987-01-01,
Russian Federation,1988-01-01,
Russian Federation,1989-01-01,
Russian Federation,1990-01-01,
Russian Federation,1991-01-01,
Russian Federation,1992-01-01,
Russian Federation,1993-01-01,874.245720380188
Russian Federation,1994-01-01,307.722635553193
Russian Federation,1995-01-01,197.414268084251
Russian Federation,1996-01-01,47.7520122009939
Russian Federation,1997-01-01,14.761329268806
Russian Federation,1998-01-01,27.6856798076742
Russian Federation,1999-01-01,85.7464940960636
Russian Federation,2000-01-01,20.7987606558704
Russian Federation,2001-01-01,21.4770072117159
Russian Federation,2002-01-01,15.7887307914463
Russian Federation,2003-01-01,13.6632930228666
Russian Federation,2004-01-01,10.8886157326216
Russian Federation,2005-01-01,12.6853039507349
Russian Federation,2006-01-01,9.66865454789265
Russian Federation,2007-01-01,9.00729868861079
Russian Federation,2008-01-01,14.1107677840442
Russian Federation,2009-01-01,11.6473295764118
Russian Federation,2010-01-01,6.84939230255025
Russian Federation,2011-01-01,8.4404648593257
Russian Federation,2012-01-01,5.07474300799149
Russian Federation,2013-01-01,6.75466833903486
Russian Federation,2014-01-01,7.82016970013845
Russian Federation,2015-01-01,15.5343959935701
Russian Federation,2016-01-01,7.04243725413707
Russian Federation,2017-01-01,3.68333072334495
Russian Federation,2018-01-01,2.87831382614981
Russian Federation,2019-01-01,4.47202631837903
Russian Federation,2020-01-01,3.38219796948068
Russian Federation,2021-01-01,6.69445891957612
Russian Federation,2022-01-01,13.7436797398232
Russian Federation,2023-01-01,5.86571931748967
Russian Federation,2024-01-01,8.43486410496723
Rwanda,1980-01-01,7.24939299325274
Rwanda,1981-01-01,6.4506644718119
Rwanda,1982-01-01,12.5651365334134
Rwanda,1983-01-01,6.59300214307078
Rwanda,1984-01-01,5.36957038827376
Rwanda,1985-01-01,1.75933005651688
Rwanda,1986-01-01,-1.11706657280676
Rwanda,1987-01-01,4.13301490809125
Rwanda,1988-01-01,2.97864355658034
Rwanda,1989-01-01,1.01027824831114
Rwanda,1990-01-01,4.18576372649948
Rwanda,1991-01-01,19.6371658148373
Rwanda,1992-01-01,9.56041187600816
Rwanda,1993-01-01,12.3543887630448
Rwanda,1994-01-01,
Rwanda,1995-01-01,
Rwanda,1996-01-01,7.41137173526642
Rwanda,1997-01-01,12.0154225195686
Rwanda,1998-01-01,6.2100670945581
Rwanda,1999-01-01,-2.40593209742259
Rwanda,2000-01-01,3.89952980284712
Rwanda,2001-01-01,3.34285506749409
Rwanda,2002-01-01,1.99258542453993
Rwanda,2003-01-01,7.44970014007366
Rwanda,2004-01-01,12.2507102894391
Rwanda,2005-01-01,9.01408918092339
Rwanda,2006-01-01,8.88282654777923
Rwanda,2007-01-01,9.08072205873158
Rwanda,2008-01-01,15.4382138709255
Rwanda,2009-01-01,12.9443978401712
Rwanda,2010-01-01,-0.246128693436934
Rwanda,2011-01-01,3.0801706924026
Rwanda,2012-01-01,10.2710182318876
Rwanda,2013-01-01,5.92426867984854
Rwanda,2014-01-01,2.35449052820358
Rwanda,2015-01-01,2.52850284192421
Rwanda,2016-01-01,7.17434301982009
Rwanda,2017-01-01,8.27953672260832
Rwanda,2018-01-01,-0.311210160390699
Rwanda,2019-01-01,3.34787655037648
Rwanda,2020-01-01,9.85039902274207
Rwanda,2021-01-01,-0.391346748300791
Rwanda,2022-01-01,17.6892095588153
Rwanda,2023-01-01,19.789546746467
Rwanda,2024-01-01,1.77029240198635
Samoa,1980-01-01,33.0472428985001
Samoa,1981-01-01,20.5066244471294
Samoa,1982-01-01,18.2962245891187
Samoa,1983-01-01,16.4601356089933
Samoa,1984-01-01,11.8600682594715
Samoa,1985-01-01,9.09050118887493
Samoa,1986-01-01,5.73355817902005
Samoa,1987-01-01,4.56684949636828
Samoa,1988-01-01,8.50786801086301
Samoa,1989-01-01,6.46256171146444
Samoa,1990-01-01,15.2384632724695
Samoa,1991-01-01,-1.81919798798399
Samoa,1992-01-01,9.03113792907172
Samoa,1993-01-01,1.71509123658868
Samoa,1994-01-01,12.0803818909762
Samoa,1995-01-01,-2.90352865746142
Samoa,1996-01-01,5.37461972030278
Samoa,1997-01-01,6.86182355310877
Samoa,1998-01-01,2.21883468834654
Samoa,1999-01-01,0.265120132560355
Samoa,2000-01-01,0.966782350024729
Samoa,2001-01-01,3.83828463867725
Samoa,2002-01-01,8.0503144654087
Samoa,2003-01-01,0.115830115830107
Samoa,2004-01-01,16.3131507905901
Samoa,2005-01-01,1.85676392572949
Samoa,2006-01-01,3.70008680555553
Samoa,2007-01-01,5.57706393219629
Samoa,2008-01-01,11.565906838454
Samoa,2009-01-01,6.32495336235228
Samoa,2010-01-01,0.777007268777692
Samoa,2011-01-01,5.23541591478434
Samoa,2012-01-01,2.0490188352116
Samoa,2013-01-01,0.61008572090503
Samoa,2014-01-01,-0.40681608842489
Samoa,2015-01-01,0.724470134874729
Samoa,2016-01-01,1.30471869303179
Samoa,2017-01-01,1.74989677484705
Samoa,2018-01-01,4.19745888663752
Samoa,2019-01-01,0.982326569888117
Samoa,2020-01-01,-1.56891247740895
Samoa,2021-01-01,3.13320473174494
Samoa,2022-01-01,10.9618822286844
Samoa,2023-01-01,7.92164684826777
Samoa,2024-01-01,2.17245530514377
San Marino,1980-01-01,
San Marino,1981-01-01,
San Marino,1982-01-01,
San Marino,1983-01-01,
San Marino,1984-01-01,
San Marino,1985-01-01,
San Marino,1986-01-01,
San Marino,1987-01-01,
San Marino,1988-01-01,
San Marino,1989-01-01,
San Marino,1990-01-01,
San Marino,1991-01-01,
San Marino,1992-01-01,
San Marino,1993-01-01,
San Marino,1994-01-01,
San Marino,1995-01-01,
San Marino,1996-01-01,
San Marino,1997-01-01,
San Marino,1998-01-01,
San Marino,1999-01-01,
San Marino,2000-01-01,
San Marino,2001-01-01,
San Marino,2002-01-01,
San Marino,2003-01-01,
San Marino,2004-01-01,1.43083868527343
San Marino,2005-01-01,1.68548890528347
San Marino,2006-01-01,2.09525935611432
San Marino,2007-01-01,2.49894575725803
San Marino,2008-01-01,4.29320249287704
San Marino,2009-01-01,2.19959237046011
San Marino,2010-01-01,2.58541815582587
San Marino,2011-01-01,2.89979584300123
San Marino,2012-01-01,2.8273322422258
San Marino,2013-01-01,1.60439298078082
San Marino,2014-01-01,1.11296303373851
San Marino,2015-01-01,0.145686073241066
San Marino,2016-01-01,0.644075340346552
San Marino,2017-01-01,1.01413313194508
San Marino,2018-01-01,1.16333522293158
San Marino,2019-01-01,0.472651967352852
San Marino,2020-01-01,-0.133368898372915
San Marino,2021-01-01,1.61551411551421
San Marino,2022-01-01,5.32545321311365
San Marino,2023-01-01,5.93190858629403
San Marino,2024-01-01,1.24216507945569
Sao Tome and Principe,1980-01-01,
Sao Tome and Principe,1981-01-01,
Sao Tome and Principe,1982-01-01,
Sao Tome and Principe,1983-01-01,
Sao Tome and Principe,1984-01-01,
Sao Tome and Principe,1985-01-01,
Sao Tome and Principe,1986-01-01,
Sao Tome and Principe,1987-01-01,
Sao Tome and Principe,1988-01-01,
Sao Tome and Principe,1989-01-01,
Sao Tome and Principe,1990-01-01,
Sao Tome and Principe,1991-01-01,
Sao Tome and Principe,1992-01-01,
Sao Tome and Principe,1993-01-01,
Sao Tome and Principe,1994-01-01,
Sao Tome and Principe,1995-01-01,
Sao Tome and Principe,1996-01-01,
Sao Tome and Principe,1997-01-01,35.81717824448
Sao Tome and Principe,1998-01-01,50.4931357486254
Sao Tome and Principe,1999-01-01,12.7251770130085
Sao Tome and Principe,2000-01-01,12.2089456308977
Sao Tome and Principe,2001-01-01,9.22203707560889
Sao Tome and Principe,2002-01-01,10.128724672229
Sao Tome and Principe,2003-01-01,9.79241974934509
Sao Tome and Principe,2004-01-01,13.2858860871796
Sao Tome and Principe,2005-01-01,17.1522049354354
Sao Tome and Principe,2006-01-01,23.0770373451381
Sao Tome and Principe,2007-01-01,18.5485136325779
Sao Tome and Principe,2008-01-01,31.9901039492573
Sao Tome and Principe,2009-01-01,16.9574758025945
Sao Tome and Principe,2010-01-01,13.34005235378
Sao Tome and Principe,2011-01-01,14.3271667616801
Sao Tome and Principe,2012-01-01,10.6379353431628
Sao Tome and Principe,2013-01-01,8.10583270875476
Sao Tome and Principe,2014-01-01,6.99849943966421
Sao Tome and Principe,2015-01-01,5.24587835022454
Sao Tome and Principe,2016-01-01,5.43051966119156
Sao Tome and Principe,2017-01-01,5.6902961992902
Sao Tome and Principe,2018-01-01,7.86859628873909
Sao Tome and Principe,2019-01-01,7.72024525213248
Sao Tome and Principe,2020-01-01,9.81932791540146
Sao Tome and Principe,2021-01-01,8.13777038378732
Sao Tome and Principe,2022-01-01,18.0056351122841
Sao Tome and Principe,2023-01-01,21.2589138473
Sao Tome and Principe,2024-01-01,14.3519273571008
Saudi Arabia,1980-01-01,4.1692665536329
Saudi Arabia,1981-01-01,2.79898218829488
Saudi Arabia,1982-01-01,1.02103960396035
Saudi Arabia,1983-01-01,0.191424196019064
Saudi Arabia,1984-01-01,-1.55903706534203
Saudi Arabia,1985-01-01,-3.05876872913662
Saudi Arabia,1986-01-01,-3.203331464723
Saudi Arabia,1987-01-01,-1.54711673699019
Saudi Arabia,1988-01-01,0.907563025210523
Saudi Arabia,1989-01-01,1.03264490339739
Saudi Arabia,1990-01-01,2.07715133531156
Saudi Arabia,1991-01-01,4.86111111111137
Saudi Arabia,1992-01-01,-0.0770060064690921
Saudi Arabia,1993-01-01,1.05579531442695
Saudi Arabia,1994-01-01,0.564325478533149
Saudi Arabia,1995-01-01,4.86843103056033
Saudi Arabia,1996-01-01,1.22206054877756
Saudi Arabia,1997-01-01,0.0571506050626489
Saudi Arabia,1998-01-01,-0.37126675171199
Saudi Arabia,1999-01-01,-1.33375489653896
Saudi Arabia,2000-01-01,-1.12499838517645
Saudi Arabia,2001-01-01,-1.12094804896791
Saudi Arabia,2002-01-01,0.247186492339686
Saudi Arabia,2003-01-01,0.612195358172966
Saudi Arabia,2004-01-01,0.5155078977673
Saudi Arabia,2005-01-01,0.479231671630955
Saudi Arabia,2006-01-01,2.20902314069647
Saudi Arabia,2007-01-01,4.16782358431579
Saudi Arabia,2008-01-01,9.87024816760266
Saudi Arabia,2009-01-01,5.0572227614833
Saudi Arabia,2010-01-01,5.33941733020905
Saudi Arabia,2011-01-01,5.8262163739404
Saudi Arabia,2012-01-01,2.86627029905053
Saudi Arabia,2013-01-01,3.51104209799866
Saudi Arabia,2014-01-01,2.24185348779063
Saudi Arabia,2015-01-01,1.22269318552328
Saudi Arabia,2016-01-01,2.05347076823965
Saudi Arabia,2017-01-01,-0.834845735027162
Saudi Arabia,2018-01-01,2.46594308994843
Saudi Arabia,2019-01-01,-1.19298644533328
Saudi Arabia,2020-01-01,3.37234961012303
Saudi Arabia,2021-01-01,3.06328988941548
Saudi Arabia,2022-01-01,2.47407371925372
Saudi Arabia,2023-01-01,2.32708518362706
Saudi Arabia,2024-01-01,1.68792112375809
Senegal,1980-01-01,8.72902766072326
Senegal,1981-01-01,5.91319372031625
Senegal,1982-01-01,17.3763852168922
Senegal,1983-01-01,11.6169845681475
Senegal,1984-01-01,11.7840274796329
Senegal,1985-01-01,13.0000576159794
Senegal,1986-01-01,6.18477854456934
Senegal,1987-01-01,-4.14072378633809
Senegal,1988-01-01,-1.82668225079295
Senegal,1989-01-01,0.447309340771316
Senegal,1990-01-01,0.325098630183258
Senegal,1991-01-01,-1.75355690199309
Senegal,1992-01-01,-0.109942967085665
Senegal,1993-01-01,-0.586434615120184
Senegal,1994-01-01,32.2936668569552
Senegal,1995-01-01,7.8640078457011
Senegal,1996-01-01,2.75430663482407
Senegal,1997-01-01,1.75316478097236
Senegal,1998-01-01,1.15678070391341
Senegal,1999-01-01,0.827250608272497
Senegal,2000-01-01,0.731981981981597
Senegal,2001-01-01,2.97450083919566
Senegal,2002-01-01,2.33730187454299
Senegal,2003-01-01,-0.0519970242714495
Senegal,2004-01-01,0.514781781023016
Senegal,2005-01-01,1.71133325855502
Senegal,2006-01-01,2.11228583877117
Senegal,2007-01-01,5.85330428467681
Senegal,2008-01-01,7.34720236578406
Senegal,2009-01-01,-2.2480214785534
Senegal,2010-01-01,1.22868119673344
Senegal,2011-01-01,3.40322829786971
Senegal,2012-01-01,1.41822871177854
Senegal,2013-01-01,0.710245486695176
Senegal,2014-01-01,-1.09025507446895
Senegal,2015-01-01,0.135211933635165
Senegal,2016-01-01,0.837284942557434
Senegal,2017-01-01,1.31815314847789
Senegal,2018-01-01,0.460985642464188
Senegal,2019-01-01,1.76011151192939
Senegal,2020-01-01,2.54314685681662
Senegal,2021-01-01,2.18032278088147
Senegal,2022-01-01,9.69681899081073
Senegal,2023-01-01,5.93947798773215
Senegal,2024-01-01,0.804503298792438
Serbia,1980-01-01,
Serbia,1981-01-01,
Serbia,1982-01-01,
Serbia,1983-01-01,
Serbia,1984-01-01,
Serbia,1985-01-01,
Serbia,1986-01-01,
Serbia,1987-01-01,
Serbia,1988-01-01,
Serbia,1989-01-01,
Serbia,1990-01-01,
Serbia,1991-01-01,
Serbia,1992-01-01,
Serbia,1993-01-01,
Serbia,1994-01-01,
Serbia,1995-01-01,82.6605151864663
Serbia,1996-01-01,95.6009261208171
Serbia,1997-01-01,23.307866135801
Serbia,1998-01-01,30.1596997992844
Serbia,1999-01-01,42.4539054642972
Serbia,2000-01-01,71.1206287946541
Serbia,2001-01-01,95.0052258100006
Serbia,2002-01-01,19.4908321579689
Serbia,2003-01-01,9.87617889729578
Serbia,2004-01-01,11.0263627183464
Serbia,2005-01-01,16.1199806482826
Serbia,2006-01-01,11.7240229980834
Serbia,2007-01-01,6.39170644391413
Serbia,2008-01-01,12.410986775178
Serbia,2009-01-01,8.11695092238082
Serbia,2010-01-01,6.14255360247248
Serbia,2011-01-01,11.1373976342129
Serbia,2012-01-01,7.33038589596646
Serbia,2013-01-01,7.69426362896655
Serbia,2014-01-01,2.08244793880154
Serbia,2015-01-01,1.39235822000187
Serbia,2016-01-01,1.12231397417769
Serbia,2017-01-01,3.13106248590115
Serbia,2018-01-01,1.95984076293801
Serbia,2019-01-01,1.84922984511086
Serbia,2020-01-01,1.57553290083415
Serbia,2021-01-01,4.08510285335102
Serbia,2022-01-01,11.9815117344703
Serbia,2023-01-01,12.3719043552519
Serbia,2024-01-01,4.6705297488997
Seychelles,1980-01-01,13.5715405108088
Seychelles,1981-01-01,10.5767903960918
Seychelles,1982-01-01,-0.912646675358527
Seychelles,1983-01-01,6.05263157894738
Seychelles,1984-01-01,4.09429280397012
Seychelles,1985-01-01,0.834326579261014
Seychelles,1986-01-01,0.236406619385411
Seychelles,1987-01-01,2.59433962264135
Seychelles,1988-01-01,1.8390804597701
Seychelles,1989-01-01,1.58013544018057
Seychelles,1990-01-01,3.88888888888912
Seychelles,1991-01-01,1.98675496688734
Seychelles,1992-01-01,3.24675324675323
Seychelles,1993-01-01,1.38364779874215
Seychelles,1994-01-01,1.73697270471464
Seychelles,1995-01-01,-0.243902439024459
Seychelles,1996-01-01,-1.10024449877743
Seychelles,1997-01-01,0.618046971569891
Seychelles,1998-01-01,2.57985257985242
Seychelles,1999-01-01,6.34730538922156
Seychelles,2000-01-01,6.26876876876878
Seychelles,2001-01-01,5.96962204168156
Seychelles,2002-01-01,0.174999999999924
Seychelles,2003-01-01,3.30255386407089
Seychelles,2004-01-01,3.85730391367399
Seychelles,2005-01-01,0.907187718073944
Seychelles,2006-01-01,-0.353465498693756
Seychelles,2007-01-01,5.32060027285142
Seychelles,2008-01-01,36.9647582875289
Seychelles,2009-01-01,31.7544407744178
Seychelles,2010-01-01,-2.40463875108227
Seychelles,2011-01-01,2.55926772230953
Seychelles,2012-01-01,7.11037062326403
Seychelles,2013-01-01,4.33893848329099
Seychelles,2014-01-01,1.38583454581263
Seychelles,2015-01-01,4.04194410725617
Seychelles,2016-01-01,-1.01548191697626
Seychelles,2017-01-01,2.85679575568437
Seychelles,2018-01-01,3.70291839111568
Seychelles,2019-01-01,1.80709400809982
Seychelles,2020-01-01,1.20266463987123
Seychelles,2021-01-01,9.76909936973542
Seychelles,2022-01-01,2.6260363285129
Seychelles,2023-01-01,-1.03530088431952
Seychelles,2024-01-01,0.311726050919668
Sierra Leone,1980-01-01,
Sierra Leone,1981-01-01,
Sierra Leone,1982-01-01,
Sierra Leone,1983-01-01,
Sierra Leone,1984-01-01,
Sierra Leone,1985-01-01,
Sierra Leone,1986-01-01,
Sierra Leone,1987-01-01,
Sierra Leone,1988-01-01,
Sierra Leone,1989-01-01,
Sierra Leone,1990-01-01,
Sierra Leone,1991-01-01,
Sierra Leone,1992-01-01,
Sierra Leone,1993-01-01,
Sierra Leone,1994-01-01,
Sierra Leone,1995-01-01,
Sierra Leone,1996-01-01,
Sierra Leone,1997-01-01,
Sierra Leone,1998-01-01,
Sierra Leone,1999-01-01,
Sierra Leone,2000-01-01,
Sierra Leone,2001-01-01,
Sierra Leone,2002-01-01,
Sierra Leone,2003-01-01,
Sierra Leone,2004-01-01,
Sierra Leone,2005-01-01,
Sierra Leone,2006-01-01,
Sierra Leone,2007-01-01,11.6499744518106
Sierra Leone,2008-01-01,8.21112432289608
Sierra Leone,2009-01-01,7.46901898540982
Sierra Leone,2010-01-01,7.18566275668163
Sierra Leone,2011-01-01,6.79138291952621
Sierra Leone,2012-01-01,6.58776239392585
Sierra Leone,2013-01-01,5.52412877994266
Sierra Leone,2014-01-01,4.63931171409667
Sierra Leone,2015-01-01,6.68943562498681
Sierra Leone,2016-01-01,10.8860609413903
Sierra Leone,2017-01-01,18.2215094003386
Sierra Leone,2018-01-01,16.0295447693699
Sierra Leone,2019-01-01,14.8049990906021
Sierra Leone,2020-01-01,13.4468711101052
Sierra Leone,2021-01-01,11.8739588840234
Sierra Leone,2022-01-01,27.2082883814653
Sierra Leone,2023-01-01,47.6428733253179
Sierra Leone,2024-01-01,28.6337500014115
Singapore,1980-01-01,8.52694319425856
Singapore,1981-01-01,8.18202196816849
Singapore,1982-01-01,3.916286779942
Singapore,1983-01-01,1.19641076769694
Singapore,1984-01-01,2.60098522167485
Singapore,1985-01-01,0.480122911465343
Singapore,1986-01-01,-1.38570336391441
Singapore,1987-01-01,0.523306521949755
Singapore,1988-01-01,1.52318519232634
Singapore,1989-01-01,2.34545627195895
Singapore,1990-01-01,3.46075338652824
Singapore,1991-01-01,3.42570173078643
Singapore,1992-01-01,2.26307118702851
Singapore,1993-01-01,2.28929964388641
Singapore,1994-01-01,3.10013262599502
Singapore,1995-01-01,1.72053384788524
Singapore,1996-01-01,1.38318052481876
Singapore,1997-01-01,2.00358618538962
Singapore,1998-01-01,-0.267502292876153
Singapore,1999-01-01,0.0167098337370727
Singapore,2000-01-01,1.36162392448456
Singapore,2001-01-01,0.997197956155943
Singapore,2002-01-01,-0.391676866585049
Singapore,2003-01-01,0.507905300237551
Singapore,2004-01-01,1.66272719863072
Singapore,2005-01-01,0.425106276569107
Singapore,2006-01-01,0.965657519018511
Singapore,2007-01-01,2.10980166714574
Singapore,2008-01-01,6.63544058395309
Singapore,2009-01-01,0.589142019610516
Singapore,2010-01-01,2.82884527612958
Singapore,2011-01-01,5.25115624639373
Singapore,2012-01-01,4.58084479423094
Singapore,2013-01-01,2.36439793742726
Singapore,2014-01-01,1.03316955857629
Singapore,2015-01-01,-0.521975611895763
Singapore,2016-01-01,-0.529809760375464
Singapore,2017-01-01,0.576763191179996
Singapore,2018-01-01,0.438784215129623
Singapore,2019-01-01,0.567829988405447
Singapore,2020-01-01,-0.172111865925382
Singapore,2021-01-01,2.31610315765146
Singapore,2022-01-01,6.13095418919732
Singapore,2023-01-01,4.83372362825798
Singapore,2024-01-01,2.38951123595017
Sint Maarten (Dutch part),1980-01-01,
Sint Maarten (Dutch part),1981-01-01,
Sint Maarten (Dutch part),1982-01-01,
Sint Maarten (Dutch part),1983-01-01,
Sint Maarten (Dutch part),1984-01-01,
Sint Maarten (Dutch part),1985-01-01,
Sint Maarten (Dutch part),1986-01-01,
Sint Maarten (Dutch part),1987-01-01,
Sint Maarten (Dutch part),1988-01-01,
Sint Maarten (Dutch part),1989-01-01,
Sint Maarten (Dutch part),1990-01-01,
Sint Maarten (Dutch part),1991-01-01,
Sint Maarten (Dutch part),1992-01-01,
Sint Maarten (Dutch part),1993-01-01,
Sint Maarten (Dutch part),1994-01-01,
Sint Maarten (Dutch part),1995-01-01,
Sint Maarten (Dutch part),1996-01-01,
Sint Maarten (Dutch part),1997-01-01,
Sint Maarten (Dutch part),1998-01-01,
Sint Maarten (Dutch part),1999-01-01,
Sint Maarten (Dutch part),2000-01-01,
Sint Maarten (Dutch part),2001-01-01,
Sint Maarten (Dutch part),2002-01-01,
Sint Maarten (Dutch part),2003-01-01,
Sint Maarten (Dutch part),2004-01-01,
Sint Maarten (Dutch part),2005-01-01,
Sint Maarten (Dutch part),2006-01-01,0.300601202404805
Sint Maarten (Dutch part),2007-01-01,4.43245754245754
Sint Maarten (Dutch part),2008-01-01,-0.417929020080758
Sint Maarten (Dutch part),2009-01-01,5.95763688760801
Sint Maarten (Dutch part),2010-01-01,1.33857621672882
Sint Maarten (Dutch part),2011-01-01,4.58475435650401
Sint Maarten (Dutch part),2012-01-01,4.01518421081576
Sint Maarten (Dutch part),2013-01-01,2.5286478853837
Sint Maarten (Dutch part),2014-01-01,1.88675466275266
Sint Maarten (Dutch part),2015-01-01,0.330027165141066
Sint Maarten (Dutch part),2016-01-01,0.111682655737579
Sint Maarten (Dutch part),2017-01-01,2.19201010962985
Sint Maarten (Dutch part),2018-01-01,
Sint Maarten (Dutch part),2019-01-01,
Sint Maarten (Dutch part),2020-01-01,
Sint Maarten (Dutch part),2021-01-01,
Sint Maarten (Dutch part),2022-01-01,
Sint Maarten (Dutch part),2023-01-01,
Sint Maarten (Dutch part),2024-01-01,
Slovak Republic,1980-01-01,
Slovak Republic,1981-01-01,
Slovak Republic,1982-01-01,
Slovak Republic,1983-01-01,
Slovak Republic,1984-01-01,
Slovak Republic,1985-01-01,
Slovak Republic,1986-01-01,
Slovak Republic,1987-01-01,
Slovak Republic,1988-01-01,
Slovak Republic,1989-01-01,
Slovak Republic,1990-01-01,
Slovak Republic,1991-01-01,
Slovak Republic,1992-01-01,9.89350519771167
Slovak Republic,1993-01-01,23.287027664545
Slovak Republic,1994-01-01,13.4155203422246
Slovak Republic,1995-01-01,9.84109579837748
Slovak Republic,1996-01-01,5.77582786155949
Slovak Republic,1997-01-01,6.14198999595652
Slovak Republic,1998-01-01,6.66565123195824
Slovak Republic,1999-01-01,10.5704416075225
Slovak Republic,2000-01-01,12.0357805974299
Slovak Republic,2001-01-01,7.3296201911553
Slovak Republic,2002-01-01,3.12714222984608
Slovak Republic,2003-01-01,8.55414305406645
Slovak Republic,2004-01-01,7.54850088183423
Slovak Republic,2005-01-01,2.70908494588384
Slovak Republic,2006-01-01,4.48333120449611
Slovak Republic,2007-01-01,2.7567237163814
Slovak Republic,2008-01-01,4.59817976325028
Slovak Republic,2009-01-01,1.61510464058238
Slovak Republic,2010-01-01,0.957018132975143
Slovak Republic,2011-01-01,3.9192859914629
Slovak Republic,2012-01-01,3.6061026352289
Slovak Republic,2013-01-01,1.40047368963025
Slovak Republic,2014-01-01,-0.0761653295419871
Slovak Republic,2015-01-01,-0.325219777427673
Slovak Republic,2016-01-01,-0.520010196278266
Slovak Republic,2017-01-01,1.31194588223228
Slovak Republic,2018-01-01,2.51403712883812
Slovak Republic,2019-01-01,2.66456133425431
Slovak Republic,2020-01-01,1.93694126694223
Slovak Republic,2021-01-01,3.14960629921268
Slovak Republic,2022-01-01,12.7741463637611
Slovak Republic,2023-01-01,10.5319476645211
Slovak Republic,2024-01-01,2.75760909424272
Slovenia,1980-01-01,
Slovenia,1981-01-01,42.6229527318244
Slovenia,1982-01-01,30.1125435950715
Slovenia,1983-01-01,40.2134918436935
Slovenia,1984-01-01,53.6719669102484
Slovenia,1985-01-01,79.4063811481874
Slovenia,1986-01-01,95.8865052101644
Slovenia,1987-01-01,132.072721014831
Slovenia,1988-01-01,198.753712862023
Slovenia,1989-01-01,1281.44349404876
Slovenia,1990-01-01,552.083528914325
Slovenia,1991-01-01,114.832935589747
Slovenia,1992-01-01,209.933731186822
Slovenia,1993-01-01,31.7621306305932
Slovenia,1994-01-01,20.9918180471498
Slovenia,1995-01-01,13.4637296178669
Slovenia,1996-01-01,9.86445061546851
Slovenia,1997-01-01,8.359679907043
Slovenia,1998-01-01,7.89116682856684
Slovenia,1999-01-01,6.15558754451559
Slovenia,2000-01-01,8.91174418658769
Slovenia,2001-01-01,8.37966587492204
Slovenia,2002-01-01,7.48077770703754
Slovenia,2003-01-01,5.54416421752901
Slovenia,2004-01-01,3.59297594249509
Slovenia,2005-01-01,2.45150132316475
Slovenia,2006-01-01,2.45792444195865
Slovenia,2007-01-01,3.65749563284099
Slovenia,2008-01-01,5.64742380573935
Slovenia,2009-01-01,0.839262246793887
Slovenia,2010-01-01,1.80117022137134
Slovenia,2011-01-01,1.8028517194191
Slovenia,2012-01-01,2.59741386039003
Slovenia,2013-01-01,1.76920085881907
Slovenia,2014-01-01,0.19934382657075
Slovenia,2015-01-01,-0.525552285820877
Slovenia,2016-01-01,-0.054999541670474
Slovenia,2017-01-01,1.42910743319306
Slovenia,2018-01-01,1.7386086198818
Slovenia,2019-01-01,1.63052260754344
Slovenia,2020-01-01,-0.05485681576061
Slovenia,2021-01-01,1.91706506089259
Slovenia,2022-01-01,8.83369886749452
Slovenia,2023-01-01,7.44687717385838
Slovenia,2024-01-01,1.96562656432512
Small states,1980-01-01,
Small states,1981-01-01,
Small states,1982-01-01,
Small states,1983-01-01,
Small states,1984-01-01,
Small states,1985-01-01,
Small states,1986-01-01,
Small states,1987-01-01,
Small states,1988-01-01,
Small states,1989-01-01,
Small states,1990-01-01,
Small states,1991-01-01,
Small states,1992-01-01,
Small states,1993-01-01,
Small states,1994-01-01,
Small states,1995-01-01,
Small states,1996-01-01,
Small states,1997-01-01,
Small states,1998-01-01,
Small states,1999-01-01,
Small states,2000-01-01,
Small states,2001-01-01,
Small states,2002-01-01,
Small states,2003-01-01,
Small states,2004-01-01,
Small states,2005-01-01,
Small states,2006-01-01,
Small states,2007-01-01,
Small states,2008-01-01,
Small states,2009-01-01,
Small states,2010-01-01,
Small states,2011-01-01,
Small states,2012-01-01,
Small states,2013-01-01,
Small states,2014-01-01,
Small states,2015-01-01,
Small states,2016-01-01,
Small states,2017-01-01,
Small states,2018-01-01,
Small states,2019-01-01,
Small states,2020-01-01,
Small states,2021-01-01,
Small states,2022-01-01,
Small states,2023-01-01,
Small states,2024-01-01,
Solomon Islands,1980-01-01,13.0909090909091
Solomon Islands,1981-01-01,16.3987138263664
Solomon Islands,1982-01-01,12.9834254143648
Solomon Islands,1983-01-01,6.23471882640582
Solomon Islands,1984-01-01,11.0471806674338
Solomon Islands,1985-01-01,9.56822107081143
Solomon Islands,1986-01-01,13.5718789407313
Solomon Islands,1987-01-01,10.9923664122135
Solomon Islands,1988-01-01,16.7375265724654
Solomon Islands,1989-01-01,14.9322478710301
Solomon Islands,1990-01-01,8.73759261848181
Solomon Islands,1991-01-01,15.050130775937
Solomon Islands,1992-01-01,10.7511603675285
Solomon Islands,1993-01-01,9.16866233321985
Solomon Islands,1994-01-01,13.2560325916638
Solomon Islands,1995-01-01,9.62921970116226
Solomon Islands,1996-01-01,11.7743563856637
Solomon Islands,1997-01-01,8.08400135486043
Solomon Islands,1998-01-01,12.3995038128069
Solomon Islands,1999-01-01,8.02036839296841
Solomon Islands,2000-01-01,7.88956186986721
Solomon Islands,2001-01-01,6.92583732057426
Solomon Islands,2002-01-01,10.9296341872692
Solomon Islands,2003-01-01,8.26946349334406
Solomon Islands,2004-01-01,6.98584202682567
Solomon Islands,2005-01-01,7.33066341633299
Solomon Islands,2006-01-01,11.2199870214146
Solomon Islands,2007-01-01,7.66602013484806
Solomon Islands,2008-01-01,17.3200651968774
Solomon Islands,2009-01-01,7.09271716876286
Solomon Islands,2010-01-01,1.05148163321038
Solomon Islands,2011-01-01,7.34270706018
Solomon Islands,2012-01-01,5.91200602491155
Solomon Islands,2013-01-01,5.3913638858756
Solomon Islands,2014-01-01,5.16590237925171
Solomon Islands,2015-01-01,-0.57446928635949
Solomon Islands,2016-01-01,0.512485626268792
Solomon Islands,2017-01-01,0.488686760261083
Solomon Islands,2018-01-01,3.46147484973729
Solomon Islands,2019-01-01,1.63485544012247
Solomon Islands,2020-01-01,2.96354992076065
Solomon Islands,2021-01-01,-0.115437894412839
Solomon Islands,2022-01-01,5.51812928576938
Solomon Islands,2023-01-01,5.88585897042164
Solomon Islands,2024-01-01,4.32183948388033
"Somalia, Fed. Rep.",1980-01-01,
"Somalia, Fed. Rep.",1981-01-01,
"Somalia, Fed. Rep.",1982-01-01,
"Somalia, Fed. Rep.",1983-01-01,
"Somalia, Fed. Rep.",1984-01-01,
"Somalia, Fed. Rep.",1985-01-01,
"Somalia, Fed. Rep.",1986-01-01,
"Somalia, Fed. Rep.",1987-01-01,
"Somalia, Fed. Rep.",1988-01-01,
"Somalia, Fed. Rep.",1989-01-01,
"Somalia, Fed. Rep.",1990-01-01,
"Somalia, Fed. Rep.",1991-01-01,
"Somalia, Fed. Rep.",1992-01-01,
"Somalia, Fed. Rep.",1993-01-01,
"Somalia, Fed. Rep.",1994-01-01,
"Somalia, Fed. Rep.",1995-01-01,
"Somalia, Fed. Rep.",1996-01-01,
"Somalia, Fed. Rep.",1997-01-01,
"Somalia, Fed. Rep.",1998-01-01,
"Somalia, Fed. Rep.",1999-01-01,
"Somalia, Fed. Rep.",2000-01-01,
"Somalia, Fed. Rep.",2001-01-01,
"Somalia, Fed. Rep.",2002-01-01,
"Somalia, Fed. Rep.",2003-01-01,
"Somalia, Fed. Rep.",2004-01-01,
"Somalia, Fed. Rep.",2005-01-01,
"Somalia, Fed. Rep.",2006-01-01,
"Somalia, Fed. Rep.",2007-01-01,
"Somalia, Fed. Rep.",2008-01-01,
"Somalia, Fed. Rep.",2009-01-01,
"Somalia, Fed. Rep.",2010-01-01,
"Somalia, Fed. Rep.",2011-01-01,
"Somalia, Fed. Rep.",2012-01-01,
"Somalia, Fed. Rep.",2013-01-01,
"Somalia, Fed. Rep.",2014-01-01,
"Somalia, Fed. Rep.",2015-01-01,
"Somalia, Fed. Rep.",2016-01-01,
"Somalia, Fed. Rep.",2017-01-01,
"Somalia, Fed. Rep.",2018-01-01,
"Somalia, Fed. Rep.",2019-01-01,
"Somalia, Fed. Rep.",2020-01-01,
"Somalia, Fed. Rep.",2021-01-01,
"Somalia, Fed. Rep.",2022-01-01,
"Somalia, Fed. Rep.",2023-01-01,
"Somalia, Fed. Rep.",2024-01-01,
South Africa,1980-01-01,13.6602404681115
South Africa,1981-01-01,15.2542337674194
South Africa,1982-01-01,14.6390405853128
South Africa,1983-01-01,12.3032053006006
South Africa,1984-01-01,11.526481434496
South Africa,1985-01-01,16.2942252426421
South Africa,1986-01-01,18.6549230388755
South Africa,1987-01-01,16.1605948546791
South Africa,1988-01-01,12.779553083028
South Africa,1989-01-01,14.7308753982381
South Africa,1990-01-01,14.3209918914915
South Africa,1991-01-01,15.3347785733672
South Africa,1992-01-01,13.874703748615
South Africa,1993-01-01,9.71742729803028
South Africa,1994-01-01,8.938563723594
South Africa,1995-01-01,8.68042421392631
South Africa,1996-01-01,7.35411972085333
South Africa,1997-01-01,8.59777611252274
South Africa,1998-01-01,6.88054521037351
South Africa,1999-01-01,5.18148905111697
South Africa,2000-01-01,5.33895913599828
South Africa,2001-01-01,5.70189483049608
South Africa,2002-01-01,9.494713780996
South Africa,2003-01-01,5.67942414068799
South Africa,2004-01-01,-0.692039437857687
South Africa,2005-01-01,2.06285308223427
South Africa,2006-01-01,3.2439076541923
South Africa,2007-01-01,6.17781214809388
South Africa,2008-01-01,9.90998456005467
South Africa,2009-01-01,7.23809523809527
South Africa,2010-01-01,4.06749555950263
South Africa,2011-01-01,5.0008533879502
South Africa,2012-01-01,5.73797139141739
South Africa,2013-01-01,5.78016910069176
South Africa,2014-01-01,6.13282953059149
South Africa,2015-01-01,4.51869094892506
South Africa,2016-01-01,6.60290842394872
South Africa,2017-01-01,5.18618655524149
South Africa,2018-01-01,4.50987264867388
South Africa,2019-01-01,4.10285075461156
South Africa,2020-01-01,3.23238831615113
South Africa,2021-01-01,4.61874544887136
South Africa,2022-01-01,7.03987272546482
South Africa,2023-01-01,6.0752438457966
South Africa,2024-01-01,4.36115246518962
South Asia,1980-01-01,
South Asia,1981-01-01,
South Asia,1982-01-01,
South Asia,1983-01-01,
South Asia,1984-01-01,
South Asia,1985-01-01,
South Asia,1986-01-01,
South Asia,1987-01-01,
South Asia,1988-01-01,
South Asia,1989-01-01,
South Asia,1990-01-01,
South Asia,1991-01-01,
South Asia,1992-01-01,
South Asia,1993-01-01,
South Asia,1994-01-01,
South Asia,1995-01-01,
South Asia,1996-01-01,
South Asia,1997-01-01,
South Asia,1998-01-01,
South Asia,1999-01-01,
South Asia,2000-01-01,
South Asia,2001-01-01,
South Asia,2002-01-01,
South Asia,2003-01-01,
South Asia,2004-01-01,
South Asia,2005-01-01,
South Asia,2006-01-01,
South Asia,2007-01-01,
South Asia,2008-01-01,
South Asia,2009-01-01,
South Asia,2010-01-01,
South Asia,2011-01-01,
South Asia,2012-01-01,
South Asia,2013-01-01,
South Asia,2014-01-01,
South Asia,2015-01-01,
South Asia,2016-01-01,
South Asia,2017-01-01,
South Asia,2018-01-01,
South Asia,2019-01-01,
South Asia,2020-01-01,
South Asia,2021-01-01,
South Asia,2022-01-01,
South Asia,2023-01-01,
South Asia,2024-01-01,
South Asia (IDA & IBRD),1980-01-01,
South Asia (IDA & IBRD),1981-01-01,
South Asia (IDA & IBRD),1982-01-01,
South Asia (IDA & IBRD),1983-01-01,
South Asia (IDA & IBRD),1984-01-01,
South Asia (IDA & IBRD),1985-01-01,
South Asia (IDA & IBRD),1986-01-01,
South Asia (IDA & IBRD),1987-01-01,
South Asia (IDA & IBRD),1988-01-01,
South Asia (IDA & IBRD),1989-01-01,
South Asia (IDA & IBRD),1990-01-01,
South Asia (IDA & IBRD),1991-01-01,
South Asia (IDA & IBRD),1992-01-01,
South Asia (IDA & IBRD),1993-01-01,
South Asia (IDA & IBRD),1994-01-01,
South Asia (IDA & IBRD),1995-01-01,
South Asia (IDA & IBRD),1996-01-01,
South Asia (IDA & IBRD),1997-01-01,
South Asia (IDA & IBRD),1998-01-01,
South Asia (IDA & IBRD),1999-01-01,
South Asia (IDA & IBRD),2000-01-01,
South Asia (IDA & IBRD),2001-01-01,
South Asia (IDA & IBRD),2002-01-01,
South Asia (IDA & IBRD),2003-01-01,
South Asia (IDA & IBRD),2004-01-01,
South Asia (IDA & IBRD),2005-01-01,
South Asia (IDA & IBRD),2006-01-01,
South Asia (IDA & IBRD),2007-01-01,
South Asia (IDA & IBRD),2008-01-01,
South Asia (IDA & IBRD),2009-01-01,
South Asia (IDA & IBRD),2010-01-01,
South Asia (IDA & IBRD),2011-01-01,
South Asia (IDA & IBRD),2012-01-01,
South Asia (IDA & IBRD),2013-01-01,
South Asia (IDA & IBRD),2014-01-01,
South Asia (IDA & IBRD),2015-01-01,
South Asia (IDA & IBRD),2016-01-01,
South Asia (IDA & IBRD),2017-01-01,
South Asia (IDA & IBRD),2018-01-01,
South Asia (IDA & IBRD),2019-01-01,
South Asia (IDA & IBRD),2020-01-01,
South Asia (IDA & IBRD),2021-01-01,
South Asia (IDA & IBRD),2022-01-01,
South Asia (IDA & IBRD),2023-01-01,
South Asia (IDA & IBRD),2024-01-01,
South Sudan,1980-01-01,
South Sudan,1981-01-01,
South Sudan,1982-01-01,
South Sudan,1983-01-01,
South Sudan,1984-01-01,
South Sudan,1985-01-01,
South Sudan,1986-01-01,
South Sudan,1987-01-01,
South Sudan,1988-01-01,
South Sudan,1989-01-01,
South Sudan,1990-01-01,
South Sudan,1991-01-01,
South Sudan,1992-01-01,
South Sudan,1993-01-01,
South Sudan,1994-01-01,
South Sudan,1995-01-01,
South Sudan,1996-01-01,
South Sudan,1997-01-01,
South Sudan,1998-01-01,
South Sudan,1999-01-01,
South Sudan,2000-01-01,
South Sudan,2001-01-01,
South Sudan,2002-01-01,
South Sudan,2003-01-01,
South Sudan,2004-01-01,
South Sudan,2005-01-01,
South Sudan,2006-01-01,
South Sudan,2007-01-01,
South Sudan,2008-01-01,
South Sudan,2009-01-01,5.00627361534047
South Sudan,2010-01-01,1.16962180301108
South Sudan,2011-01-01,46.8521757193597
South Sudan,2012-01-01,45.5258978371706
South Sudan,2013-01-01,-0.0580909784225664
South Sudan,2014-01-01,1.6742990629552
South Sudan,2015-01-01,52.7663304192143
South Sudan,2016-01-01,379.999585624026
South Sudan,2017-01-01,187.851630279442
South Sudan,2018-01-01,83.5015294922
South Sudan,2019-01-01,87.2413641500032
South Sudan,2020-01-01,29.6758435538572
South Sudan,2021-01-01,10.5167158294358
South Sudan,2022-01-01,-6.68732094212668
South Sudan,2023-01-01,2.38280434813754
South Sudan,2024-01-01,91.4408220769046
Spain,1980-01-01,15.5619020957245
Spain,1981-01-01,14.5493457170321
Spain,1982-01-01,14.4150020548327
Spain,1983-01-01,12.1740727351699
Spain,1984-01-01,11.2802765604037
Spain,1985-01-01,8.81445506678387
Spain,1986-01-01,8.7949393229032
Spain,1987-01-01,5.24801863489593
Spain,1988-01-01,4.83727066490361
Spain,1989-01-01,6.79143584025099
Spain,1990-01-01,6.72181952228656
Spain,1991-01-01,5.93421344335924
Spain,1992-01-01,5.92453126228489
Spain,1993-01-01,4.56907173681813
Spain,1994-01-01,4.71841373967329
Spain,1995-01-01,4.67380337624704
Spain,1996-01-01,3.55884559338557
Spain,1997-01-01,1.97107395582926
Spain,1998-01-01,1.83432999908409
Spain,1999-01-01,2.31034813987067
Spain,2000-01-01,3.43351563418766
Spain,2001-01-01,3.58983413338112
Spain,2002-01-01,3.06565685902219
Spain,2003-01-01,3.03888839396655
Spain,2004-01-01,3.03924881090924
Spain,2005-01-01,3.36881409750383
Spain,2006-01-01,3.51557576832128
Spain,2007-01-01,2.78679745804945
Spain,2008-01-01,4.07534335957339
Spain,2009-01-01,-0.28781308353524
Spain,2010-01-01,1.79986457728768
Spain,2011-01-01,3.1961018883379
Spain,2012-01-01,2.44612782366808
Spain,2013-01-01,1.40858109183018
Spain,2014-01-01,-0.151114837527234
Spain,2015-01-01,-0.500365709903242
Spain,2016-01-01,-0.202598000426452
Spain,2017-01-01,1.95607633363963
Spain,2018-01-01,1.6749813686379
Spain,2019-01-01,0.699518994458738
Spain,2020-01-01,-0.322753017299739
Spain,2021-01-01,3.09313511976419
Spain,2022-01-01,8.39057634118626
Spain,2023-01-01,3.53236133492432
Spain,2024-01-01,2.77417826534772
Sri Lanka,1980-01-01,26.1454101014465
Sri Lanka,1981-01-01,17.9689954960101
Sri Lanka,1982-01-01,10.8257491675687
Sri Lanka,1983-01-01,13.9643880065001
Sri Lanka,1984-01-01,16.6382537479217
Sri Lanka,1985-01-01,1.48118012235429
Sri Lanka,1986-01-01,7.97636193570627
Sri Lanka,1987-01-01,7.71716560559269
Sri Lanka,1988-01-01,13.9915489002075
Sri Lanka,1989-01-01,11.5675360890558
Sri Lanka,1990-01-01,21.495252052759
Sri Lanka,1991-01-01,12.1856307214389
Sri Lanka,1992-01-01,11.3834370512206
Sri Lanka,1993-01-01,11.7467370174946
Sri Lanka,1994-01-01,8.44871248698348
Sri Lanka,1995-01-01,7.67484873449805
Sri Lanka,1996-01-01,15.9358310447214
Sri Lanka,1997-01-01,9.57369626405162
Sri Lanka,1998-01-01,9.36424300683229
Sri Lanka,1999-01-01,4.69170563048438
Sri Lanka,2000-01-01,6.17627591012045
Sri Lanka,2001-01-01,14.15845579912
Sri Lanka,2002-01-01,9.55103167007251
Sri Lanka,2003-01-01,6.31463787051174
Sri Lanka,2004-01-01,7.57592582995856
Sri Lanka,2005-01-01,11.6396860971118
Sri Lanka,2006-01-01,10.0201836057035
Sri Lanka,2007-01-01,15.8421114924843
Sri Lanka,2008-01-01,22.5644955300126
Sri Lanka,2009-01-01,3.46496322106074
Sri Lanka,2010-01-01,6.2176488930462
Sri Lanka,2011-01-01,6.7167684358854
Sri Lanka,2012-01-01,7.54291373239437
Sri Lanka,2013-01-01,6.90845034828452
Sri Lanka,2014-01-01,3.1790022823606
Sri Lanka,2015-01-01,3.76836783062096
Sri Lanka,2016-01-01,3.9588884659307
Sri Lanka,2017-01-01,7.70413767850602
Sri Lanka,2018-01-01,2.135037737132
Sri Lanka,2019-01-01,3.52839358231811
Sri Lanka,2020-01-01,6.15394508391738
Sri Lanka,2021-01-01,7.01478071238195
Sri Lanka,2022-01-01,49.7211021114327
Sri Lanka,2023-01-01,16.5411742279832
Sri Lanka,2024-01-01,-0.42936004906973
St. Kitts and Nevis,1980-01-01,17.7366548046812
St. Kitts and Nevis,1981-01-01,10.476363196689
St. Kitts and Nevis,1982-01-01,5.92722298201993
St. Kitts and Nevis,1983-01-01,2.29153537034707
St. Kitts and Nevis,1984-01-01,2.71490470548818
St. Kitts and Nevis,1985-01-01,2.61954629955699
St. Kitts and Nevis,1986-01-01,-0.00668553372426752
St. Kitts and Nevis,1987-01-01,0.96301264865157
St. Kitts and Nevis,1988-01-01,0.232525033997813
St. Kitts and Nevis,1989-01-01,5.16996495562573
St. Kitts and Nevis,1990-01-01,4.01098407755617
St. Kitts and Nevis,1991-01-01,4.3237394435542
St. Kitts and Nevis,1992-01-01,2.85844672514458
St. Kitts and Nevis,1993-01-01,1.79486146433782
St. Kitts and Nevis,1994-01-01,1.44226958804943
St. Kitts and Nevis,1995-01-01,2.9568002509262
St. Kitts and Nevis,1996-01-01,2.08657385169121
St. Kitts and Nevis,1997-01-01,8.90518339116016
St. Kitts and Nevis,1998-01-01,3.44635865955273
St. Kitts and Nevis,1999-01-01,3.36303630363045
St. Kitts and Nevis,2000-01-01,2.14885532743696
St. Kitts and Nevis,2001-01-01,2.30344748349255
St. Kitts and Nevis,2002-01-01,2.04109102620208
St. Kitts and Nevis,2003-01-01,2.23543664374553
St. Kitts and Nevis,2004-01-01,2.31455462238093
St. Kitts and Nevis,2005-01-01,3.37781903988238
St. Kitts and Nevis,2006-01-01,8.48748575845879
St. Kitts and Nevis,2007-01-01,4.48088608614726
St. Kitts and Nevis,2008-01-01,5.30029675072584
St. Kitts and Nevis,2009-01-01,2.05793709041836
St. Kitts and Nevis,2010-01-01,0.850878649795844
St. Kitts and Nevis,2011-01-01,5.8351651957086
St. Kitts and Nevis,2012-01-01,0.816089281562459
St. Kitts and Nevis,2013-01-01,1.10698554000129
St. Kitts and Nevis,2014-01-01,0.247865392364942
St. Kitts and Nevis,2015-01-01,-2.30187563045616
St. Kitts and Nevis,2016-01-01,-0.687037123294039
St. Kitts and Nevis,2017-01-01,0.694916711613604
St. Kitts and Nevis,2018-01-01,-1.03712214131572
St. Kitts and Nevis,2019-01-01,-0.329562063663977
St. Kitts and Nevis,2020-01-01,-1.16724501769353
St. Kitts and Nevis,2021-01-01,1.195688870384
St. Kitts and Nevis,2022-01-01,2.66817533111249
St. Kitts and Nevis,2023-01-01,3.55711230848243
St. Kitts and Nevis,2024-01-01,
St. Lucia,1980-01-01,19.4777291132912
St. Lucia,1981-01-01,15.1248443770346
St. Lucia,1982-01-01,4.61406749873088
St. Lucia,1983-01-01,1.47305853462301
St. Lucia,1984-01-01,1.20548410365588
St. Lucia,1985-01-01,1.42319898238732
St. Lucia,1986-01-01,2.19025825433132
St. Lucia,1987-01-01,7.02175303902781
St. Lucia,1988-01-01,0.829472425646376
St. Lucia,1989-01-01,4.37263766397329
St. Lucia,1990-01-01,4.26755662855972
St. Lucia,1991-01-01,6.14955053119049
St. Lucia,1992-01-01,5.13889779944828
St. Lucia,1993-01-01,0.848181596289603
St. Lucia,1994-01-01,2.81591665153968
St. Lucia,1995-01-01,5.62965921512378
St. Lucia,1996-01-01,0.924842609615973
St. Lucia,1997-01-01,-0.0055202870547238
St. Lucia,1998-01-01,3.20194341679091
St. Lucia,1999-01-01,3.50379784108942
St. Lucia,2000-01-01,3.7107860871361
St. Lucia,2001-01-01,5.30722081028547
St. Lucia,2002-01-01,-0.255536626916508
St. Lucia,2003-01-01,1.03425372426221
St. Lucia,2004-01-01,1.46036814425245
St. Lucia,2005-01-01,3.89827370759476
St. Lucia,2006-01-01,2.39562082529168
St. Lucia,2007-01-01,2.82310373736929
St. Lucia,2008-01-01,5.54954769383937
St. Lucia,2009-01-01,-0.156936087168669
St. Lucia,2010-01-01,3.25034409180129
St. Lucia,2011-01-01,2.76940794144093
St. Lucia,2012-01-01,4.17763587102515
St. Lucia,2013-01-01,1.46856511035428
St. Lucia,2014-01-01,3.51695551369241
St. Lucia,2015-01-01,-0.983600952696996
St. Lucia,2016-01-01,-3.07821765676927
St. Lucia,2017-01-01,0.104262078958441
St. Lucia,2018-01-01,1.93561893150602
St. Lucia,2019-01-01,0.539087559191757
St. Lucia,2020-01-01,-1.75580833517594
St. Lucia,2021-01-01,2.41070312174393
St. Lucia,2022-01-01,6.37814695133351
St. Lucia,2023-01-01,4.07060821926204
St. Lucia,2024-01-01,-0.110283575834694
St. Martin (French part),1980-01-01,
St. Martin (French part),1981-01-01,
St. Martin (French part),1982-01-01,
St. Martin (French part),1983-01-01,
St. Martin (French part),1984-01-01,
St. Martin (French part),1985-01-01,
St. Martin (French part),1986-01-01,
St. Martin (French part),1987-01-01,
St. Martin (French part),1988-01-01,
St. Martin (French part),1989-01-01,
St. Martin (French part),1990-01-01,
St. Martin (French part),1991-01-01,
St. Martin (French part),1992-01-01,
St. Martin (French part),1993-01-01,
St. Martin (French part),1994-01-01,
St. Martin (French part),1995-01-01,
St. Martin (French part),1996-01-01,
St. Martin (French part),1997-01-01,
St. Martin (French part),1998-01-01,
St. Martin (French part),1999-01-01,
St. Martin (French part),2000-01-01,
St. Martin (French part),2001-01-01,
St. Martin (French part),2002-01-01,
St. Martin (French part),2003-01-01,
St. Martin (French part),2004-01-01,
St. Martin (French part),2005-01-01,
St. Martin (French part),2006-01-01,
St. Martin (French part),2007-01-01,
St. Martin (French part),2008-01-01,
St. Martin (French part),2009-01-01,
St. Martin (French part),2010-01-01,
St. Martin (French part),2011-01-01,
St. Martin (French part),2012-01-01,
St. Martin (French part),2013-01-01,
St. Martin (French part),2014-01-01,
St. Martin (French part),2015-01-01,
St. Martin (French part),2016-01-01,
St. Martin (French part),2017-01-01,
St. Martin (French part),2018-01-01,
St. Martin (French part),2019-01-01,
St. Martin (French part),2020-01-01,
St. Martin (French part),2021-01-01,
St. Martin (French part),2022-01-01,
St. Martin (French part),2023-01-01,
St. Martin (French part),2024-01-01,
St. Vincent and the Grenadines,1980-01-01,17.2074750037358
St. Vincent and the Grenadines,1981-01-01,12.7356566462516
St. Vincent and the Grenadines,1982-01-01,7.22825662243943
St. Vincent and the Grenadines,1983-01-01,5.4583879899022
St. Vincent and the Grenadines,1984-01-01,2.70195563584383
St. Vincent and the Grenadines,1985-01-01,2.13968510329097
St. Vincent and the Grenadines,1986-01-01,1.02766798418975
St. Vincent and the Grenadines,1987-01-01,3.30594679186221
St. Vincent and the Grenadines,1988-01-01,0.227229691346298
St. Vincent and the Grenadines,1989-01-01,2.83393160778396
St. Vincent and the Grenadines,1990-01-01,7.60609957743892
St. Vincent and the Grenadines,1991-01-01,5.49200387001333
St. Vincent and the Grenadines,1992-01-01,3.46353042727654
St. Vincent and the Grenadines,1993-01-01,4.29137553446651
St. Vincent and the Grenadines,1994-01-01,1.0089495525225
St. Vincent and the Grenadines,1995-01-01,1.73837289880567
St. Vincent and the Grenadines,1996-01-01,4.40790113846454
St. Vincent and the Grenadines,1997-01-01,0.443616029823348
St. Vincent and the Grenadines,1998-01-01,2.1424064726839
St. Vincent and the Grenadines,1999-01-01,1.01355044438875
St. Vincent and the Grenadines,2000-01-01,0.167679637488279
St. Vincent and the Grenadines,2001-01-01,0.9008584858665
St. Vincent and the Grenadines,2002-01-01,1.85550399046655
St. Vincent and the Grenadines,2003-01-01,0.205981708824254
St. Vincent and the Grenadines,2004-01-01,2.96003946719286
St. Vincent and the Grenadines,2005-01-01,3.7334291646702
St. Vincent and the Grenadines,2006-01-01,2.74067516070673
St. Vincent and the Grenadines,2007-01-01,7.23614701584807
St. Vincent and the Grenadines,2008-01-01,10.0662418245849
St. Vincent and the Grenadines,2009-01-01,0.421539125687215
St. Vincent and the Grenadines,2010-01-01,0.747109026311474
St. Vincent and the Grenadines,2011-01-01,3.1860311155246
St. Vincent and the Grenadines,2012-01-01,2.59844414147101
St. Vincent and the Grenadines,2013-01-01,0.805127804267928
St. Vincent and the Grenadines,2014-01-01,0.193858560794015
St. Vincent and the Grenadines,2015-01-01,-1.73361194953959
St. Vincent and the Grenadines,2016-01-01,-0.149641647633284
St. Vincent and the Grenadines,2017-01-01,2.15333648840511
St. Vincent and the Grenadines,2018-01-01,2.32414485367921
St. Vincent and the Grenadines,2019-01-01,0.91306972532459
St. Vincent and the Grenadines,2020-01-01,-0.628131309354654
St. Vincent and the Grenadines,2021-01-01,1.57272932500558
St. Vincent and the Grenadines,2022-01-01,5.66009779226552
St. Vincent and the Grenadines,2023-01-01,4.56457719814894
St. Vincent and the Grenadines,2024-01-01,3.62770736940927
Sub-Saharan Africa,1980-01-01,
Sub-Saharan Africa,1981-01-01,
Sub-Saharan Africa,1982-01-01,
Sub-Saharan Africa,1983-01-01,
Sub-Saharan Africa,1984-01-01,
Sub-Saharan Africa,1985-01-01,
Sub-Saharan Africa,1986-01-01,
Sub-Saharan Africa,1987-01-01,
Sub-Saharan Africa,1988-01-01,
Sub-Saharan Africa,1989-01-01,
Sub-Saharan Africa,1990-01-01,
Sub-Saharan Africa,1991-01-01,
Sub-Saharan Africa,1992-01-01,
Sub-Saharan Africa,1993-01-01,
Sub-Saharan Africa,1994-01-01,
Sub-Saharan Africa,1995-01-01,
Sub-Saharan Africa,1996-01-01,
Sub-Saharan Africa,1997-01-01,
Sub-Saharan Africa,1998-01-01,
Sub-Saharan Africa,1999-01-01,
Sub-Saharan Africa,2000-01-01,
Sub-Saharan Africa,2001-01-01,
Sub-Saharan Africa,2002-01-01,
Sub-Saharan Africa,2003-01-01,
Sub-Saharan Africa,2004-01-01,
Sub-Saharan Africa,2005-01-01,
Sub-Saharan Africa,2006-01-01,
Sub-Saharan Africa,2007-01-01,
Sub-Saharan Africa,2008-01-01,
Sub-Saharan Africa,2009-01-01,
Sub-Saharan Africa,2010-01-01,
Sub-Saharan Africa,2011-01-01,
Sub-Saharan Africa,2012-01-01,
Sub-Saharan Africa,2013-01-01,
Sub-Saharan Africa,2014-01-01,
Sub-Saharan Africa,2015-01-01,
Sub-Saharan Africa,2016-01-01,
Sub-Saharan Africa,2017-01-01,
Sub-Saharan Africa,2018-01-01,
Sub-Saharan Africa,2019-01-01,
Sub-Saharan Africa,2020-01-01,
Sub-Saharan Africa,2021-01-01,
Sub-Saharan Africa,2022-01-01,
Sub-Saharan Africa,2023-01-01,
Sub-Saharan Africa,2024-01-01,
Sub-Saharan Africa (IDA & IBRD countries),1980-01-01,
Sub-Saharan Africa (IDA & IBRD countries),1981-01-01,
Sub-Saharan Africa (IDA & IBRD countries),1982-01-01,
Sub-Saharan Africa (IDA & IBRD countries),1983-01-01,
Sub-Saharan Africa (IDA & IBRD countries),1984-01-01,
Sub-Saharan Africa (IDA & IBRD countries),1985-01-01,
Sub-Saharan Africa (IDA & IBRD countries),1986-01-01,
Sub-Saharan Africa (IDA & IBRD countries),1987-01-01,
Sub-Saharan Africa (IDA & IBRD countries),1988-01-01,
Sub-Saharan Africa (IDA & IBRD countries),1989-01-01,
Sub-Saharan Africa (IDA & IBRD countries),1990-01-01,
Sub-Saharan Africa (IDA & IBRD countries),1991-01-01,
Sub-Saharan Africa (IDA & IBRD countries),1992-01-01,
Sub-Saharan Africa (IDA & IBRD countries),1993-01-01,
Sub-Saharan Africa (IDA & IBRD countries),1994-01-01,
Sub-Saharan Africa (IDA & IBRD countries),1995-01-01,
Sub-Saharan Africa (IDA & IBRD countries),1996-01-01,
Sub-Saharan Africa (IDA & IBRD countries),1997-01-01,
Sub-Saharan Africa (IDA & IBRD countries),1998-01-01,
Sub-Saharan Africa (IDA & IBRD countries),1999-01-01,
Sub-Saharan Africa (IDA & IBRD countries),2000-01-01,
Sub-Saharan Africa (IDA & IBRD countries),2001-01-01,
Sub-Saharan Africa (IDA & IBRD countries),2002-01-01,
Sub-Saharan Africa (IDA & IBRD countries),2003-01-01,
Sub-Saharan Africa (IDA & IBRD countries),2004-01-01,
Sub-Saharan Africa (IDA & IBRD countries),2005-01-01,
Sub-Saharan Africa (IDA & IBRD countries),2006-01-01,
Sub-Saharan Africa (IDA & IBRD countries),2007-01-01,
Sub-Saharan Africa (IDA & IBRD countries),2008-01-01,
Sub-Saharan Africa (IDA & IBRD countries),2009-01-01,
Sub-Saharan Africa (IDA & IBRD countries),2010-01-01,
Sub-Saharan Africa (IDA & IBRD countries),2011-01-01,
Sub-Saharan Africa (IDA & IBRD countries),2012-01-01,
Sub-Saharan Africa (IDA & IBRD countries),2013-01-01,
Sub-Saharan Africa (IDA & IBRD countries),2014-01-01,
Sub-Saharan Africa (IDA & IBRD countries),2015-01-01,
Sub-Saharan Africa (IDA & IBRD countries),2016-01-01,
Sub-Saharan Africa (IDA & IBRD countries),2017-01-01,
Sub-Saharan Africa (IDA & IBRD countries),2018-01-01,
Sub-Saharan Africa (IDA & IBRD countries),2019-01-01,
Sub-Saharan Africa (IDA & IBRD countries),2020-01-01,
Sub-Saharan Africa (IDA & IBRD countries),2021-01-01,
Sub-Saharan Africa (IDA & IBRD countries),2022-01-01,
Sub-Saharan Africa (IDA & IBRD countries),2023-01-01,
Sub-Saharan Africa (IDA & IBRD countries),2024-01-01,
Sub-Saharan Africa (excluding high income),1980-01-01,
Sub-Saharan Africa (excluding high income),1981-01-01,
Sub-Saharan Africa (excluding high income),1982-01-01,
Sub-Saharan Africa (excluding high income),1983-01-01,
Sub-Saharan Africa (excluding high income),1984-01-01,
Sub-Saharan Africa (excluding high income),1985-01-01,
Sub-Saharan Africa (excluding high income),1986-01-01,
Sub-Saharan Africa (excluding high income),1987-01-01,
Sub-Saharan Africa (excluding high income),1988-01-01,
Sub-Saharan Africa (excluding high income),1989-01-01,
Sub-Saharan Africa (excluding high income),1990-01-01,
Sub-Saharan Africa (excluding high income),1991-01-01,
Sub-Saharan Africa (excluding high income),1992-01-01,
Sub-Saharan Africa (excluding high income),1993-01-01,
Sub-Saharan Africa (excluding high income),1994-01-01,
Sub-Saharan Africa (excluding high income),1995-01-01,
Sub-Saharan Africa (excluding high income),1996-01-01,
Sub-Saharan Africa (excluding high income),1997-01-01,
Sub-Saharan Africa (excluding high income),1998-01-01,
Sub-Saharan Africa (excluding high income),1999-01-01,
Sub-Saharan Africa (excluding high income),2000-01-01,
Sub-Saharan Africa (excluding high income),2001-01-01,
Sub-Saharan Africa (excluding high income),2002-01-01,
Sub-Saharan Africa (excluding high income),2003-01-01,
Sub-Saharan Africa (excluding high income),2004-01-01,
Sub-Saharan Africa (excluding high income),2005-01-01,
Sub-Saharan Africa (excluding high income),2006-01-01,
Sub-Saharan Africa (excluding high income),2007-01-01,
Sub-Saharan Africa (excluding high income),2008-01-01,
Sub-Saharan Africa (excluding high income),2009-01-01,
Sub-Saharan Africa (excluding high income),2010-01-01,
Sub-Saharan Africa (excluding high income),2011-01-01,
Sub-Saharan Africa (excluding high income),2012-01-01,
Sub-Saharan Africa (excluding high income),2013-01-01,
Sub-Saharan Africa (excluding high income),2014-01-01,
Sub-Saharan Africa (excluding high income),2015-01-01,
Sub-Saharan Africa (excluding high income),2016-01-01,
Sub-Saharan Africa (excluding high income),2017-01-01,
Sub-Saharan Africa (excluding high income),2018-01-01,
Sub-Saharan Africa (excluding high income),2019-01-01,
Sub-Saharan Africa (excluding high income),2020-01-01,
Sub-Saharan Africa (excluding high income),2021-01-01,
Sub-Saharan Africa (excluding high income),2022-01-01,
Sub-Saharan Africa (excluding high income),2023-01-01,
Sub-Saharan Africa (excluding high income),2024-01-01,
Sudan,1980-01-01,25.3523690119419
Sudan,1981-01-01,24.5757243336576
Sudan,1982-01-01,25.7128797492595
Sudan,1983-01-01,30.5877747791383
Sudan,1984-01-01,34.14634146336
Sudan,1985-01-01,45.40750323421
Sudan,1986-01-01,24.453490125132
Sudan,1987-01-01,20.557237745391
Sudan,1988-01-01,64.7005631001051
Sudan,1989-01-01,66.7203219315898
Sudan,1990-01-01,65.1580979966203
Sudan,1991-01-01,123.578126902936
Sudan,1992-01-01,117.624468896394
Sudan,1993-01-01,101.380423763812
Sudan,1994-01-01,115.398144292738
Sudan,1995-01-01,68.3751929485422
Sudan,1996-01-01,132.823777374139
Sudan,1997-01-01,47.1685369647197
Sudan,1998-01-01,24.6218785461586
Sudan,1999-01-01,17.1664454201761
Sudan,2000-01-01,7.12125897172291
Sudan,2001-01-01,1.93529572095333
Sudan,2002-01-01,22.2247241495905
Sudan,2003-01-01,6.48943208673338
Sudan,2004-01-01,9.65754628605945
Sudan,2005-01-01,8.50585075933117
Sudan,2006-01-01,7.19912990114709
Sudan,2007-01-01,14.7542770780084
Sudan,2008-01-01,14.2971224481434
Sudan,2009-01-01,11.256758706301
Sudan,2010-01-01,12.9776663898014
Sudan,2011-01-01,18.0966171221351
Sudan,2012-01-01,35.5590574147024
Sudan,2013-01-01,36.5223449139154
Sudan,2014-01-01,36.9066427863595
Sudan,2015-01-01,16.9095706050977
Sudan,2016-01-01,17.750253831196
Sudan,2017-01-01,32.3516260968437
Sudan,2018-01-01,63.2925073455888
Sudan,2019-01-01,50.9940515002965
Sudan,2020-01-01,163.257782355458
Sudan,2021-01-01,359.093040778999
Sudan,2022-01-01,138.80846024176
Sudan,2023-01-01,
Sudan,2024-01-01,
Suriname,1980-01-01,14.1097064496918
Suriname,1981-01-01,8.79396984924597
Suriname,1982-01-01,7.27640861779861
Suriname,1983-01-01,4.41180807455269
Suriname,1984-01-01,3.68874452760907
Suriname,1985-01-01,10.8659529841192
Suriname,1986-01-01,18.6879606879605
Suriname,1987-01-01,53.3929532563242
Suriname,1988-01-01,7.31328780803817
Suriname,1989-01-01,0.769646742205996
Suriname,1990-01-01,21.7399443397526
Suriname,1991-01-01,25.9674625060223
Suriname,1992-01-01,43.6661783854171
Suriname,1993-01-01,143.51155848349
Suriname,1994-01-01,368.478068706267
Suriname,1995-01-01,235.558815073605
Suriname,1996-01-01,-0.701887251452818
Suriname,1997-01-01,7.14511160883929
Suriname,1998-01-01,18.9753691994478
Suriname,1999-01-01,98.7730914112164
Suriname,2000-01-01,59.401686545079
Suriname,2001-01-01,38.5862878872611
Suriname,2002-01-01,15.5273989185702
Suriname,2003-01-01,23.0022321778219
Suriname,2004-01-01,9.98632511974878
Suriname,2005-01-01,9.89800489561465
Suriname,2006-01-01,11.2813043273975
Suriname,2007-01-01,6.42627934470524
Suriname,2008-01-01,14.6671427437912
Suriname,2009-01-01,-0.133636646714877
Suriname,2010-01-01,6.94108221639996
Suriname,2011-01-01,17.7117796414558
Suriname,2012-01-01,5.00686319367273
Suriname,2013-01-01,1.92343604108305
Suriname,2014-01-01,3.38341272749477
Suriname,2015-01-01,6.89390359168238
Suriname,2016-01-01,55.4123879763196
Suriname,2017-01-01,21.9969430173304
Suriname,2018-01-01,
Suriname,2019-01-01,
Suriname,2020-01-01,34.889784309078
Suriname,2021-01-01,59.1196626251977
Suriname,2022-01-01,52.446027276241
Suriname,2023-01-01,51.5873159600861
Suriname,2024-01-01,16.2296159130279
Sweden,1980-01-01,13.7063223649005
Sweden,1981-01-01,12.1039385302599
Sweden,1982-01-01,8.58918509047119
Sweden,1983-01-01,8.8730215236321
Sweden,1984-01-01,8.04424238994429
Sweden,1985-01-01,7.37257458126243
Sweden,1986-01-01,4.23591011089791
Sweden,1987-01-01,4.18857151771368
Sweden,1988-01-01,5.8248986843944
Sweden,1989-01-01,6.44327587426603
Sweden,1990-01-01,10.3665533879493
Sweden,1991-01-01,9.44462732944189
Sweden,1992-01-01,2.37436725111881
Sweden,1993-01-01,4.72817304626049
Sweden,1994-01-01,2.15813800724629
Sweden,1995-01-01,2.455148578184
Sweden,1996-01-01,0.533131978766238
Sweden,1997-01-01,0.658410256243526
Sweden,1998-01-01,-0.267132668354971
Sweden,1999-01-01,0.462175756339138
Sweden,2000-01-01,0.899143734041715
Sweden,2001-01-01,2.40595834145436
Sweden,2002-01-01,2.15848213589266
Sweden,2003-01-01,1.92565534892383
Sweden,2004-01-01,0.373659828721824
Sweden,2005-01-01,0.453170852576138
Sweden,2006-01-01,1.36021468627693
Sweden,2007-01-01,2.21216883436733
Sweden,2008-01-01,3.43704910602875
Sweden,2009-01-01,-0.494460544378051
Sweden,2010-01-01,1.15798802715626
Sweden,2011-01-01,2.9611507382214
Sweden,2012-01-01,0.888377506923735
Sweden,2013-01-01,-0.044292970148682
Sweden,2014-01-01,-0.179638494114635
Sweden,2015-01-01,-0.0467847449832812
Sweden,2016-01-01,0.984269244577992
Sweden,2017-01-01,1.79449904665599
Sweden,2018-01-01,1.95353530127028
Sweden,2019-01-01,1.78415097403835
Sweden,2020-01-01,0.497367318853572
Sweden,2021-01-01,2.16319736447143
Sweden,2022-01-01,8.36929098869189
Sweden,2023-01-01,8.5486248974891
Sweden,2024-01-01,2.83581658224034
Switzerland,1980-01-01,4.0225008483901
Switzerland,1981-01-01,6.49030964005718
Switzerland,1982-01-01,5.65510182392342
Switzerland,1983-01-01,2.94979443545724
Switzerland,1984-01-01,2.93145669136624
Switzerland,1985-01-01,3.43539935298265
Switzerland,1986-01-01,0.750309839410827
Switzerland,1987-01-01,1.44032188041723
Switzerland,1988-01-01,1.87246859731866
Switzerland,1989-01-01,3.15526979710909
Switzerland,1990-01-01,5.40395909218937
Switzerland,1991-01-01,5.85959663468677
Switzerland,1992-01-01,4.03703020778739
Switzerland,1993-01-01,3.29262180313606
Switzerland,1994-01-01,0.852116995120664
Switzerland,1995-01-01,1.79982776867149
Switzerland,1996-01-01,0.811634064628187
Switzerland,1997-01-01,0.52022542273664
Switzerland,1998-01-01,0.0179384378439321
Switzerland,1999-01-01,0.806444380959459
Switzerland,2000-01-01,1.55852919679008
Switzerland,2001-01-01,0.989020329832545
Switzerland,2002-01-01,0.642711506543277
Switzerland,2003-01-01,0.638272930887189
Switzerland,2004-01-01,0.802908730955226
Switzerland,2005-01-01,1.17195420333702
Switzerland,2006-01-01,1.05950928324804
Switzerland,2007-01-01,0.732350603122236
Switzerland,2008-01-01,2.42604117060157
Switzerland,2009-01-01,-0.480481936423304
Switzerland,2010-01-01,0.688238707219974
Switzerland,2011-01-01,0.2313492076509
Switzerland,2012-01-01,-0.692552018105163
Switzerland,2013-01-01,-0.217323155115672
Switzerland,2014-01-01,-0.0132025387515945
Switzerland,2015-01-01,-1.14390867228178
Switzerland,2016-01-01,-0.434618664285814
Switzerland,2017-01-01,0.533787839825876
Switzerland,2018-01-01,0.936335464113572
Switzerland,2019-01-01,0.362886179940674
Switzerland,2020-01-01,-0.725874933313402
Switzerland,2021-01-01,0.581814168489855
Switzerland,2022-01-01,2.83502798644451
Switzerland,2023-01-01,2.13540088016386
Switzerland,2024-01-01,1.06234041976594
Syrian Arab Republic,1980-01-01,19.2964123998608
Syrian Arab Republic,1981-01-01,18.3941605839417
Syrian Arab Republic,1982-01-01,14.3033292231811
Syrian Arab Republic,1983-01-01,6.1272923408846
Syrian Arab Republic,1984-01-01,9.22951819475496
Syrian Arab Republic,1985-01-01,17.2529313232832
Syrian Arab Republic,1986-01-01,36.0634920634916
Syrian Arab Republic,1987-01-01,59.4843677088198
Syrian Arab Republic,1988-01-01,34.562211981567
Syrian Arab Republic,1989-01-01,11.3992172211349
Syrian Arab Republic,1990-01-01,19.3968672229543
Syrian Arab Republic,1991-01-01,9.00000000000003
Syrian Arab Republic,1992-01-01,11.0091743119265
Syrian Arab Republic,1993-01-01,13.2231404958679
Syrian Arab Republic,1994-01-01,15.3284671532846
Syrian Arab Republic,1995-01-01,7.97995780590686
Syrian Arab Republic,1996-01-01,8.2498900991551
Syrian Arab Republic,1997-01-01,1.88611136179086
Syrian Arab Republic,1998-01-01,-0.797165633303916
Syrian Arab Republic,1999-01-01,-3.70370370370365
Syrian Arab Republic,2000-01-01,-3.84615384615379
Syrian Arab Republic,2001-01-01,2.99999999999995
Syrian Arab Republic,2002-01-01,-0.130505282417402
Syrian Arab Republic,2003-01-01,5.79682944905841
Syrian Arab Republic,2004-01-01,4.43314136719839
Syrian Arab Republic,2005-01-01,7.24034939348535
Syrian Arab Republic,2006-01-01,10.0241105377571
Syrian Arab Republic,2007-01-01,3.90770950443607
Syrian Arab Republic,2008-01-01,15.7453252219709
Syrian Arab Republic,2009-01-01,2.92089711805367
Syrian Arab Republic,2010-01-01,4.3974138315007
Syrian Arab Republic,2011-01-01,4.7531638888563
Syrian Arab Republic,2012-01-01,36.7022953364139
Syrian Arab Republic,2013-01-01,40.0318378290723
Syrian Arab Republic,2014-01-01,10.9271141804297
Syrian Arab Republic,2015-01-01,38.4611429599733
Syrian Arab Republic,2016-01-01,47.7051615298923
Syrian Arab Republic,2017-01-01,18.0752696281771
Syrian Arab Republic,2018-01-01,0.940983843906769
Syrian Arab Republic,2019-01-01,13.4175653228571
Syrian Arab Republic,2020-01-01,
Syrian Arab Republic,2021-01-01,
Syrian Arab Republic,2022-01-01,
Syrian Arab Republic,2023-01-01,
Syrian Arab Republic,2024-01-01,
Tajikistan,1980-01-01,
Tajikistan,1981-01-01,
Tajikistan,1982-01-01,
Tajikistan,1983-01-01,
Tajikistan,1984-01-01,
Tajikistan,1985-01-01,
Tajikistan,1986-01-01,
Tajikistan,1987-01-01,
Tajikistan,1988-01-01,
Tajikistan,1989-01-01,
Tajikistan,1990-01-01,
Tajikistan,1991-01-01,
Tajikistan,1992-01-01,
Tajikistan,1993-01-01,
Tajikistan,1994-01-01,
Tajikistan,1995-01-01,
Tajikistan,1996-01-01,
Tajikistan,1997-01-01,
Tajikistan,1998-01-01,
Tajikistan,1999-01-01,
Tajikistan,2000-01-01,
Tajikistan,2001-01-01,38.59188944886
Tajikistan,2002-01-01,12.2499847845885
Tajikistan,2003-01-01,16.3034912049491
Tajikistan,2004-01-01,7.14196508692253
Tajikistan,2005-01-01,7.09193244083773
Tajikistan,2006-01-01,10.0108651886461
Tajikistan,2007-01-01,13.1491247062982
Tajikistan,2008-01-01,20.4705219109964
Tajikistan,2009-01-01,6.44823481066697
Tajikistan,2010-01-01,6.44531440780658
Tajikistan,2011-01-01,12.4315490430406
Tajikistan,2012-01-01,5.83116601031462
Tajikistan,2013-01-01,5.00964645344951
Tajikistan,2014-01-01,6.10442765129667
Tajikistan,2015-01-01,5.7145594964971
Tajikistan,2016-01-01,6.00458082322139
Tajikistan,2017-01-01,
Tajikistan,2018-01-01,
Tajikistan,2019-01-01,
Tajikistan,2020-01-01,
Tajikistan,2021-01-01,
Tajikistan,2022-01-01,
Tajikistan,2023-01-01,
Tajikistan,2024-01-01,
Tanzania,1980-01-01,30.197300103842
Tanzania,1981-01-01,25.6500239272612
Tanzania,1982-01-01,28.9323346451693
Tanzania,1983-01-01,27.0559275305238
Tanzania,1984-01-01,36.1459415056028
Tanzania,1985-01-01,33.2821038251368
Tanzania,1986-01-01,32.4322015801837
Tanzania,1987-01-01,29.9493695378761
Tanzania,1988-01-01,31.1867182846932
Tanzania,1989-01-01,25.8498382611657
Tanzania,1990-01-01,35.8267716535433
Tanzania,1991-01-01,28.695652173913
Tanzania,1992-01-01,21.8468468468473
Tanzania,1993-01-01,25.277264325323
Tanzania,1994-01-01,34.0833640722984
Tanzania,1995-01-01,27.4277854195323
Tanzania,1996-01-01,20.9772596430629
Tanzania,1997-01-01,16.0906549283201
Tanzania,1998-01-01,12.7997540479609
Tanzania,1999-01-01,7.89043336058877
Tanzania,2000-01-01,5.92396109637479
Tanzania,2001-01-01,5.14746800222618
Tanzania,2002-01-01,5.31783366118203
Tanzania,2003-01-01,5.30356621509782
Tanzania,2004-01-01,4.73580143949058
Tanzania,2005-01-01,5.03457009267163
Tanzania,2006-01-01,7.25097262082546
Tanzania,2007-01-01,7.02551436974771
Tanzania,2008-01-01,10.2783937621135
Tanzania,2009-01-01,12.1422278742988
Tanzania,2010-01-01,6.20015595647403
Tanzania,2011-01-01,12.6909694699162
Tanzania,2012-01-01,16.0010938506338
Tanzania,2013-01-01,7.87072364573959
Tanzania,2014-01-01,6.13161432988012
Tanzania,2015-01-01,5.58816952959298
Tanzania,2016-01-01,5.17476629301493
Tanzania,2017-01-01,5.31871605228931
Tanzania,2018-01-01,3.49445848856181
Tanzania,2019-01-01,3.46428057999021
Tanzania,2020-01-01,3.29029062798325
Tanzania,2021-01-01,3.69091958802199
Tanzania,2022-01-01,4.35027204269101
Tanzania,2023-01-01,3.79923291384916
Tanzania,2024-01-01,3.05694676312373
Thailand,1980-01-01,19.703500522778
Thailand,1981-01-01,12.6629930710215
Thailand,1982-01-01,5.25907990316827
Thailand,1983-01-01,3.72653662124075
Thailand,1984-01-01,0.864898430279321
Thailand,1985-01-01,2.43173123433475
Thailand,1986-01-01,1.84167596806046
Thailand,1987-01-01,2.46646112823953
Thailand,1988-01-01,3.86273074733655
Thailand,1989-01-01,5.35546507986216
Thailand,1990-01-01,5.86399474375828
Thailand,1991-01-01,5.70985259891396
Thailand,1992-01-01,4.13914575077056
Thailand,1993-01-01,3.31219168428468
Thailand,1994-01-01,5.04774897680755
Thailand,1995-01-01,5.81818181818192
Thailand,1996-01-01,5.80510554737349
Thailand,1997-01-01,5.62579747129104
Thailand,1998-01-01,7.9947287502746
Thailand,1999-01-01,0.284726459223034
Thailand,2000-01-01,1.59196917460972
Thailand,2001-01-01,1.62690887314091
Thailand,2002-01-01,0.697308976625449
Thailand,2003-01-01,1.80434994635721
Thailand,2004-01-01,2.7591492623108
Thailand,2005-01-01,4.54036919634535
Thailand,2006-01-01,4.63747436011765
Thailand,2007-01-01,2.24154095286803
Thailand,2008-01-01,5.46848949649845
Thailand,2009-01-01,-0.845716092316721
Thailand,2010-01-01,3.24758842443723
Thailand,2011-01-01,3.80879058139634
Thailand,2012-01-01,3.01489950334985
Thailand,2013-01-01,2.18488618530687
Thailand,2014-01-01,1.8951418189878
Thailand,2015-01-01,-0.900424963291569
Thailand,2016-01-01,0.188149704448143
Thailand,2017-01-01,0.665631893135106
Thailand,2018-01-01,1.06389754183024
Thailand,2019-01-01,0.706728601314311
Thailand,2020-01-01,-0.845937147357041
Thailand,2021-01-01,1.23039541318384
Thailand,2022-01-01,-1.61068030486688
Thailand,2023-01-01,8.47805174421543
Thailand,2024-01-01,1.36580540798037
Timor-Leste,1980-01-01,
Timor-Leste,1981-01-01,
Timor-Leste,1982-01-01,
Timor-Leste,1983-01-01,
Timor-Leste,1984-01-01,
Timor-Leste,1985-01-01,
Timor-Leste,1986-01-01,
Timor-Leste,1987-01-01,
Timor-Leste,1988-01-01,
Timor-Leste,1989-01-01,
Timor-Leste,1990-01-01,
Timor-Leste,1991-01-01,
Timor-Leste,1992-01-01,
Timor-Leste,1993-01-01,
Timor-Leste,1994-01-01,
Timor-Leste,1995-01-01,
Timor-Leste,1996-01-01,
Timor-Leste,1997-01-01,
Timor-Leste,1998-01-01,
Timor-Leste,1999-01-01,
Timor-Leste,2000-01-01,
Timor-Leste,2001-01-01,
Timor-Leste,2002-01-01,
Timor-Leste,2003-01-01,7.16515891441839
Timor-Leste,2004-01-01,3.23751394003321
Timor-Leste,2005-01-01,1.11167400387198
Timor-Leste,2006-01-01,3.93616259929866
Timor-Leste,2007-01-01,10.3009020174895
Timor-Leste,2008-01-01,9.06423621948942
Timor-Leste,2009-01-01,0.669681185965433
Timor-Leste,2010-01-01,6.76597680236481
Timor-Leste,2011-01-01,13.499840238577
Timor-Leste,2012-01-01,11.8003096701544
Timor-Leste,2013-01-01,11.0849085109954
Timor-Leste,2014-01-01,0.726275016139465
Timor-Leste,2015-01-01,0.552796026277853
Timor-Leste,2016-01-01,-1.33853876185163
Timor-Leste,2017-01-01,0.557215537430361
Timor-Leste,2018-01-01,2.63647201015892
Timor-Leste,2019-01-01,0.958812739703141
Timor-Leste,2020-01-01,0.495499215459571
Timor-Leste,2021-01-01,3.69792094666786
Timor-Leste,2022-01-01,7.00530945399787
Timor-Leste,2023-01-01,8.42035103310377
Timor-Leste,2024-01-01,2.06284153005468
Togo,1980-01-01,12.3068572123795
Togo,1981-01-01,19.7165023624807
Togo,1982-01-01,11.1296733281827
Togo,1983-01-01,9.35546507986147
Togo,1984-01-01,-3.52662871020549
Togo,1985-01-01,-1.81441438232162
Togo,1986-01-01,4.12461526367686
Togo,1987-01-01,0.054008850482646
Togo,1988-01-01,-0.150910979934777
Togo,1989-01-01,-0.839403116952551
Togo,1990-01-01,1.01534150530809
Togo,1991-01-01,0.387081797870757
Togo,1992-01-01,1.39378663675938
Togo,1993-01-01,-1.00688168855034
Togo,1994-01-01,39.1627673796795
Togo,1995-01-01,16.4335034524163
Togo,1996-01-01,4.68749999999996
Togo,1997-01-01,8.25082508250802
Togo,1998-01-01,0.975338381088674
Togo,1999-01-01,-0.0532136248823534
Togo,2000-01-01,1.86260595463067
Togo,2001-01-01,3.91959133653146
Togo,2002-01-01,3.05981857535884
Togo,2003-01-01,-0.930000884072214
Togo,2004-01-01,0.393078681031669
Togo,2005-01-01,6.78292893028314
Togo,2006-01-01,2.22897779414027
Togo,2007-01-01,0.945673271705214
Togo,2008-01-01,8.69482814363902
Togo,2009-01-01,3.71360592035809
Togo,2010-01-01,1.44594517430864
Togo,2011-01-01,3.5635147290396
Togo,2012-01-01,2.57718174055848
Togo,2013-01-01,1.82539475909162
Togo,2014-01-01,0.19087507624975
Togo,2015-01-01,2.58500390801595
Togo,2016-01-01,1.28544847051417
Togo,2017-01-01,-0.981889868943119
Togo,2018-01-01,0.927755426457183
Togo,2019-01-01,0.674652770077525
Togo,2020-01-01,1.69928463299399
Togo,2021-01-01,4.1862150652352
Togo,2022-01-01,7.96757361617945
Togo,2023-01-01,5.48928568141131
Togo,2024-01-01,2.86262074089801
Tonga,1980-01-01,22.3933889164965
Tonga,1981-01-01,14.8992481203003
Tonga,1982-01-01,10.8378703800655
Tonga,1983-01-01,9.81355311787775
Tonga,1984-01-01,0.106451612903717
Tonga,1985-01-01,16.765
Tonga,1986-01-01,21.6738748768894
Tonga,1987-01-01,4.68598778792504
Tonga,1988-01-01,9.92402339810402
Tonga,1989-01-01,4.07364364792932
Tonga,1990-01-01,9.70986384562655
Tonga,1991-01-01,10.5954493994793
Tonga,1992-01-01,7.93698012192874
Tonga,1993-01-01,0.960904460459173
Tonga,1994-01-01,1.01295206694856
Tonga,1995-01-01,1.46000630350972
Tonga,1996-01-01,2.99528023991143
Tonga,1997-01-01,2.12473132408038
Tonga,1998-01-01,3.27444554260464
Tonga,1999-01-01,4.46435467675891
Tonga,2000-01-01,6.32763551411155
Tonga,2001-01-01,8.2902831885033
Tonga,2002-01-01,10.3590607918507
Tonga,2003-01-01,11.6386219580735
Tonga,2004-01-01,10.9734053679554
Tonga,2005-01-01,8.66569221131751
Tonga,2006-01-01,6.14911606456575
Tonga,2007-01-01,5.84224874901387
Tonga,2008-01-01,10.4469875128222
Tonga,2009-01-01,1.42685972070534
Tonga,2010-01-01,3.53491239189831
Tonga,2011-01-01,6.27075302995691
Tonga,2012-01-01,1.14753853706055
Tonga,2013-01-01,0.77562932236742
Tonga,2014-01-01,2.51087633253706
Tonga,2015-01-01,-1.05399831971283
Tonga,2016-01-01,2.57815515245081
Tonga,2017-01-01,7.51706283551115
Tonga,2018-01-01,5.03209691984874
Tonga,2019-01-01,1.17954334821808
Tonga,2020-01-01,-0.349737696727496
Tonga,2021-01-01,5.64051140636751
Tonga,2022-01-01,10.9713652903022
Tonga,2023-01-01,6.35112980255189
Tonga,2024-01-01,3.230563002681
Trinidad and Tobago,1980-01-01,17.4703042795772
Trinidad and Tobago,1981-01-01,14.3318866009395
Trinidad and Tobago,1982-01-01,11.6347629431673
Trinidad and Tobago,1983-01-01,15.1749999993332
Trinidad and Tobago,1984-01-01,13.3347804066324
Trinidad and Tobago,1985-01-01,7.62257405520196
Trinidad and Tobago,1986-01-01,7.69367659323135
Trinidad and Tobago,1987-01-01,10.7518589920742
Trinidad and Tobago,1988-01-01,7.75849206743917
Trinidad and Tobago,1989-01-01,11.4321318133567
Trinidad and Tobago,1990-01-01,11.0644257703083
Trinidad and Tobago,1991-01-01,3.78310214375795
Trinidad and Tobago,1992-01-01,6.43985419198061
Trinidad and Tobago,1993-01-01,10.835235920852
Trinidad and Tobago,1994-01-01,8.81469401768106
Trinidad and Tobago,1995-01-01,5.18220539517274
Trinidad and Tobago,1996-01-01,3.40457442819624
Trinidad and Tobago,1997-01-01,3.62607875843081
Trinidad and Tobago,1998-01-01,5.61270907691201
Trinidad and Tobago,1999-01-01,3.43913590881996
Trinidad and Tobago,2000-01-01,3.55541319666877
Trinidad and Tobago,2001-01-01,5.536653263223
Trinidad and Tobago,2002-01-01,4.1500586166472
Trinidad and Tobago,2003-01-01,3.8111062439687
Trinidad and Tobago,2004-01-01,3.72154938995965
Trinidad and Tobago,2005-01-01,6.87453459583516
Trinidad and Tobago,2006-01-01,8.32960351465347
Trinidad and Tobago,2007-01-01,7.89438834757299
Trinidad and Tobago,2008-01-01,12.0303445477177
Trinidad and Tobago,2009-01-01,6.97808725251547
Trinidad and Tobago,2010-01-01,10.5492003179988
Trinidad and Tobago,2011-01-01,5.1071328926456
Trinidad and Tobago,2012-01-01,9.26028137068292
Trinidad and Tobago,2013-01-01,5.19981740465611
Trinidad and Tobago,2014-01-01,5.68441814595659
Trinidad and Tobago,2015-01-01,4.66121598098264
Trinidad and Tobago,2016-01-01,3.07066742464024
Trinidad and Tobago,2017-01-01,1.88038440183532
Trinidad and Tobago,2018-01-01,1.01856930188822
Trinidad and Tobago,2019-01-01,1.00054293027237
Trinidad and Tobago,2020-01-01,0.598986330824643
Trinidad and Tobago,2021-01-01,2.05922746915458
Trinidad and Tobago,2022-01-01,5.82838638517959
Trinidad and Tobago,2023-01-01,4.62930242419968
Trinidad and Tobago,2024-01-01,0.526884625776839
Tunisia,1980-01-01,
Tunisia,1981-01-01,
Tunisia,1982-01-01,
Tunisia,1983-01-01,
Tunisia,1984-01-01,8.9000000000001
Tunisia,1985-01-01,7.25436179981635
Tunisia,1986-01-01,6.16438356164371
Tunisia,1987-01-01,8.2258064516129
Tunisia,1988-01-01,7.19696969696955
Tunisia,1989-01-01,7.74088603961336
Tunisia,1990-01-01,6.54529307282414
Tunisia,1991-01-01,8.19371509544085
Tunisia,1992-01-01,5.82434514637906
Tunisia,1993-01-01,3.9749563191613
Tunisia,1994-01-01,4.73323063996595
Tunisia,1995-01-01,6.24415028747146
Tunisia,1996-01-01,3.72514472690715
Tunisia,1997-01-01,3.65202620723071
Tunisia,1998-01-01,3.12536579655862
Tunisia,1999-01-01,2.6901248581158
Tunisia,2000-01-01,2.96230794738605
Tunisia,2001-01-01,1.98333333333337
Tunisia,2002-01-01,2.72103284850455
Tunisia,2003-01-01,2.71259247474352
Tunisia,2004-01-01,3.63228004956625
Tunisia,2005-01-01,2.01778641357144
Tunisia,2006-01-01,3.22525337438917
Tunisia,2007-01-01,2.96694432477349
Tunisia,2008-01-01,4.34502807623045
Tunisia,2009-01-01,3.66490330642919
Tunisia,2010-01-01,3.33897963601069
Tunisia,2011-01-01,3.24002842009531
Tunisia,2012-01-01,4.6118443220664
Tunisia,2013-01-01,5.31623531326689
Tunisia,2014-01-01,4.62555099534031
Tunisia,2015-01-01,4.437371273215
Tunisia,2016-01-01,3.62939937384381
Tunisia,2017-01-01,5.30884839565844
Tunisia,2018-01-01,7.30759176031652
Tunisia,2019-01-01,6.72007532863799
Tunisia,2020-01-01,5.63415115897625
Tunisia,2021-01-01,5.706350208307
Tunisia,2022-01-01,8.30646124447623
Tunisia,2023-01-01,9.32899597507865
Tunisia,2024-01-01,7.20661657168794
Turkiye,1980-01-01,94.2608598807592
Turkiye,1981-01-01,37.6147825797716
Turkiye,1982-01-01,29.1375145022676
Turkiye,1983-01-01,31.3902710198445
Turkiye,1984-01-01,48.3923231346863
Turkiye,1985-01-01,44.9617301528779
Turkiye,1986-01-01,34.6100759738745
Turkiye,1987-01-01,38.8558434758409
Turkiye,1988-01-01,68.8096433837048
Turkiye,1989-01-01,63.2725524930958
Turkiye,1990-01-01,60.3038691346447
Turkiye,1991-01-01,65.978567991895
Turkiye,1992-01-01,70.0761038690374
Turkiye,1993-01-01,66.0938429820004
Turkiye,1994-01-01,105.214986469202
Turkiye,1995-01-01,89.1133172248499
Turkiye,1996-01-01,80.4121511388042
Turkiye,1997-01-01,85.6693616499779
Turkiye,1998-01-01,84.6413434846314
Turkiye,1999-01-01,64.8674876350757
Turkiye,2000-01-01,54.9153705812683
Turkiye,2001-01-01,54.4001887619074
Turkiye,2002-01-01,44.964120947985
Turkiye,2003-01-01,21.6024384490573
Turkiye,2004-01-01,8.59826168115262
Turkiye,2005-01-01,8.17916036802008
Turkiye,2006-01-01,9.59724212288446
Turkiye,2007-01-01,8.75618090972632
Turkiye,2008-01-01,10.4441283764885
Turkiye,2009-01-01,6.25097663090626
Turkiye,2010-01-01,8.56644420552976
Turkiye,2011-01-01,6.471879671151
Turkiye,2012-01-01,8.89156996512163
Turkiye,2013-01-01,7.49309030547693
Turkiye,2014-01-01,8.85457271364316
Turkiye,2015-01-01,7.67085364845885
Turkiye,2016-01-01,7.7751341532833
Turkiye,2017-01-01,11.1443110840764
Turkiye,2018-01-01,16.3324638988929
Turkiye,2019-01-01,15.1768215720022
Turkiye,2020-01-01,12.2789574462574
Turkiye,2021-01-01,19.5964926913324
Turkiye,2022-01-01,72.3088359891207
Turkiye,2023-01-01,53.8594087593315
Turkiye,2024-01-01,58.5064507300342
Turkmenistan,1980-01-01,
Turkmenistan,1981-01-01,
Turkmenistan,1982-01-01,
Turkmenistan,1983-01-01,
Turkmenistan,1984-01-01,
Turkmenistan,1985-01-01,
Turkmenistan,1986-01-01,
Turkmenistan,1987-01-01,
Turkmenistan,1988-01-01,
Turkmenistan,1989-01-01,
Turkmenistan,1990-01-01,
Turkmenistan,1991-01-01,
Turkmenistan,1992-01-01,
Turkmenistan,1993-01-01,
Turkmenistan,1994-01-01,
Turkmenistan,1995-01-01,
Turkmenistan,1996-01-01,
Turkmenistan,1997-01-01,
Turkmenistan,1998-01-01,
Turkmenistan,1999-01-01,
Turkmenistan,2000-01-01,
Turkmenistan,2001-01-01,
Turkmenistan,2002-01-01,
Turkmenistan,2003-01-01,
Turkmenistan,2004-01-01,
Turkmenistan,2005-01-01,
Turkmenistan,2006-01-01,
Turkmenistan,2007-01-01,
Turkmenistan,2008-01-01,
Turkmenistan,2009-01-01,
Turkmenistan,2010-01-01,
Turkmenistan,2011-01-01,
Turkmenistan,2012-01-01,
Turkmenistan,2013-01-01,
Turkmenistan,2014-01-01,
Turkmenistan,2015-01-01,
Turkmenistan,2016-01-01,
Turkmenistan,2017-01-01,
Turkmenistan,2018-01-01,
Turkmenistan,2019-01-01,
Turkmenistan,2020-01-01,
Turkmenistan,2021-01-01,
Turkmenistan,2022-01-01,
Turkmenistan,2023-01-01,
Turkmenistan,2024-01-01,
Turks and Caicos Islands,1980-01-01,
Turks and Caicos Islands,1981-01-01,
Turks and Caicos Islands,1982-01-01,
Turks and Caicos Islands,1983-01-01,
Turks and Caicos Islands,1984-01-01,
Turks and Caicos Islands,1985-01-01,
Turks and Caicos Islands,1986-01-01,
Turks and Caicos Islands,1987-01-01,
Turks and Caicos Islands,1988-01-01,
Turks and Caicos Islands,1989-01-01,
Turks and Caicos Islands,1990-01-01,
Turks and Caicos Islands,1991-01-01,
Turks and Caicos Islands,1992-01-01,
Turks and Caicos Islands,1993-01-01,
Turks and Caicos Islands,1994-01-01,
Turks and Caicos Islands,1995-01-01,
Turks and Caicos Islands,1996-01-01,
Turks and Caicos Islands,1997-01-01,
Turks and Caicos Islands,1998-01-01,
Turks and Caicos Islands,1999-01-01,
Turks and Caicos Islands,2000-01-01,
Turks and Caicos Islands,2001-01-01,
Turks and Caicos Islands,2002-01-01,
Turks and Caicos Islands,2003-01-01,
Turks and Caicos Islands,2004-01-01,
Turks and Caicos Islands,2005-01-01,
Turks and Caicos Islands,2006-01-01,
Turks and Caicos Islands,2007-01-01,
Turks and Caicos Islands,2008-01-01,
Turks and Caicos Islands,2009-01-01,
Turks and Caicos Islands,2010-01-01,
Turks and Caicos Islands,2011-01-01,
Turks and Caicos Islands,2012-01-01,
Turks and Caicos Islands,2013-01-01,
Turks and Caicos Islands,2014-01-01,
Turks and Caicos Islands,2015-01-01,
Turks and Caicos Islands,2016-01-01,
Turks and Caicos Islands,2017-01-01,
Turks and Caicos Islands,2018-01-01,
Turks and Caicos Islands,2019-01-01,
Turks and Caicos Islands,2020-01-01,
Turks and Caicos Islands,2021-01-01,
Turks and Caicos Islands,2022-01-01,
Turks and Caicos Islands,2023-01-01,
Turks and Caicos Islands,2024-01-01,
Tuvalu,1980-01-01,
Tuvalu,1981-01-01,
Tuvalu,1982-01-01,
Tuvalu,1983-01-01,
Tuvalu,1984-01-01,
Tuvalu,1985-01-01,
Tuvalu,1986-01-01,
Tuvalu,1987-01-01,
Tuvalu,1988-01-01,
Tuvalu,1989-01-01,
Tuvalu,1990-01-01,
Tuvalu,1991-01-01,
Tuvalu,1992-01-01,
Tuvalu,1993-01-01,
Tuvalu,1994-01-01,
Tuvalu,1995-01-01,
Tuvalu,1996-01-01,
Tuvalu,1997-01-01,
Tuvalu,1998-01-01,
Tuvalu,1999-01-01,
Tuvalu,2000-01-01,
Tuvalu,2001-01-01,
Tuvalu,2002-01-01,
Tuvalu,2003-01-01,
Tuvalu,2004-01-01,
Tuvalu,2005-01-01,
Tuvalu,2006-01-01,
Tuvalu,2007-01-01,
Tuvalu,2008-01-01,
Tuvalu,2009-01-01,
Tuvalu,2010-01-01,
Tuvalu,2011-01-01,0.5005807431527
Tuvalu,2012-01-01,
Tuvalu,2013-01-01,
Tuvalu,2014-01-01,
Tuvalu,2015-01-01,
Tuvalu,2016-01-01,
Tuvalu,2017-01-01,
Tuvalu,2018-01-01,
Tuvalu,2019-01-01,
Tuvalu,2020-01-01,
Tuvalu,2021-01-01,
Tuvalu,2022-01-01,
Tuvalu,2023-01-01,
Tuvalu,2024-01-01,
Uganda,1980-01-01,
Uganda,1981-01-01,
Uganda,1982-01-01,
Uganda,1983-01-01,
Uganda,1984-01-01,
Uganda,1985-01-01,
Uganda,1986-01-01,
Uganda,1987-01-01,
Uganda,1988-01-01,
Uganda,1989-01-01,
Uganda,1990-01-01,
Uganda,1991-01-01,
Uganda,1992-01-01,
Uganda,1993-01-01,
Uganda,1994-01-01,10.0367598792175
Uganda,1995-01-01,6.55014018970371
Uganda,1996-01-01,7.19164660433344
Uganda,1997-01-01,8.16902144106963
Uganda,1998-01-01,0.0688041719983172
Uganda,1999-01-01,5.77736898687895
Uganda,2000-01-01,3.39202158512998
Uganda,2001-01-01,1.86512524084773
Uganda,2002-01-01,-0.287508511765196
Uganda,2003-01-01,8.68047651566884
Uganda,2004-01-01,3.72128743978228
Uganda,2005-01-01,8.44872642299532
Uganda,2006-01-01,7.31067613561864
Uganda,2007-01-01,6.1385108328505
Uganda,2008-01-01,12.0508555482886
Uganda,2009-01-01,13.0172561889185
Uganda,2010-01-01,3.97655288478168
Uganda,2011-01-01,16.5643496174515
Uganda,2012-01-01,12.6790377224659
Uganda,2013-01-01,4.90520875694557
Uganda,2014-01-01,3.07570668958641
Uganda,2015-01-01,5.58968606251725
Uganda,2016-01-01,5.70637504616212
Uganda,2017-01-01,5.20971705914209
Uganda,2018-01-01,2.61601190952274
Uganda,2019-01-01,2.867588034469
Uganda,2020-01-01,3.31332289544502
Uganda,2021-01-01,2.20457204757414
Uganda,2022-01-01,7.1957888597581
Uganda,2023-01-01,5.35094804280395
Uganda,2024-01-01,3.3233806708656
Ukraine,1980-01-01,
Ukraine,1981-01-01,
Ukraine,1982-01-01,
Ukraine,1983-01-01,
Ukraine,1984-01-01,
Ukraine,1985-01-01,
Ukraine,1986-01-01,
Ukraine,1987-01-01,
Ukraine,1988-01-01,
Ukraine,1989-01-01,
Ukraine,1990-01-01,
Ukraine,1991-01-01,
Ukraine,1992-01-01,
Ukraine,1993-01-01,4734.91434744585
Ukraine,1994-01-01,891.187748133705
Ukraine,1995-01-01,376.746174768209
Ukraine,1996-01-01,80.3255014551742
Ukraine,1997-01-01,15.940599414943
Ukraine,1998-01-01,10.5771611482514
Ukraine,1999-01-01,22.6836718061345
Ukraine,2000-01-01,28.2030972388552
Ukraine,2001-01-01,11.9588085390459
Ukraine,2002-01-01,0.75742084639286
Ukraine,2003-01-01,5.17967781908315
Ukraine,2004-01-01,9.04806786050888
Ukraine,2005-01-01,13.5695764909248
Ukraine,2006-01-01,9.05252491133248
Ukraine,2007-01-01,12.8387796190181
Ukraine,2008-01-01,25.226461707384
Ukraine,2009-01-01,15.8811924594476
Ukraine,2010-01-01,9.37293105078978
Ukraine,2011-01-01,7.95572466274652
Ukraine,2012-01-01,0.568727971803862
Ukraine,2013-01-01,-0.238948626045407
Ukraine,2014-01-01,12.0718562874251
Ukraine,2015-01-01,48.6998646434424
Ukraine,2016-01-01,13.9127101997797
Ukraine,2017-01-01,14.4383227488749
Ukraine,2018-01-01,10.9518559353178
Ukraine,2019-01-01,7.88671745611133
Ukraine,2020-01-01,2.73249209419427
Ukraine,2021-01-01,9.36313917695223
Ukraine,2022-01-01,20.1836366617478
Ukraine,2023-01-01,12.8490222828559
Ukraine,2024-01-01,6.50198464669254
United Arab Emirates,1980-01-01,
United Arab Emirates,1981-01-01,
United Arab Emirates,1982-01-01,
United Arab Emirates,1983-01-01,
United Arab Emirates,1984-01-01,
United Arab Emirates,1985-01-01,
United Arab Emirates,1986-01-01,
United Arab Emirates,1987-01-01,
United Arab Emirates,1988-01-01,
United Arab Emirates,1989-01-01,
United Arab Emirates,1990-01-01,
United Arab Emirates,1991-01-01,
United Arab Emirates,1992-01-01,
United Arab Emirates,1993-01-01,
United Arab Emirates,1994-01-01,
United Arab Emirates,1995-01-01,
United Arab Emirates,1996-01-01,
United Arab Emirates,1997-01-01,
United Arab Emirates,1998-01-01,
United Arab Emirates,1999-01-01,
United Arab Emirates,2000-01-01,
United Arab Emirates,2001-01-01,
United Arab Emirates,2002-01-01,
United Arab Emirates,2003-01-01,
United Arab Emirates,2004-01-01,
United Arab Emirates,2005-01-01,
United Arab Emirates,2006-01-01,
United Arab Emirates,2007-01-01,
United Arab Emirates,2008-01-01,12.2504202448139
United Arab Emirates,2009-01-01,1.5618131744907
United Arab Emirates,2010-01-01,0.877983288285867
United Arab Emirates,2011-01-01,0.87734659568512
United Arab Emirates,2012-01-01,0.662268900269008
United Arab Emirates,2013-01-01,1.1011183637571
United Arab Emirates,2014-01-01,2.34626865671642
United Arab Emirates,2015-01-01,4.06996608361593
United Arab Emirates,2016-01-01,1.61748808904197
United Arab Emirates,2017-01-01,1.96682557818842
United Arab Emirates,2018-01-01,3.06863379251996
United Arab Emirates,2019-01-01,-1.93108114782172
United Arab Emirates,2020-01-01,-2.07940317940943
United Arab Emirates,2021-01-01,0.179935336174431
United Arab Emirates,2022-01-01,5.29122604376849
United Arab Emirates,2023-01-01,1.62670837213248
United Arab Emirates,2024-01-01,1.66336510224894
United Kingdom,1980-01-01,17.9659242656857
United Kingdom,1981-01-01,11.8766265142296
United Kingdom,1982-01-01,8.59886383332186
United Kingdom,1983-01-01,4.60930327269779
United Kingdom,1984-01-01,4.96071097821927
United Kingdom,1985-01-01,6.07139434015119
United Kingdom,1986-01-01,3.42760940369314
United Kingdom,1987-01-01,4.14892232052945
United Kingdom,1988-01-01,4.15535171583102
United Kingdom,1989-01-01,5.76024909185262
United Kingdom,1990-01-01,8.06346090938833
United Kingdom,1991-01-01,7.46178295746934
United Kingdom,1992-01-01,4.59154929577461
United Kingdom,1993-01-01,2.55857796929705
United Kingdom,1994-01-01,2.21901260504205
United Kingdom,1995-01-01,2.69749518304432
United Kingdom,1996-01-01,2.85178236397749
United Kingdom,1997-01-01,2.20114313510882
United Kingdom,1998-01-01,1.82056163731557
United Kingdom,1999-01-01,1.7529508005142
United Kingdom,2000-01-01,1.18295624210408
United Kingdom,2001-01-01,1.53234960272418
United Kingdom,2002-01-01,1.52040245947455
United Kingdom,2003-01-01,1.37650038542013
United Kingdom,2004-01-01,1.39039756680422
United Kingdom,2005-01-01,2.0891364902507
United Kingdom,2006-01-01,2.4556616643929
United Kingdom,2007-01-01,2.38656150773327
United Kingdom,2008-01-01,3.52140856342539
United Kingdom,2009-01-01,1.96173173560109
United Kingdom,2010-01-01,2.49265472467065
United Kingdom,2011-01-01,3.8561124468282
United Kingdom,2012-01-01,2.5732347965453
United Kingdom,2013-01-01,2.29166666666659
United Kingdom,2014-01-01,1.45112016293279
United Kingdom,2015-01-01,0.36804684232536
United Kingdom,2016-01-01,1.0084173681141
United Kingdom,2017-01-01,2.55775577557747
United Kingdom,2018-01-01,2.29283990345938
United Kingdom,2019-01-01,1.73810460086513
United Kingdom,2020-01-01,0.989486703772491
United Kingdom,2021-01-01,2.51837109614213
United Kingdom,2022-01-01,7.92204883147902
United Kingdom,2023-01-01,6.79396706793963
United Kingdom,2024-01-01,3.2715729463592
United States,1980-01-01,13.5492019749684
United States,1981-01-01,10.3347153402771
United States,1982-01-01,6.13142700027493
United States,1983-01-01,3.21243523316065
United States,1984-01-01,4.30053547523429
United States,1985-01-01,3.54564415209365
United States,1986-01-01,1.89804772234276
United States,1987-01-01,3.6645632175169
United States,1988-01-01,4.07774110744413
United States,1989-01-01,4.82700303008944
United States,1990-01-01,5.39795643990325
United States,1991-01-01,4.23496396453849
United States,1992-01-01,3.02881967814969
United States,1993-01-01,2.95165696638559
United States,1994-01-01,2.60744159215453
United States,1995-01-01,2.80541968853662
United States,1996-01-01,2.93120419993441
United States,1997-01-01,2.33768993730735
United States,1998-01-01,1.55227909874364
United States,1999-01-01,2.18802719697358
United States,2000-01-01,3.37685727149929
United States,2001-01-01,2.82617111885407
United States,2002-01-01,1.58603162650601
United States,2003-01-01,2.27009497336115
United States,2004-01-01,2.67723669309172
United States,2005-01-01,3.3927468454955
United States,2006-01-01,3.22594410070404
United States,2007-01-01,2.85267248150138
United States,2008-01-01,3.839100296651
United States,2009-01-01,-0.355546266299747
United States,2010-01-01,1.6400434423899
United States,2011-01-01,3.156841568622
United States,2012-01-01,2.06933726526067
United States,2013-01-01,1.46483265562717
United States,2014-01-01,1.62222297740817
United States,2015-01-01,0.118627135552451
United States,2016-01-01,1.26158320570536
United States,2017-01-01,2.13011000365961
United States,2018-01-01,2.44258329692817
United States,2019-01-01,1.81221007526021
United States,2020-01-01,1.23358439630629
United States,2021-01-01,4.69785886363742
United States,2022-01-01,8.00279982052121
United States,2023-01-01,4.11633838374488
United States,2024-01-01,2.94952520485207
Upper middle income,1980-01-01,
Upper middle income,1981-01-01,
Upper middle income,1982-01-01,
Upper middle income,1983-01-01,
Upper middle income,1984-01-01,
Upper middle income,1985-01-01,
Upper middle income,1986-01-01,
Upper middle income,1987-01-01,
Upper middle income,1988-01-01,
Upper middle income,1989-01-01,
Upper middle income,1990-01-01,
Upper middle income,1991-01-01,
Upper middle income,1992-01-01,
Upper middle income,1993-01-01,
Upper middle income,1994-01-01,
Upper middle income,1995-01-01,
Upper middle income,1996-01-01,
Upper middle income,1997-01-01,
Upper middle income,1998-01-01,
Upper middle income,1999-01-01,
Upper middle income,2000-01-01,
Upper middle income,2001-01-01,
Upper middle income,2002-01-01,
Upper middle income,2003-01-01,
Upper middle income,2004-01-01,
Upper middle income,2005-01-01,
Upper middle income,2006-01-01,
Upper middle income,2007-01-01,
Upper middle income,2008-01-01,
Upper middle income,2009-01-01,
Upper middle income,2010-01-01,
Upper middle income,2011-01-01,
Upper middle income,2012-01-01,
Upper middle income,2013-01-01,
Upper middle income,2014-01-01,
Upper middle income,2015-01-01,
Upper middle income,2016-01-01,
Upper middle income,2017-01-01,
Upper middle income,2018-01-01,
Upper middle income,2019-01-01,
Upper middle income,2020-01-01,
Upper middle income,2021-01-01,
Upper middle income,2022-01-01,
Upper middle income,2023-01-01,
Upper middle income,2024-01-01,
Uruguay,1980-01-01,63.4758304314673
Uruguay,1981-01-01,34.0453358609474
Uruguay,1982-01-01,18.9925012952182
Uruguay,1983-01-01,49.1973796505637
Uruguay,1984-01-01,55.3044235418763
Uruguay,1985-01-01,72.2225644287756
Uruguay,1986-01-01,76.3806364119544
Uruguay,1987-01-01,63.5666624326724
Uruguay,1988-01-01,62.1919564596004
Uruguay,1989-01-01,80.4474367280735
Uruguay,1990-01-01,112.525905573023
Uruguay,1991-01-01,101.971683202507
Uruguay,1992-01-01,68.4591938395374
Uruguay,1993-01-01,54.1007924425194
Uruguay,1994-01-01,44.7360421521933
Uruguay,1995-01-01,42.2483197983755
Uruguay,1996-01-01,28.3420486004309
Uruguay,1997-01-01,19.8188093183779
Uruguay,1998-01-01,10.8110703055616
Uruguay,1999-01-01,5.65868803927908
Uruguay,2000-01-01,4.76382472733251
Uruguay,2001-01-01,4.3593406521727
Uruguay,2002-01-01,13.9724725913515
Uruguay,2003-01-01,19.3797301743995
Uruguay,2004-01-01,9.15760507540997
Uruguay,2005-01-01,4.6992773903564
Uruguay,2006-01-01,6.39764974385131
Uruguay,2007-01-01,8.11464561179313
Uruguay,2008-01-01,7.87707374730888
Uruguay,2009-01-01,7.06221874388574
Uruguay,2010-01-01,6.69870886978132
Uruguay,2011-01-01,8.0928320630299
Uruguay,2012-01-01,8.09776580573602
Uruguay,2013-01-01,8.57513504005397
Uruguay,2014-01-01,8.87735333229828
Uruguay,2015-01-01,8.66626987079328
Uruguay,2016-01-01,9.6394134763508
Uruguay,2017-01-01,6.2180938256186
Uruguay,2018-01-01,7.60653360377047
Uruguay,2019-01-01,7.88198870879619
Uruguay,2020-01-01,9.75640636078194
Uruguay,2021-01-01,7.74791402314762
Uruguay,2022-01-01,9.10437983075437
Uruguay,2023-01-01,5.86910359896119
Uruguay,2024-01-01,4.84914366613156
Uzbekistan,1980-01-01,
Uzbekistan,1981-01-01,
Uzbekistan,1982-01-01,
Uzbekistan,1983-01-01,
Uzbekistan,1984-01-01,
Uzbekistan,1985-01-01,
Uzbekistan,1986-01-01,
Uzbekistan,1987-01-01,
Uzbekistan,1988-01-01,
Uzbekistan,1989-01-01,
Uzbekistan,1990-01-01,
Uzbekistan,1991-01-01,
Uzbekistan,1992-01-01,
Uzbekistan,1993-01-01,
Uzbekistan,1994-01-01,
Uzbekistan,1995-01-01,
Uzbekistan,1996-01-01,
Uzbekistan,1997-01-01,
Uzbekistan,1998-01-01,
Uzbekistan,1999-01-01,
Uzbekistan,2000-01-01,
Uzbekistan,2001-01-01,
Uzbekistan,2002-01-01,
Uzbekistan,2003-01-01,
Uzbekistan,2004-01-01,
Uzbekistan,2005-01-01,
Uzbekistan,2006-01-01,
Uzbekistan,2007-01-01,
Uzbekistan,2008-01-01,
Uzbekistan,2009-01-01,
Uzbekistan,2010-01-01,
Uzbekistan,2011-01-01,13.7797446476602
Uzbekistan,2012-01-01,13.2088026688373
Uzbekistan,2013-01-01,11.8414333622049
Uzbekistan,2014-01-01,9.28309356162695
Uzbekistan,2015-01-01,8.75188196737508
Uzbekistan,2016-01-01,8.130886695236
Uzbekistan,2017-01-01,13.8757425441635
Uzbekistan,2018-01-01,17.5241796514055
Uzbekistan,2019-01-01,14.5257359560687
Uzbekistan,2020-01-01,12.8677297362606
Uzbekistan,2021-01-01,10.8492397508122
Uzbekistan,2022-01-01,11.4466436998836
Uzbekistan,2023-01-01,9.95659071258018
Uzbekistan,2024-01-01,9.62825465956682
Vanuatu,1980-01-01,11.2401493156364
Vanuatu,1981-01-01,26.8456375838928
Vanuatu,1982-01-01,6.67254556143448
Vanuatu,1983-01-01,1.65334802976032
Vanuatu,1984-01-01,5.5164001084304
Vanuatu,1985-01-01,1.06615285806043
Vanuatu,1986-01-01,4.76614133197763
Vanuatu,1987-01-01,16.0393950052762
Vanuatu,1988-01-01,8.76023037284009
Vanuatu,1989-01-01,7.74804905239702
Vanuatu,1990-01-01,4.7594412829797
Vanuatu,1991-01-01,6.46913580246914
Vanuatu,1992-01-01,4.0584415584416
Vanuatu,1993-01-01,3.56585691999116
Vanuatu,1994-01-01,2.30256079190869
Vanuatu,1995-01-01,2.22970130416487
Vanuatu,1996-01-01,0.906344410876219
Vanuatu,1997-01-01,2.83070223189979
Vanuatu,1998-01-01,3.28215987294863
Vanuatu,1999-01-01,1.99897488467452
Vanuatu,2000-01-01,2.53768844221106
Vanuatu,2001-01-01,3.57755452095074
Vanuatu,2002-01-01,1.96356754199195
Vanuatu,2003-01-01,3.01624129930394
Vanuatu,2004-01-01,1.41891891891893
Vanuatu,2005-01-01,1.19920053297801
Vanuatu,2006-01-01,2.04081632653062
Vanuatu,2007-01-01,3.93548387096774
Vanuatu,2008-01-01,4.84171322160149
Vanuatu,2009-01-01,4.29706572955357
Vanuatu,2010-01-01,2.76269469477348
Vanuatu,2011-01-01,0.8737931047811
Vanuatu,2012-01-01,1.34740362877658
Vanuatu,2013-01-01,1.45893371757921
Vanuatu,2014-01-01,0.798863838097023
Vanuatu,2015-01-01,2.48326875660439
Vanuatu,2016-01-01,0.842069084035061
Vanuatu,2017-01-01,3.08452624403546
Vanuatu,2018-01-01,2.33096379566866
Vanuatu,2019-01-01,2.76252019386111
Vanuatu,2020-01-01,5.32935073101715
Vanuatu,2021-01-01,2.34328358208953
Vanuatu,2022-01-01,6.67930581887121
Vanuatu,2023-01-01,11.1825017088175
Vanuatu,2024-01-01,
"Venezuela, RB",1980-01-01,
"Venezuela, RB",1981-01-01,
"Venezuela, RB",1982-01-01,
"Venezuela, RB",1983-01-01,
"Venezuela, RB",1984-01-01,
"Venezuela, RB",1985-01-01,
"Venezuela, RB",1986-01-01,
"Venezuela, RB",1987-01-01,
"Venezuela, RB",1988-01-01,
"Venezuela, RB",1989-01-01,
"Venezuela, RB",1990-01-01,
"Venezuela, RB",1991-01-01,
"Venezuela, RB",1992-01-01,
"Venezuela, RB",1993-01-01,
"Venezuela, RB",1994-01-01,
"Venezuela, RB",1995-01-01,
"Venezuela, RB",1996-01-01,
"Venezuela, RB",1997-01-01,
"Venezuela, RB",1998-01-01,
"Venezuela, RB",1999-01-01,
"Venezuela, RB",2000-01-01,
"Venezuela, RB",2001-01-01,
"Venezuela, RB",2002-01-01,
"Venezuela, RB",2003-01-01,
"Venezuela, RB",2004-01-01,
"Venezuela, RB",2005-01-01,
"Venezuela, RB",2006-01-01,
"Venezuela, RB",2007-01-01,
"Venezuela, RB",2008-01-01,
"Venezuela, RB",2009-01-01,27.080941446613
"Venezuela, RB",2010-01-01,28.1874647092039
"Venezuela, RB",2011-01-01,26.0902123160959
"Venezuela, RB",2012-01-01,21.0689956331876
"Venezuela, RB",2013-01-01,40.6394275161589
"Venezuela, RB",2014-01-01,62.1686499794829
"Venezuela, RB",2015-01-01,121.738085297503
"Venezuela, RB",2016-01-01,254.948534781816
"Venezuela, RB",2017-01-01,
"Venezuela, RB",2018-01-01,
"Venezuela, RB",2019-01-01,
"Venezuela, RB",2020-01-01,
"Venezuela, RB",2021-01-01,
"Venezuela, RB",2022-01-01,
"Venezuela, RB",2023-01-01,
"Venezuela, RB",2024-01-01,
Viet Nam,1980-01-01,
Viet Nam,1981-01-01,
Viet Nam,1982-01-01,
Viet Nam,1983-01-01,
Viet Nam,1984-01-01,
Viet Nam,1985-01-01,
Viet Nam,1986-01-01,
Viet Nam,1987-01-01,
Viet Nam,1988-01-01,
Viet Nam,1989-01-01,
Viet Nam,1990-01-01,
Viet Nam,1991-01-01,
Viet Nam,1992-01-01,
Viet Nam,1993-01-01,
Viet Nam,1994-01-01,
Viet Nam,1995-01-01,
Viet Nam,1996-01-01,5.67499999999994
Viet Nam,1997-01-01,3.20952606261374
Viet Nam,1998-01-01,7.2661980440096
Viet Nam,1999-01-01,4.11710235771736
Viet Nam,2000-01-01,-1.71033727851109
Viet Nam,2001-01-01,-0.43154451172818
Viet Nam,2002-01-01,3.83082838168467
Viet Nam,2003-01-01,3.23464817293927
Viet Nam,2004-01-01,7.75494748709601
Viet Nam,2005-01-01,8.28457243128677
Viet Nam,2006-01-01,7.41801715108463
Viet Nam,2007-01-01,8.34444889773837
Viet Nam,2008-01-01,23.1154483474477
Viet Nam,2009-01-01,6.71698269988629
Viet Nam,2010-01-01,9.20746648778413
Viet Nam,2011-01-01,18.6777322770707
Viet Nam,2012-01-01,9.09470339557192
Viet Nam,2013-01-01,6.59267475899192
Viet Nam,2014-01-01,4.08455446637617
Viet Nam,2015-01-01,0.631200905175754
Viet Nam,2016-01-01,2.66824816969082
Viet Nam,2017-01-01,3.52025688811617
Viet Nam,2018-01-01,3.53962805942641
Viet Nam,2019-01-01,2.7958236745225
Viet Nam,2020-01-01,3.22093436652514
Viet Nam,2021-01-01,1.83471554810444
Viet Nam,2022-01-01,3.15650749963129
Viet Nam,2023-01-01,3.25289282667662
Viet Nam,2024-01-01,3.62109273885843
Virgin Islands (U.S.),1980-01-01,
Virgin Islands (U.S.),1981-01-01,
Virgin Islands (U.S.),1982-01-01,
Virgin Islands (U.S.),1983-01-01,
Virgin Islands (U.S.),1984-01-01,
Virgin Islands (U.S.),1985-01-01,
Virgin Islands (U.S.),1986-01-01,
Virgin Islands (U.S.),1987-01-01,
Virgin Islands (U.S.),1988-01-01,
Virgin Islands (U.S.),1989-01-01,
Virgin Islands (U.S.),1990-01-01,
Virgin Islands (U.S.),1991-01-01,
Virgin Islands (U.S.),1992-01-01,
Virgin Islands (U.S.),1993-01-01,
Virgin Islands (U.S.),1994-01-01,
Virgin Islands (U.S.),1995-01-01,
Virgin Islands (U.S.),1996-01-01,
Virgin Islands (U.S.),1997-01-01,
Virgin Islands (U.S.),1998-01-01,
Virgin Islands (U.S.),1999-01-01,
Virgin Islands (U.S.),2000-01-01,
Virgin Islands (U.S.),2001-01-01,
Virgin Islands (U.S.),2002-01-01,
Virgin Islands (U.S.),2003-01-01,
Virgin Islands (U.S.),2004-01-01,
Virgin Islands (U.S.),2005-01-01,
Virgin Islands (U.S.),2006-01-01,
Virgin Islands (U.S.),2007-01-01,
Virgin Islands (U.S.),2008-01-01,
Virgin Islands (U.S.),2009-01-01,
Virgin Islands (U.S.),2010-01-01,
Virgin Islands (U.S.),2011-01-01,
Virgin Islands (U.S.),2012-01-01,
Virgin Islands (U.S.),2013-01-01,
Virgin Islands (U.S.),2014-01-01,
Virgin Islands (U.S.),2015-01-01,
Virgin Islands (U.S.),2016-01-01,
Virgin Islands (U.S.),2017-01-01,
Virgin Islands (U.S.),2018-01-01,
Virgin Islands (U.S.),2019-01-01,
Virgin Islands (U.S.),2020-01-01,
Virgin Islands (U.S.),2021-01-01,
Virgin Islands (U.S.),2022-01-01,
Virgin Islands (U.S.),2023-01-01,
Virgin Islands (U.S.),2024-01-01,
West Bank and Gaza,1980-01-01,
West Bank and Gaza,1981-01-01,
West Bank and Gaza,1982-01-01,
West Bank and Gaza,1983-01-01,
West Bank and Gaza,1984-01-01,
West Bank and Gaza,1985-01-01,
West Bank and Gaza,1986-01-01,
West Bank and Gaza,1987-01-01,
West Bank and Gaza,1988-01-01,
West Bank and Gaza,1989-01-01,
West Bank and Gaza,1990-01-01,
West Bank and Gaza,1991-01-01,
West Bank and Gaza,1992-01-01,
West Bank and Gaza,1993-01-01,
West Bank and Gaza,1994-01-01,
West Bank and Gaza,1995-01-01,
West Bank and Gaza,1996-01-01,
West Bank and Gaza,1997-01-01,7.08700591205709
West Bank and Gaza,1998-01-01,5.57964505838268
West Bank and Gaza,1999-01-01,5.54439180368747
West Bank and Gaza,2000-01-01,2.79819892435758
West Bank and Gaza,2001-01-01,1.22278475878898
West Bank and Gaza,2002-01-01,5.70951585976626
West Bank and Gaza,2003-01-01,4.40303221730888
West Bank and Gaza,2004-01-01,3.00417498638593
West Bank and Gaza,2005-01-01,4.10725070715931
West Bank and Gaza,2006-01-01,3.84234125624782
West Bank and Gaza,2007-01-01,1.85974379351111
West Bank and Gaza,2008-01-01,9.88999788691849
West Bank and Gaza,2009-01-01,2.75393485083151
West Bank and Gaza,2010-01-01,3.74915727597096
West Bank and Gaza,2011-01-01,2.8772435849594
West Bank and Gaza,2012-01-01,2.77908768282492
West Bank and Gaza,2013-01-01,1.72439933626931
West Bank and Gaza,2014-01-01,1.73298510037447
West Bank and Gaza,2015-01-01,1.43161145810476
West Bank and Gaza,2016-01-01,-0.219106604907316
West Bank and Gaza,2017-01-01,0.212570934228881
West Bank and Gaza,2018-01-01,-0.195107773730735
West Bank and Gaza,2019-01-01,1.58018333639455
West Bank and Gaza,2020-01-01,-0.735332001092191
West Bank and Gaza,2021-01-01,1.23748102831369
West Bank and Gaza,2022-01-01,3.74122391852077
West Bank and Gaza,2023-01-01,5.87110177678988
West Bank and Gaza,2024-01-01,53.6691458303782
World,1980-01-01,
World,1981-01-01,
World,1982-01-01,
World,1983-01-01,
World,1984-01-01,
World,1985-01-01,
World,1986-01-01,
World,1987-01-01,
World,1988-01-01,
World,1989-01-01,
World,1990-01-01,
World,1991-01-01,
World,1992-01-01,
World,1993-01-01,
World,1994-01-01,
World,1995-01-01,
World,1996-01-01,
World,1997-01-01,
World,1998-01-01,
World,1999-01-01,
World,2000-01-01,
World,2001-01-01,
World,2002-01-01,
World,2003-01-01,
World,2004-01-01,
World,2005-01-01,
World,2006-01-01,
World,2007-01-01,
World,2008-01-01,
World,2009-01-01,
World,2010-01-01,
World,2011-01-01,
World,2012-01-01,
World,2013-01-01,
World,2014-01-01,
World,2015-01-01,
World,2016-01-01,
World,2017-01-01,
World,2018-01-01,
World,2019-01-01,
World,2020-01-01,
World,2021-01-01,
World,2022-01-01,
World,2023-01-01,
World,2024-01-01,
"Yemen, Rep.",1980-01-01,
"Yemen, Rep.",1981-01-01,
"Yemen, Rep.",1982-01-01,
"Yemen, Rep.",1983-01-01,
"Yemen, Rep.",1984-01-01,
"Yemen, Rep.",1985-01-01,
"Yemen, Rep.",1986-01-01,
"Yemen, Rep.",1987-01-01,
"Yemen, Rep.",1988-01-01,
"Yemen, Rep.",1989-01-01,
"Yemen, Rep.",1990-01-01,
"Yemen, Rep.",1991-01-01,36.0
"Yemen, Rep.",1992-01-01,29.4117647058824
"Yemen, Rep.",1993-01-01,35.7522980164491
"Yemen, Rep.",1994-01-01,49.3941553813254
"Yemen, Rep.",1995-01-01,55.0811068702292
"Yemen, Rep.",1996-01-01,30.7337332718043
"Yemen, Rep.",1997-01-01,2.17672667372646
"Yemen, Rep.",1998-01-01,5.9765085214186
"Yemen, Rep.",1999-01-01,8.66021949364346
"Yemen, Rep.",2000-01-01,4.58999999999981
"Yemen, Rep.",2001-01-01,11.9115912929855
"Yemen, Rep.",2002-01-01,12.2385339389711
"Yemen, Rep.",2003-01-01,10.8323607023242
"Yemen, Rep.",2004-01-01,12.5150951495207
"Yemen, Rep.",2005-01-01,11.8112639374949
"Yemen, Rep.",2006-01-01,10.8447986914257
"Yemen, Rep.",2007-01-01,7.9051177898873
"Yemen, Rep.",2008-01-01,18.9762574318076
"Yemen, Rep.",2009-01-01,5.40776098077522
"Yemen, Rep.",2010-01-01,11.1748338605044
"Yemen, Rep.",2011-01-01,19.5435617131144
"Yemen, Rep.",2012-01-01,9.88538714484871
"Yemen, Rep.",2013-01-01,10.9684421500198
"Yemen, Rep.",2014-01-01,8.10472583623915
"Yemen, Rep.",2015-01-01,
"Yemen, Rep.",2016-01-01,
"Yemen, Rep.",2017-01-01,
"Yemen, Rep.",2018-01-01,
"Yemen, Rep.",2019-01-01,
"Yemen, Rep.",2020-01-01,
"Yemen, Rep.",2021-01-01,
"Yemen, Rep.",2022-01-01,
"Yemen, Rep.",2023-01-01,
"Yemen, Rep.",2024-01-01,
Zambia,1980-01-01,
Zambia,1981-01-01,
Zambia,1982-01-01,
Zambia,1983-01-01,
Zambia,1984-01-01,
Zambia,1985-01-01,
Zambia,1986-01-01,55.8282208588966
Zambia,1987-01-01,47.0472440944876
Zambia,1988-01-01,51.0040160642574
Zambia,1989-01-01,123.40425531915
Zambia,1990-01-01,107.023809523808
Zambia,1991-01-01,97.6423231742383
Zambia,1992-01-01,165.70652700999
Zambia,1993-01-01,183.312041464393
Zambia,1994-01-01,54.6013218413016
Zambia,1995-01-01,34.9295874166667
Zambia,1996-01-01,43.0730979982882
Zambia,1997-01-01,24.4187215689412
Zambia,1998-01-01,24.4584563516656
Zambia,1999-01-01,26.7876966790029
Zambia,2000-01-01,26.0304117888121
Zambia,2001-01-01,21.3937821792546
Zambia,2002-01-01,22.2333446430947
Zambia,2003-01-01,21.4015783901995
Zambia,2004-01-01,17.9677891087286
Zambia,2005-01-01,18.324439701174
Zambia,2006-01-01,9.01957247226486
Zambia,2007-01-01,10.6573496000153
Zambia,2008-01-01,12.4455793463192
Zambia,2009-01-01,13.3952546325895
Zambia,2010-01-01,8.50176133365265
Zambia,2011-01-01,6.4293968107234
Zambia,2012-01-01,6.57589970757698
Zambia,2013-01-01,6.97767605490307
Zambia,2014-01-01,7.80687553566333
Zambia,2015-01-01,10.1105928909618
Zambia,2016-01-01,17.8697300795268
Zambia,2017-01-01,6.57731154205644
Zambia,2018-01-01,7.4945719272852
Zambia,2019-01-01,9.15031644316296
Zambia,2020-01-01,15.7330604721369
Zambia,2021-01-01,22.0207676245777
Zambia,2022-01-01,10.9932039209136
Zambia,2023-01-01,10.884531691282
Zambia,2024-01-01,14.9856262747939
Zimbabwe,1980-01-01,
Zimbabwe,1981-01-01,
Zimbabwe,1982-01-01,
Zimbabwe,1983-01-01,
Zimbabwe,1984-01-01,
Zimbabwe,1985-01-01,
Zimbabwe,1986-01-01,
Zimbabwe,1987-01-01,
Zimbabwe,1988-01-01,
Zimbabwe,1989-01-01,
Zimbabwe,1990-01-01,
Zimbabwe,1991-01-01,
Zimbabwe,1992-01-01,
Zimbabwe,1993-01-01,
Zimbabwe,1994-01-01,
Zimbabwe,1995-01-01,
Zimbabwe,1996-01-01,
Zimbabwe,1997-01-01,
Zimbabwe,1998-01-01,
Zimbabwe,1999-01-01,
Zimbabwe,2000-01-01,
Zimbabwe,2001-01-01,
Zimbabwe,2002-01-01,
Zimbabwe,2003-01-01,
Zimbabwe,2004-01-01,
Zimbabwe,2005-01-01,
Zimbabwe,2006-01-01,
Zimbabwe,2007-01-01,
Zimbabwe,2008-01-01,
Zimbabwe,2009-01-01,
Zimbabwe,2010-01-01,3.02267002518892
Zimbabwe,2011-01-01,3.4661297281749
Zimbabwe,2012-01-01,3.72532666110646
Zimbabwe,2013-01-01,1.63495041543822
Zimbabwe,2014-01-01,-0.19778481012661
Zimbabwe,2015-01-01,-2.43096842383404
Zimbabwe,2016-01-01,-1.54366960054161
Zimbabwe,2017-01-01,0.893962316050027
Zimbabwe,2018-01-01,10.6188658669575
Zimbabwe,2019-01-01,255.304990757856
Zimbabwe,2020-01-01,557.201817362051
Zimbabwe,2021-01-01,98.5461050920624
Zimbabwe,2022-01-01,104.705170628667
Zimbabwe,2023-01-01,
Zimbabwe,2024-01-01,
